NAME,HASH,SIZE,ZIP_SIZE,SIMPLE_HASH
adamwarlock_rank3,806116DD9B7D99846999FD2E2EA1A30E,50636,49654,806116DD9B7D99846999FD2E2EA1A30E
agent_tokken,7E55EFACC1AA94D9CD74635B02CDB5F3,26457,25510,7E55EFACC1AA94D9CD74635B02CDB5F3
anim_abomination,2617F91005FBAFD6BA229172C3EF1F8B,1431704,1225714,4AE3A99DA936346F2AA52AF104B6465C
anim_adamwarlock,4443C07B6F3813E32C701508E2253A55,140218,119477,4443C07B6F3813E32C701508E2253A55
anim_ancientone,1D91197A6859772C8F76DFD3FE807C05,1260925,1082571,626EC9C5C0CCDEBDF3D7B79977EA5E82
anim_annihilus,A25C5DFA97D42CA566E8E8F46B777C53,399910,302711,A25C5DFA97D42CA566E8E8F46B777C53
anim_antiman,BB5E117D83D408F41CBF1A5A985617D6,655807,554976,3D6D0F3458084B3FB4C2877D04A44581
anim_antman,3484896CF145E44E4CA5C2D477F8497D,121052,100706,3484896CF145E44E4CA5C2D477F8497D
anim_apocalypse,A8BCA9DC020DE5F91AD7B2CD57B66E45,63212,50562,A8BCA9DC020DE5F91AD7B2CD57B66E45
anim_blackbolt,12902EBBC653995A6B67CA3B74E86539,233604,200908,12902EBBC653995A6B67CA3B74E86539
anim_blackknight,7A4314A7A263983004E6FA7E6D6573C2,228611,196862,7A4314A7A263983004E6FA7E6D6573C2
anim_blackpanther,AE891D608D55100E096CC0C232CBD061,614549,518636,2746C4E913FDCEFDCF663214C1DD27A3
anim_blackswan,54BC7BBD93AA6EFC1FFF4B9A4BA08ABE,310701,264200,54BC7BBD93AA6EFC1FFF4B9A4BA08ABE
anim_blackwidow,433B43818752888FF9EC6E6F0FC4227B,1418032,1211582,25906E423A7AE3893B6B6D870A99C9AE
anim_blade,0B18DA93F2C16933F63163115E450C69,775541,656412,2CCA29F7BCE583447F31AD273EABB0B7
anim_bluemarvel,EFF951D0A29DBC49F4C0675DBB003865,126222,108657,EFF951D0A29DBC49F4C0675DBB003865
anim_cable,A077B8770DA0E17E844991F682B18F4C,605067,516130,E01C36C1ED3120E13523C412BCF6A265
anim_captainamerica,6C156CA4FB9EBFAA68159E172B1F344C,805090,694711,1A623C11EAC544348E24F8A9F1C0C006
anim_captainmarvel,A3BBD9986BCE44A5AA54F90F03811AFC,841235,717586,F5D5CEC75F5CBE67F70308A79CE77109
anim_carnage,F9796B5DEAED23C2837D9AA65AD4AB5B,384780,328226,F9796B5DEAED23C2837D9AA65AD4AB5B
anim_cassandranova,574C121D1B93EEC28289D5B9A88D229E,144190,123271,574C121D1B93EEC28289D5B9A88D229E
anim_crescent,5925F085E84226F12172311052F871C2,778377,665725,8D16F3C4E00D1E14459F167AEAAB024F
anim_cyclops,EF12FF4FE1D8349E8E79A47B64F1B12D,407236,348594,EF12FF4FE1D8349E8E79A47B64F1B12D
anim_daken,4C56BD67B532163AA561F42919D50F66,305624,260680,4C56BD67B532163AA561F42919D50F66
anim_daredevil,15767B51D8CFCD5C459DDC44BACC06B4,497757,423557,15767B51D8CFCD5C459DDC44BACC06B4
anim_deadpool,80D07FB40512C318C3EB9A31387DD039,357966,303582,80D07FB40512C318C3EB9A31387DD039
anim_doctordoom,4F747E7FC028182BBD4E95740064AC15,135528,114218,4F747E7FC028182BBD4E95740064AC15
anim_doctorstrange,EEDA0777E9490F007DF939EB9AC4D97B,1422814,1193737,3F2F3386047D3E844A7EAEC8FE9198F3
anim_dormammu,9D0FF26650EC2265FEC9A2D1796D7D6F,123534,107924,9D0FF26650EC2265FEC9A2D1796D7D6F
anim_ebonymaw,717EC0B2A25DD4D64055764C1E4A3CE7,249158,210944,717EC0B2A25DD4D64055764C1E4A3CE7
anim_elektra,63E201B5A304C69D9BBD14203BB7CEA4,671477,569287,2D1C16886A8E0BDB1FBD0425C9C9451D
anim_emma,F6BA3A399D5E43A14BF6BB18121F9BF4,1084061,939677,D45D047F5C9250897E3776D0B64061F2
anim_enchantress,C9B8B3BD7F58BF89641AC9D5F5BA1B30,565437,484114,1F221A13039A1FD9D182CB439F87A4B7
anim_falcon,55FE457EB12F360F3876EEBE8010C016,441246,378086,55FE457EB12F360F3876EEBE8010C016
anim_galactus,5CC1B959FBF6B023CE8C2F5AD76855E7,20906,17516,5CC1B959FBF6B023CE8C2F5AD76855E7
anim_ghost,11E1B96709731E9CF0D8B55B64660B78,582342,490052,3A04B89468676880E0387150EF0AFB7A
anim_ghostrider,00CEB876C55954786A7B8CE7B075A18F,511679,437909,00CEB876C55954786A7B8CE7B075A18F
anim_gladiator,100AE308E805B3257F5B728AF5C8EE98,507034,435399,100AE308E805B3257F5B728AF5C8EE98
anim_gorr,2236D945F93A37074FB6BBB1E9FB21C8,736807,622186,8DF3DB99DB8778A76CB7218A057EDB0A
anim_greengoblin,9B06FE90E2BEEC9609700434B8A3CBBD,895809,767080,1B775C8C24183B52AEC2B6CEF398E109
anim_groot,AD9D5C69BC1472A776FB4E396E1E8EAB,2511557,2126446,A1699490B276AD4716E5667569CCA272
anim_gwenpool,66DB65E0BDE7B17B4035827AD303CCBE,812980,691386,BE2ABFA8F0BF3137FED64C0C3224804E
anim_hadespluto,4C241A4AB225D3621B6DA2F91CBA9403,147818,125973,4C241A4AB225D3621B6DA2F91CBA9403
anim_havok,C04909A24F79FE63C36FDA4F7D1C5E73,215401,182905,C04909A24F79FE63C36FDA4F7D1C5E73
anim_hawkeye,B51AF0AF643D2BE431B0EE5E700EC694,951545,814546,0298D2E920B0A7339C60D9828A789E04
anim_hela,4236CF25C9011EA39E5661E7D91B7CBD,423871,364294,4236CF25C9011EA39E5661E7D91B7CBD
anim_hercules,0B64A9F336C15021599B609B72B5E861,235077,195807,0B64A9F336C15021599B609B72B5E861
anim_hulk,EC7BB58984E60616927BFEE6611951CF,1485186,1265559,B730AD33DBDDA0D5D9101AE2756B01DA
anim_hyperion,B069F06646E4947AF6CFD260B87F3AE6,331918,282380,B069F06646E4947AF6CFD260B87F3AE6
anim_iceman,6F0821FCC913E1DC296450671BA1C82F,189507,163575,6F0821FCC913E1DC296450671BA1C82F
anim_ikaris,BB7799497BE7CD3580DA96D51E97F251,340225,290699,BB7799497BE7CD3580DA96D51E97F251
anim_ironman,DE966AB480C9AAB0AFEEE40C7122AE31,1210482,1039843,69B75D2AC9526B1AF1281D24CA2D5FB4
anim_janefoster,D3B05213958205AE9623DF934497CFC3,104395,88372,D3B05213958205AE9623DF934497CFC3
anim_jeangrey,DCE05841EB8D10A9CBB2F26443D0A633,969678,829697,C60771E4A10D5980D37ABFD4FDD6CA6F
anim_jeffthelandshark,36D4B57B5F2A2EFD4435EB284BF6B3A4,363854,310401,36D4B57B5F2A2EFD4435EB284BF6B3A4
anim_joaquintorres,E5797AD0B2D678A205853FDE3CB5CDD2,136924,116443,E5797AD0B2D678A205853FDE3CB5CDD2
anim_kamalakhan,F5DB28AF1AF473546DDD37BC5783CCA0,1063813,914415,F8EED7BF32422FA432790B79FD93C456
anim_kang,1C843B151EC7D07A23F12A0815774411,223912,189455,1C843B151EC7D07A23F12A0815774411
anim_kingpin,1EB4D5BD6EA27D448DE549C9FCFC9FD9,274633,238292,1EB4D5BD6EA27D448DE549C9FCFC9FD9
anim_kittypryde,BA9259223C7C42D54E1B0E12E01116DE,611344,510033,8FF9351680781B03EF4EA49EA29892A3
anim_knull,9D71B362010D40E0F438D5FA0D6BD219,168145,139979,9D71B362010D40E0F438D5FA0D6BD219
anim_leader,532FFAD033F20D48BEA598248B156434,114872,98544,532FFAD033F20D48BEA598248B156434
anim_loki,C63C7326B4DDC54E930DDC3632E5426D,299793,256377,C63C7326B4DDC54E930DDC3632E5426D
anim_lunasnow,FDF6BF231F6C66DF498CBC4CF9E47116,352825,306832,FDF6BF231F6C66DF498CBC4CF9E47116
anim_madelynepryor,125C38F3ACF84A874099B379B3C420FF,489297,420972,125C38F3ACF84A874099B379B3C420FF
anim_magik,DE86704F5EDE37BD6CDE60586DCB9C44,1074691,918092,089FF96C22591E93F5A4B0F858E91009
anim_magneto,5DC954EDCE7D18C0C42FEE62C7C1C0DA,364733,314074,5DC954EDCE7D18C0C42FEE62C7C1C0DA
anim_marvelboy,485C68280589BCC335AA6D0589EFFA05,117472,99960,485C68280589BCC335AA6D0589EFFA05
anim_mephisto,11A23A5E3FCF7985A19663D41D7EC6F8,176949,151640,11A23A5E3FCF7985A19663D41D7EC6F8
anim_milesmorales,DD536F8FF68A0A859EB1B03DBB542E94,2812436,2386181,27382BFAE1ABF00BE221D90AE0E3B705
anim_misterfantastic,303921759FF7F5676622400DB893A2B3,686052,586276,A6DB0081B897A0633611F02B6C5B14F0
anim_modok,29C1B4C28B29204875A24BDF5F61DE95,683661,585911,4E284D93818C31757E26F8316F029090
anim_moleculeman,1F6A1B9FEC1DF4235305964681225CF9,187529,160523,1F6A1B9FEC1DF4235305964681225CF9
anim_morganlefay,826ABC8C0738FD372430C68DB9D34E4F,440679,378115,826ABC8C0738FD372430C68DB9D34E4F
anim_morph,F5E8D8374D36FE4C6A315664663BB10A,25202,18709,F5E8D8374D36FE4C6A315664663BB10A
anim_namor,48C8E481A152FB71879DF5710D6C0274,73017,63607,48C8E481A152FB71879DF5710D6C0274
anim_nickfury,48565E7440A86A2896622786BDE760C7,353817,305427,48565E7440A86A2896622786BDE760C7
anim_nicominoru,3E9A301EEE7BDE9910B20B4B0F115D33,304091,261139,3E9A301EEE7BDE9910B20B4B0F115D33
anim_odin,F0A21AA3D7B4552102D0DFAFF76CC76D,544994,452731,C4C54B2214E3BE4F49A777DB69519FFB
anim_okoye,69C34AD6DACB855BBE1EF74EE50DDEB5,365639,307965,69C34AD6DACB855BBE1EF74EE50DDEB5
anim_omegared,9BF8A94726D3F9C9EE25C6744A2E1326,639265,539365,89DE4A2F3CEF6C9222272C79CAD4E7FA
anim_philcoulson,94C8A6BB3A271145C9B077D143316D96,734065,624469,712C8BC61A02EC93AFEA8165C4F2C186
anim_polaris,9F8AD054E3C93E435E6507F8D3B263D1,546780,466594,604F9DCFA3704783F6F05389FC8A46AD
anim_professorx,09A210787C9F32F043B37FB2ED2D8B71,53539,46305,09A210787C9F32F043B37FB2ED2D8B71
anim_proximamidnight,C2FF7A4FFC8132F236BA8062937DBD93,254057,203806,C2FF7A4FFC8132F236BA8062937DBD93
anim_punisher,7EE67EA0D071902975E07F061A8DA98E,1014076,877369,0F7B18C2C1194A542E999EFE3D97ABA7
anim_quicksilver,D936B94C14E0AD538D8E3A3D4776AEAD,542893,428206,A6FF8DA444F0C6E1225D7E43AF238527
anim_rocketraccoon,CFB5E79C9C4D8CF6B775063104CDA340,882359,745947,142002D28D24E8CA96BD3E51B5E8C679
anim_rogue,C43C67F182F789CDA24239F3442233B9,967173,814906,814B941E506D12EE20A3F7A94CD71743
anim_ronan,5DC10B54AD5DCAE9DFE406275567DB84,1059299,898840,F7D5999D7C05B1CDCA9B33265B46421B
anim_sabertooth,A6D6FC69E1B9338AA06E2B8EF646B990,452784,383454,A6D6FC69E1B9338AA06E2B8EF646B990
anim_scarletspider,95EA59FBD5D423942A91C49D6B594085,2217186,1883217,58DB992757DF87C64AFCDDDC75798FB0
anim_scarletwitch,D4E6B8E967C4C13397B159A75CF1C3ED,2348103,2003541,E5C3269CBF6798D648BFE72A71D7C60E
anim_sentinel,3A5D3E0A4B00A507D659081DE8602DBD,847194,715059,63C500629AD8EAA26C4C071BB660C101
anim_sentry,A6D8C2A1994D2B291775D7EB91D52435,794741,665999,2BEC420A85477073CE3C7EDC3A5D8403
anim_shallabal,CF33C153A65CD91880365D739D8DEA5F,96122,83378,CF33C153A65CD91880365D739D8DEA5F
anim_shangchi,B3424FE8129E73E40C08059C854B1D32,698581,587266,2B56587319692730B00846D7A0C3B7BA
anim_sharonrogers,2A843E8785FE140B38584F0538F25399,1213051,1031275,FA4EC828C737C47694BA5B217450D6F9
anim_shehulk,D016DB5A56DBAF9F835F13D38B28E9C5,611868,522051,F082171C551DFF6902AB992AEC5C4936
anim_shuri,4AD275CC1740F6563640C5841369E612,297992,256486,4AD275CC1740F6563640C5841369E612
anim_silversamurai,DB187ED8328A2A490BDA12ABABC58D25,193873,164719,DB187ED8328A2A490BDA12ABABC58D25
anim_silversurfer,35E499AAB702B54DABD56F2FACC39DDC,305208,260295,35E499AAB702B54DABD56F2FACC39DDC
anim_sin,84D45D7D735BC279422428F6E474693D,319658,273529,84D45D7D735BC279422428F6E474693D
anim_sleeper,3D7C59FBE5B7C619DFEAD0A449810937,135840,114809,3D7C59FBE5B7C619DFEAD0A449810937
anim_spiderman,6D30FFF89FDE4F6E78B2944C22BBDAB5,3004003,2551292,C9BB39A7D2C5169EF1CCF9D704AA21E1
anim_squirrelgirl,A9909F14AB52FCAA996D9C3BCD53D7D1,468998,390339,A9909F14AB52FCAA996D9C3BCD53D7D1
anim_starlord,62A318EF8550EA730DA8E640762BABF9,1313900,1119703,13933E32B70E2C1612D8E9526BE29769
anim_storm,4F2CDECF6E4394F3A0689569E8A56349,773152,666114,DB43B533FB3E05A949729FFD2C74CE10
anim_stryfe,B1529407496DA29723ACB61B1FFCFF89,536204,457346,B96666520F6D6A123DFAA425C02B6C0C
anim_sunspot,31DED308FEF640DF6ACD2BE404988FFE,90686,77729,31DED308FEF640DF6ACD2BE404988FFE
anim_sylvie,C0B05AF8E0F6D100207377FEB9A29D6C,185012,159197,C0B05AF8E0F6D100207377FEB9A29D6C
anim_taskmaster,905764D49A2CC18D3789049B1080113A,353621,304003,905764D49A2CC18D3789049B1080113A
anim_thane,A44E1C8739E4B5B2947758C74FB96E85,155223,131086,A44E1C8739E4B5B2947758C74FB96E85
anim_thanos,847667D2F257FDBFEB11364D80871815,569417,488135,A24A3FE999CBFAEA67074BBCBE0B60F2
anim_thehood,6717533F4DC358C62EC2B6955657E9D6,111881,93398,6717533F4DC358C62EC2B6955657E9D6
anim_thena,CC67D795E91E8B18E3FFAD43FF2F35B0,300610,258766,CC67D795E91E8B18E3FFAD43FF2F35B0
anim_thor,11A57CECDDCAD196229A1E7EC246D431,822374,703469,9B06554595B58DEE704A256F446F459E
anim_ultron,DC2E075D77225A45ECE3E1C8E53E041E,528425,439083,A4D6FE920B13E7EC68963A55B57A444D
anim_usagent,B23F232E43A79CEC46B9687597579317,157165,130885,B23F232E43A79CEC46B9687597579317
anim_venom,B461145894ADCD0720677AA2E1C5A0BC,738666,617981,C2E6F271DA6EC1341AAF6AC79200B881
anim_victorious,C63711F65CB707ADE69BD77225A37644,445089,375435,C63711F65CB707ADE69BD77225A37644
anim_vision,B11782F8CE2A9E1C9B3E05DEAC186DFF,209289,179994,B11782F8CE2A9E1C9B3E05DEAC186DFF
anim_warmachine,6BEA14AA6990155B935422F1857760BF,551362,474245,2C1FDE0A907EF31FDE0A8F4EDE3984FB
anim_wenwu,2A643C6CA0DF9DFBC7732D6D82F29546,748379,637545,B240A8CC2A7744ECCB1B377934803D03
anim_whitefox,10856FB6E275961E688A8F18677BFFD2,220892,186510,10856FB6E275961E688A8F18677BFFD2
anim_wintersoldier,4EA654C7FF6769D850720BC25050FDE7,488481,419189,4EA654C7FF6769D850720BC25050FDE7
anim_wolverine,143D7A05A7E88511F8704E80A70322ED,140601,121008,143D7A05A7E88511F8704E80A70322ED
anim_wong,6706AADDFA50C6181A959DD363BF8602,432049,374572,6706AADDFA50C6181A959DD363BF8602
anim_yondu,03E87D1B81948E238A7059DA40B6B859,589830,511590,3D56A25BFE6716B5EDADE6513A3C9AFB
anim_zeus,1207F12FF81F083E49BE3B4A14446705,157153,133858,1207F12FF81F083E49BE3B4A14446705
attend_gwenpool_6,5F96A68922D43A99ADC50CBBAB4A7FED,50589,49585,5F96A68922D43A99ADC50CBBAB4A7FED
awakening_kit_01,A94AAA9D17D7692C4853C641C027E766,46888,45445,A94AAA9D17D7692C4853C641C027E766
awakening_kit_03,FBCFDF352FD0DA5DBBC6D60ED9FFFDCD,25029,24031,FBCFDF352FD0DA5DBBC6D60ED9FFFDCD
bannerhomecoming,095E49F9A0233FF6A4AB2E54414B410C,53735,50600,095E49F9A0233FF6A4AB2E54414B410C
bannernewgoods,C8DE29385BFBB4A4B9E5E4ADB383E6E7,66551,65200,C8DE29385BFBB4A4B9E5E4ADB383E6E7
banneroneandone,5664D7F051497335BC9F37548E739CCA,66130,64343,5664D7F051497335BC9F37548E739CCA
banner_blackpanther,5F5A20F696E2A78EB5E709B7A507F691,61181,59841,5F5A20F696E2A78EB5E709B7A507F691
banner_infinitywar,7066924FA6784335CD7CD8D99751F0A6,67278,65733,7066924FA6784335CD7CD8D99751F0A6
banner_movieantman,DD6C7385C1CEA6195B9359D89ECA08A5,43274,42119,DD6C7385C1CEA6195B9359D89ECA08A5
banner_ragnarok,D3AAA8155460E04728D25EAA248819D2,67378,66131,D3AAA8155460E04728D25EAA248819D2
banner_ragnarok_02,C5EC30D27C106980D6C83A46B33C8AF1,66694,65400,C5EC30D27C106980D6C83A46B33C8AF1
banner_vote,864AEE076BC717EE66C1C1116CCEC033,67074,65854,864AEE076BC717EE66C1C1116CCEC033
bf_pack_01,7B17AAF1DBE75B15725BEEF1355853B7,48941,47902,7B17AAF1DBE75B15725BEEF1355853B7
bf_pack_02,55C745557A939406838BD11055CFDCFF,47879,46823,55C745557A939406838BD11055CFDCFF
bf_pack_03,0A93DB4BF3F59859DCC4B58E48580649,48237,47190,0A93DB4BF3F59859DCC4B58E48580649
bf_pack_04,283EBB85776D59A889E02D3C4D629620,48485,47398,283EBB85776D59A889E02D3C4D629620
bf_pack_05,46195D2F5436877086F692F1C10D4923,48799,47317,46195D2F5436877086F692F1C10D4923
bf_pack_06,784B8D6EB047C4EF8A743F1548DC22D3,49741,48535,784B8D6EB047C4EF8A743F1548DC22D3
bf_pack_07,BF467A756D800B7B32919C1909FB1FCF,48535,47442,BF467A756D800B7B32919C1909FB1FCF
bf_pack_08,1A53317FB51D2BDBDF95267B4AF6706A,37941,36820,1A53317FB51D2BDBDF95267B4AF6706A
bf_pack_09,016E416AAFA46E31BE37A1FB60A3F384,49178,48237,016E416AAFA46E31BE37A1FB60A3F384
bf_pack_10,86660AFB5E38E9D72E1B8F11A6AE9178,41381,40238,86660AFB5E38E9D72E1B8F11A6AE9178
bf_pack_11,45778235FBD2A88B44F9B1457CEF45D2,39407,38112,45778235FBD2A88B44F9B1457CEF45D2
bgm_arena_timelinebattle,856EFD2FF28F9E28A2B07D411B665369,595962,594975,19B1DD280A42852130797FE4575618C7
bgm_arena_villainsiege,F6FE3BE820BC8BE2DE1DB7948D8D10E9,756407,755133,7351759B7AEC6BA380501DD0E42C7AA1
bgm_lobby,DA3EC5B35315C92DDF55AEF22CA3C85F,1356806,1354026,1DA34FCDC546567377C778BDF3AE68FF
bgm_stage_alphaflight,36DC1947563F0FA50D85673836060D45,450964,450716,36DC1947563F0FA50D85673836060D45
bgm_stage_antman,46DC52E22327C956185480CA6AD1DD48,522001,521435,46DC52E22327C956185480CA6AD1DD48
bgm_stage_aos01,3B6AFCA7A546EFE8903270823BD67E8D,577218,574616,B31A3D8E325059443AB2C055CC0AFC9D
bgm_stage_aos02,09017C11D851C2F86B0581FA8EFD8BCC,639046,637790,F28316D27345D38154CA1C5F184DCE93
bgm_stage_asgard,A6ABCB1D2844E84CCC7D8B77A4A69D38,537794,536922,7ED13615AE28ADA424A1387E77D5894C
bgm_stage_battle_arena,235B657F05B8D2F8B30D3C01D098BD9A,461923,461555,235B657F05B8D2F8B30D3C01D098BD9A
bgm_stage_baxterbuilding,9E34464BE573FA765A78FFF39A660131,885527,885453,3213C4F7CD5ADC7E92DAD55DA1C7CA4D
bgm_stage_bifrost,E382197BB45FD6AD5B0FF62734863FF3,484397,483844,E382197BB45FD6AD5B0FF62734863FF3
bgm_stage_boss-alphaflight,F79197AB9F00EE627C4687CAB171E196,358757,358450,F79197AB9F00EE627C4687CAB171E196
bgm_stage_boss-aos01,BA108AF09E5DDB7138340F84746473AA,471536,471246,BA108AF09E5DDB7138340F84746473AA
bgm_stage_boss-aos02,000948B530AAB5331C711BA7EBD0B75B,476286,476062,000948B530AAB5331C711BA7EBD0B75B
bgm_stage_boss-downtown,6B537AFA69BB43F5DBA72379DFCE088C,339988,339878,6B537AFA69BB43F5DBA72379DFCE088C
bgm_stage_boss-fault,0F2A7632620A84BE7B7815B7C3F5BD2D,730982,729676,7172810426907CF6DCC28E8B0F1DA5AF
bgm_stage_boss-gog,D015BE35DD7D15C271E2583A51D19AE3,359501,358988,D015BE35DD7D15C271E2583A51D19AE3
bgm_stage_boss-jotunheim,CABEDE0F1A75EBF5B6B66DA7B838C8EF,493075,492674,CABEDE0F1A75EBF5B6B66DA7B838C8EF
bgm_stage_boss-laboratory,30243B3CA2C52F675C8F03331B49521C,422008,421663,30243B3CA2C52F675C8F03331B49521C
bgm_stage_boss-rooftop,7F22FC5222DA14191EBC78FA9BB829AF,369708,369560,7F22FC5222DA14191EBC78FA9BB829AF
bgm_stage_boss-slum,772D7325402F4014C71C55FE6928F148,373958,373871,772D7325402F4014C71C55FE6928F148
bgm_stage_boss-starktower,5F59FD1791D9BFC2C73DEB80009C1DB7,343385,343255,5F59FD1791D9BFC2C73DEB80009C1DB7
bgm_stage_boss-tiskerlion,B3CCA7B5FDE2E9438688F477B1FD8F31,299816,299657,B3CCA7B5FDE2E9438688F477B1FD8F31
bgm_stage_boss-warship,56D096E93A9C1B56A98AF417FA321AD8,396509,396050,56D096E93A9C1B56A98AF417FA321AD8
bgm_stage_boss_apocalypse,239E53A78FAC055BC7340EBF40D19E5C,298943,298794,239E53A78FAC055BC7340EBF40D19E5C
bgm_stage_boss_asgard,AAEB0E6109E0B61E41B1A6058FC155C6,352791,352533,AAEB0E6109E0B61E41B1A6058FC155C6
bgm_stage_boss_blackswan,768B927C707FD34DA2E73DF486A16695,654178,651771,F8CF59526108504ED05FAAC8CC481078
bgm_stage_boss_darkdimension,392580A44BBB82FBB93EFC1A89B20F92,474489,473261,392580A44BBB82FBB93EFC1A89B20F92
bgm_stage_boss_doctorstrange,7B60EF1F43875B722FA7A4B607CFC9E6,289480,289435,7B60EF1F43875B722FA7A4B607CFC9E6
bgm_stage_boss_hell,9B9C656C2E77C454E4FDFD17284E29E6,516516,514950,9B9C656C2E77C454E4FDFD17284E29E6
bgm_stage_boss_newatilan,E392D9BBF075C7F0F6E1268221A05579,340251,340048,E392D9BBF075C7F0F6E1268221A05579
bgm_stage_boss_orollan,56E78E696C92CAD0FAAC4B251D2CC39A,419122,418944,56E78E696C92CAD0FAAC4B251D2CC39A
bgm_stage_boss_shadow,756216634853400708CC00588314A8EF,313639,313103,756216634853400708CC00588314A8EF
bgm_stage_boss_shibuya,78B7DC5C5A41A714D6742F8F4958428E,421334,421032,78B7DC5C5A41A714D6742F8F4958428E
bgm_stage_boss_special-01,6A66B76F2A8CF20888AFC75777D1F310,310511,310377,6A66B76F2A8CF20888AFC75777D1F310
bgm_stage_boss_spire,E4A9DD16FF6F014DEEB7957B99391E15,403993,403671,E4A9DD16FF6F014DEEB7957B99391E15
bgm_stage_boss_xmansion,96FF09DE63A7C13BEBA389507B3B102B,266157,266090,96FF09DE63A7C13BEBA389507B3B102B
bgm_stage_boss_xmansion-01,A297596FCE4DE1FE173514F8CD9A783A,311426,311394,A297596FCE4DE1FE173514F8CD9A783A
bgm_stage_busan,DB35C8CCF37874A95703D07210FE132A,623792,623834,868842DAF5CAEB9A113552CD6E2D8B1D
bgm_stage_castledoom,B3C4B93E363F01C0D82636B4387E99B3,649729,649654,75F0DB9FA46CFFE2696F99276DB171ED
bgm_stage_cosmicgameroom,0752B31FEC08589DCD6FEE6D339E69A4,959643,957606,EBDAA3D7DC848647E000594E00D724DE
bgm_stage_dangerroom,E51DEC2EED5204B6F1EFC31EE3A2069D,757519,757301,ACD07A070A40D5CEF83A277F4B573D40
bgm_stage_doctorstrange-01,94153F4D94A5C5630E005F993EA640A1,450972,450199,94153F4D94A5C5630E005F993EA640A1
bgm_stage_doctorstrange-02,7150324A84E3589C3F2B5D0FBD741EF9,434742,434682,7150324A84E3589C3F2B5D0FBD741EF9
bgm_stage_downtown,CC27AB2B2803589E1EC2FA7258824AFB,656972,656219,3C8C39ADD2D89EFC0448AFE9629923F6
bgm_stage_endgame_titan,E00B75B3E52A20ED5BB62CD317BA7A66,838668,837984,F1BEE7028C9DED31D0B5486710C96AED
bgm_stage_event_pvp,119A9BFCC410619F5B221FE2E0E87BF5,627749,625878,92A71072E15246F08CDAC8E5F48140E7
bgm_stage_failed,63399E22F60B7800772324063408E0D1,473449,473330,63399E22F60B7800772324063408E0D1
bgm_stage_fault,AA5A31EC3ECB640129CEC976113C8E67,1429072,1426018,694A132F3EC5E61C17CB036A85900CE5
bgm_stage_gog,A0B6EB7D87EEF62E48D541A0052232D4,668594,668276,9AC1B2BE213A2E96ACFDF46B22DED40B
bgm_stage_grandmasters_battle_arena,7D730352330D7D43C08C400C490BC283,759370,757638,2AD0A3AF18F0DE1D82CA97E84B2F6DAE
bgm_stage_halloween,0C0737A2284546CEA9DD7C1AC53D6B71,640757,636590,C11DEC99D9A4F03766CE5E443479B1DA
bgm_stage_jotunheim,84C91F69E9F3146536363EAC082E60DB,571811,570999,74555730F4B8F98C389B1A6F61B7AA75
bgm_stage_laboratory,BFC4E87D01E864992DEF966DA2799FDA,593302,591942,EC0AE6ABE64606B4A238E15074FAEA85
bgm_stage_mission_complete,A76A705F77B2CFD8B4DB99FDAA97D0AD,704584,703577,3C6C9E6D2CD520DE95F80EE1D5E6B67A
bgm_stage_muspelheim,16E31DCA8633B75BBD65A9A47D68B8F6,558182,557118,A308FC6744981056615ECF5B846861D9
bgm_stage_newaltilan,A448DC17AA0CB8BC334C726E7EE23938,509927,509690,A448DC17AA0CB8BC334C726E7EE23938
bgm_stage_newasgard,273528A8A4787EE5C980F82214FF22C1,794706,792071,DFA79AC2A7547749565526ACA3A5A556
bgm_stage_palace_of_hades,6317EE008F437DCD16CC2C791C448C4A,1278272,1272941,F72EEB61E35351249DE074726D02F78E
bgm_stage_planet_debris,994C83227E3C85B3B5041FD14A9870F9,669789,669601,2883E44C9BBD94134DE677F950982DF4
bgm_stage_prague,76092AD7703A5269F18F1B1D9AACF03C,773630,772011,4CE2DEF91AAE60C9D6A3B6F5E910FEE0
bgm_stage_quantumanrealm,8BD7118DF8DB172676F8728BFD0B9F2C,758931,755837,8648029A3E4FDA60F4A5E05C7BF6E3CB
bgm_stage_raid001,EE5F5F7452DAE5158DFD6434926B6B6F,604723,603627,57C3EED4C1AC3A22B7D759EDDF3DF967
bgm_stage_raid002,B9F3FACCB8F464A643D6EBC7C183F5D9,600381,600023,23A46DAAEE044F653119D729A954245B
bgm_stage_raid_gorr,6E0C43446A50AD11E7D15849352AF0B3,763548,760758,7773F3BE787A32653A894ABEF54FBEF6
bgm_stage_raid_kang,1974225F30DF88A147855D3CFBBD66AA,710685,708999,533B3154985356C103306FC1C731D192
bgm_stage_rooftop,465E5A134A0D484E5F4EBC3CDBB63B0F,576975,576246,FE5AF30440B9207C4D1A947163534944
bgm_stage_sanctum_infinitum,0544FF7D03F6B03C037304EDDB2F0FB1,1180740,1175596,CE12626219987F17312AF586A955D518
bgm_stage_shadow,41CF6FE2FB010784B30BD629C9AEF7EA,569172,568784,7CC54F2AF74CDB4A5F2226ACD1A0AA97
bgm_stage_shadow_challenge,F20D1CEE001B2F3A9908B7C52FFF89CB,1726586,1724139,5461B2ADD474647D7A207A2B48C95EEE
bgm_stage_slum,F816893E746C3D4C7D07FDB35C0BF886,546259,544930,5E256EF5DB93ADD78C0709837EE909E5
bgm_stage_special-01,04DF2E64A83B70F2B8F4343A9AD62B26,515809,515409,04DF2E64A83B70F2B8F4343A9AD62B26
bgm_stage_starktower,77501480D6D87EFCC7495A910ECCF832,509590,509133,77501480D6D87EFCC7495A910ECCF832
bgm_stage_talocanil,5E5D3E23760AAFA55B69A1709E99BD27,788538,786387,CA35F1C88B0FCBE2AB1C87448C92131D
bgm_stage_tiskerlion,736DA0A7DDCC21E2ED0B5FFCD7F3F4F0,494179,493636,736DA0A7DDCC21E2ED0B5FFCD7F3F4F0
bgm_stage_venice,BC2AB75E311E5B36324448F76919AC75,773628,772014,3989AB374723F761F43C088B0B6091FC
bgm_stage_vibraniummine,E4AD821C89A739F12C68B3D6EB1D6A70,647296,647229,74A134502ECD85CF731135080D637713
bgm_stage_warship,D2DC9FF75708EED07B8032335BEAF4BB,892241,890880,2C62E10C27047AB7BCAD5D0E96BD85DB
bgm_stage_warzone,444078F2A894389374705CEF07C1A448,746325,744455,AC4BBA4252D68BDBC38213DD32FD811D
bgm_stage_xmansion,D701540784C54DC3DBED6D1C93906AA2,430647,430368,D701540784C54DC3DBED6D1C93906AA2
bundle_artifact_pick,A1D0EF0518DE70CF6FF55DB1BACA738A,36578,35590,A1D0EF0518DE70CF6FF55DB1BACA738A
bundle_artifact_select,1A43BB3E2E230D60BA23905475F130CE,35823,34760,1A43BB3E2E230D60BA23905475F130CE
bundle_assemble_1,7865FC4F62EE02163A0328E8CE466734,36423,35420,7865FC4F62EE02163A0328E8CE466734
bundle_card_1,ED16DDF1B24E2F10F2B68F6E48D2B713,36424,35353,ED16DDF1B24E2F10F2B68F6E48D2B713
bundle_card_10,0A46653FD06240C4D307892C0ACD4F07,36336,35292,0A46653FD06240C4D307892C0ACD4F07
bundle_card_fanho_1,4ADD9E252EDC9CDE6EEDCD177998B69D,35525,34473,4ADD9E252EDC9CDE6EEDCD177998B69D
bundle_card_fanho_10,D7B2B1C33548E30B090361A66B47A598,35559,34513,D7B2B1C33548E30B090361A66B47A598
bundle_chest_daily_support,BA196FF44F4B78A3034E92507667F26E,36565,35594,BA196FF44F4B78A3034E92507667F26E
bundle_emblem_chest,21C4C44DC463792943DE44A9E35952BB,36573,35475,21C4C44DC463792943DE44A9E35952BB
bundle_emblem_chest_10,A32EFF38819A0A2A01BE7490C400ABC0,36483,35406,A32EFF38819A0A2A01BE7490C400ABC0
bundle_hero_fanho_1,AEC2224DE300A2F1F64B3D9FAB8EF539,36469,35417,AEC2224DE300A2F1F64B3D9FAB8EF539
bundle_hero_fanho_10,8323D7F0CC14EEDD5706CC9F0E6065CC,36387,35365,8323D7F0CC14EEDD5706CC9F0E6065CC
bundle_hero_free,0D59FEDDF16A42CE8C64D20C08A7A675,36446,35402,0D59FEDDF16A42CE8C64D20C08A7A675
bundle_hero_premium1,CC02A2D125B75F27A01FE1B3DD5EF20A,36451,35362,CC02A2D125B75F27A01FE1B3DD5EF20A
bundle_hero_premium10,DCB44D21DB71B1BE64FC312160969BED,36360,35303,DCB44D21DB71B1BE64FC312160969BED
bundle_hero_premium5,2F2AEB6A575C3B65112569DB6D547121,36427,35377,2F2AEB6A575C3B65112569DB6D547121
bundle_iso6_fanho_1,70B0AB67BFD15331113BA49C9988AC50,36478,35476,70B0AB67BFD15331113BA49C9988AC50
bundle_iso6_fanho_10,E60B72B485BF57B338DF2587BFA9A53D,36437,35452,E60B72B485BF57B338DF2587BFA9A53D
bundle_iso_1,F56D95E9B766A161B4741961748FEA17,36453,35407,F56D95E9B766A161B4741961748FEA17
bundle_iso_10,FF36FC4E9E8BC9773EC67F60822244E4,36352,35345,FF36FC4E9E8BC9773EC67F60822244E4
bundle_iso_fanho_1,15520854D4D3CF8171D412D9A1F92641,36475,35459,15520854D4D3CF8171D412D9A1F92641
bundle_iso_fanho_10,3312490337BCD7C40C3A74FEBB971292,36439,35471,3312490337BCD7C40C3A74FEBB971292
bundle_jarvis_chest_1,C3BD2A86B236A0B668E41CEF2704FCE5,36406,35384,C3BD2A86B236A0B668E41CEF2704FCE5
bundle_jarvis_chest_10,DEF54A449155CD301B55DD5EA27E24B2,36352,35371,DEF54A449155CD301B55DD5EA27E24B2
bundle_pack_ctpcard_awaken,9C4B92E357CE59651ABB5F5EAC0E61AD,50546,49382,9C4B92E357CE59651ABB5F5EAC0E61AD
bundle_pack_ctpcard_awaken_2,2783016A9D61B9EB8E6AC242866472C0,44333,43254,2783016A9D61B9EB8E6AC242866472C0
bundle_pack_lite,CE33888A4A8FB54F891B363DF3DB5FFD,44832,43694,CE33888A4A8FB54F891B363DF3DB5FFD
bundle_pack_newyear_2021,1EACC52EDAA85840B0CA31C62B19D73B,51479,50378,1EACC52EDAA85840B0CA31C62B19D73B
bundle_pack_special_v660,13AA2F9A50FA5299C6CF63AE56151CBF,46577,45439,13AA2F9A50FA5299C6CF63AE56151CBF
bundle_pick_artifact_free,6698432FB2118EFC5D75802E1990BAC8,36539,35538,6698432FB2118EFC5D75802E1990BAC8
bundle_premiumcard_1,ECA2423C2D161123CF6EA2DB528DD8E5,36596,35560,ECA2423C2D161123CF6EA2DB528DD8E5
bundle_private_1,688BBF909FC461784A3126719ED01B93,36541,35520,688BBF909FC461784A3126719ED01B93
bundle_private_10,25DEEB7028B0B03CAE0965B867258180,36495,35491,25DEEB7028B0B03CAE0965B867258180
bundle_rune_1,A6B53C5B8181C01A3A1A79502096FDD6,36589,35595,A6B53C5B8181C01A3A1A79502096FDD6
bundle_rune_10,EE55011B7BF810AFF2EF2D10B03BC276,36498,35525,EE55011B7BF810AFF2EF2D10B03BC276
bundle_shop_v700_01,524F0731B86FC98C4727602C508E8B65,51615,50615,524F0731B86FC98C4727602C508E8B65
bundle_special_1,A70C48D32E0E3F94584B0341EBC9789A,36403,35315,A70C48D32E0E3F94584B0341EBC9789A
bundle_special_10,A5F15EFF3413B3B8A642069DE7FED721,36297,35250,A5F15EFF3413B3B8A642069DE7FED721
bundle_special_fanho_1,EA33C445F0D671FC5E0AE00D6BA0FC43,36456,35445,EA33C445F0D671FC5E0AE00D6BA0FC43
bundle_special_fanho_10,2F2CA73459D210074D6BD281A1090E66,36407,35429,2F2CA73459D210074D6BD281A1090E66
bundle_typekit_1,EC45F2C20BC3ACE82EBBEF420F4D9A38,36349,35300,EC45F2C20BC3ACE82EBBEF420F4D9A38
bundle_typekit_10,1A9B38CD3AA5277F4DCDF610B711C4CE,36281,35263,1A9B38CD3AA5277F4DCDF610B711C4CE
bundle_typekit_10_fanho,783494AAE0FDF8D75EC45D5B5CC77CAC,36826,35828,783494AAE0FDF8D75EC45D5B5CC77CAC
bundle_typekit_10_fanho_1,C05A355A770D20CEC5D713615E4E9527,36066,35081,C05A355A770D20CEC5D713615E4E9527
bundle_typekit_10_fanho_2,A065021E349BC1E39A6474540C07EB36,36083,35105,A065021E349BC1E39A6474540C07EB36
bundle_typekit_10_fanho_3,22687C61088C1E08BD117DFC9A510AC9,36050,35096,22687C61088C1E08BD117DFC9A510AC9
bundle_typekit_10_fanho_4,32C4900AE444BD3FF764B18599C793BE,36092,35117,32C4900AE444BD3FF764B18599C793BE
bundle_typekit_1_fanho,791AA85ACC15A9EFADB2A196D4F1C9FC,36511,35471,791AA85ACC15A9EFADB2A196D4F1C9FC
bundle_typekit_1_fanho_1,53FD000108D1CB4BD4D2B7C79591A9D0,36099,35111,53FD000108D1CB4BD4D2B7C79591A9D0
bundle_typekit_1_fanho_2,E1594EE4E5844D9308866C1231651E7E,36123,35118,E1594EE4E5844D9308866C1231651E7E
bundle_typekit_1_fanho_3,7CCA790C0884A8CCFAC82D7292638F11,36091,35090,7CCA790C0884A8CCFAC82D7292638F11
bundle_typekit_1_fanho_4,B1CEA8323FC60200DFEAA91E92EFE0BA,36137,35134,B1CEA8323FC60200DFEAA91E92EFE0BA
bundle_upgrade_advanced,081FDC513742AFD7A46FA35FAE96EFBB,46598,45506,081FDC513742AFD7A46FA35FAE96EFBB
bundle_uru_1,FDF311992134413EE469944059B3F53C,36421,35379,FDF311992134413EE469944059B3F53C
bundle_uru_10,FB111E769E1303AFC3D95F163E8DF248,36334,35295,FB111E769E1303AFC3D95F163E8DF248
bundle_uru_10_fanho,E16608099560FA92E66E4B3E20C419E4,35802,34883,E16608099560FA92E66E4B3E20C419E4
bundle_uru_1_fanho,3974BD89B3FFE1410A7FEB4F05B43CC2,36156,35197,3974BD89B3FFE1410A7FEB4F05B43CC2
chaos_gold_pack,DFAE2B41AD5522195480A0CA7B31E15C,22424,21754,DFAE2B41AD5522195480A0CA7B31E15C
chaos_gold_pack_token380,C9BFF70A8A1571687A8503F0FDFF3CEA,34548,33485,C9BFF70A8A1571687A8503F0FDFF3CEA
chest_ctp,735B5ABE899A3CB435F4FE353E27A451,31697,30417,735B5ABE899A3CB435F4FE353E27A451
chest_ctp_reforging,75EB41AEF1FFEDA9A5A6F851A54207B7,54857,53401,75EB41AEF1FFEDA9A5A6F851A54207B7
chest_daily_support,788D43D3010BF110BD4FA705E27AD542,26800,25894,788D43D3010BF110BD4FA705E27AD542
chest_glory,DD99FAF456346BBBA6E7D335A95B2A67,23066,22345,DD99FAF456346BBBA6E7D335A95B2A67
chest_marvel_80,8E508E5578A84E2508423DDB5BFFE056,24020,22886,8E508E5578A84E2508423DDB5BFFE056
chest_odin,22CEE3FC197B2E30664DD69FC242A95A,25325,24762,22CEE3FC197B2E30664DD69FC242A95A
cinematic_delux_pack_01,D92AF3BEF5675DC98210BC39983E2F7F,48491,47103,D92AF3BEF5675DC98210BC39983E2F7F
cinematic_delux_pack_02,B48BF590D0207D522B01E8ADFE51A292,48809,47525,B48BF590D0207D522B01E8ADFE51A292
cinematic_delux_pack_03,BDE926493BE889277A0518B2DB3ACA05,47720,46385,BDE926493BE889277A0518B2DB3ACA05
cinematic_delux_pack_04,FCACA92B94818FFD0E950CB4EDBA8533,46904,45755,FCACA92B94818FFD0E950CB4EDBA8533
cinematic_delux_pack_05,B9191CF59E11278EB2216BC81531D80C,47908,46740,B9191CF59E11278EB2216BC81531D80C
cinematic_delux_pack_06,D73076F820FD04B2CDEABAC026D37751,50778,49538,D73076F820FD04B2CDEABAC026D37751
drawbox1,DBF272ECE45869E501F18DDCCC978E52,36475,35417,DBF272ECE45869E501F18DDCCC978E52
drawbox2,F676E41E67CD6A625650B45476EFB1AA,36451,35406,F676E41E67CD6A625650B45476EFB1AA
dynamic_story_fan4_reward,97A0F70D1C8AD56D6942BCFFB4842989,37759,36669,97A0F70D1C8AD56D6942BCFFB4842989
dynamic_story_fan4_reward_plus,467541696CC3207DB4F721A00CF84595,30123,29272,467541696CC3207DB4F721A00CF84595
epic_darkavengers_pack_01,58E722BDECAA4CFF4570AB687AE727A5,29680,28846,58E722BDECAA4CFF4570AB687AE727A5
epic_darkavengers_pack_02,D4B65BC9CDE0F7B81066CD51519E2DD3,29721,28934,D4B65BC9CDE0F7B81066CD51519E2DD3
epic_darkavengers_pack_03,B408E4281E284ED1E8E4B3A259E2741A,29788,29017,B408E4281E284ED1E8E4B3A259E2741A
epic_darkavengers_pack_04,C1A2BADFBCACBC63AE0A51197EEAE301,29615,28759,C1A2BADFBCACBC63AE0A51197EEAE301
epic_darkavengers_pack_05,7A9428D67F2F6A63AC59C4F1308C8DE4,29661,28817,7A9428D67F2F6A63AC59C4F1308C8DE4
epic_deluxe_darkavengers_special,8027EDCB6E1FB978CFA4BE460F32EFFC,30620,29559,8027EDCB6E1FB978CFA4BE460F32EFFC
epic_deluxe_eternals01_special,A84369419318A9D8E0471128CEE0468D,30327,29153,A84369419318A9D8E0471128CEE0468D
epic_deluxe_eternals02_special,C4F93C7E81891E9C99C5A1014D632C2C,30332,29146,C4F93C7E81891E9C99C5A1014D632C2C
epic_deluxe_goblinqueen_special,E25E8426EB3D08F4C59A819F4DAB7594,29021,28014,E25E8426EB3D08F4C59A819F4DAB7594
epic_deluxe_immortalsofolympus_special,EDE8DC3A2A94D2F90C57C37A193EA3DE,29793,28824,EDE8DC3A2A94D2F90C57C37A193EA3DE
epic_deluxe_pack,886D1835861B00AB7838C66CB7F3A863,35187,34123,886D1835861B00AB7838C66CB7F3A863
epic_deluxe_pack_fantasticfour,E87D3DA460DD6EF1923ED3D2152031FC,36242,35109,E87D3DA460DD6EF1923ED3D2152031FC
epic_deluxe_pack_guardiansofgalaxy,AECFCECC8009A62A0C0960892BAF6863,32669,31492,AECFCECC8009A62A0C0960892BAF6863
epic_deluxe_pack_xforce,61C6781C97D7B46989AFA88BAE48E4C9,35063,33864,61C6781C97D7B46989AFA88BAE48E4C9
epic_fantasticfour_pack_01,0B36815EEB3B785310690702F600351F,29707,28895,0B36815EEB3B785310690702F600351F
epic_fantasticfour_pack_02,2D56CC3A389B0E9310B7373462DC5613,29732,28932,2D56CC3A389B0E9310B7373462DC5613
epic_fantasticfour_pack_03,F94676B9CC4C3ED5205A38760E279F5A,29746,28910,F94676B9CC4C3ED5205A38760E279F5A
epic_fantasticfour_pack_04,3EDC28F6882F5C7812F7739048D81297,29741,28887,3EDC28F6882F5C7812F7739048D81297
epic_fantasticfour_pack_05,D18A82B846CD083454A0AB8AD21886F8,29731,28910,D18A82B846CD083454A0AB8AD21886F8
epic_goblinqueen_pack_01,D1054E0558451CCC40591B69C0ECBF9B,28960,28231,D1054E0558451CCC40591B69C0ECBF9B
epic_goblinqueen_pack_02,5AAA09D2C2B4F19B22DDB4545EDCF6A8,28972,28283,5AAA09D2C2B4F19B22DDB4545EDCF6A8
epic_guardiansofgalaxy_pack_01,06C42309EA7AE465496F94D278CF7F96,29666,28906,06C42309EA7AE465496F94D278CF7F96
epic_guardiansofgalaxy_pack_02,CC8C68E8BC89C8869B81506D0094CAFC,29587,28780,CC8C68E8BC89C8869B81506D0094CAFC
epic_guardiansofgalaxy_pack_03,CF27C3087B31EBF55D74C72948EA618C,29638,28878,CF27C3087B31EBF55D74C72948EA618C
epic_guardiansofgalaxy_pack_04,E5395BF551F0B9C686709C6127633974,29633,28850,E5395BF551F0B9C686709C6127633974
epic_guardiansofgalaxy_pack_05,93970FBAAE2F39A3E28D606BFFD240E5,29592,28796,93970FBAAE2F39A3E28D606BFFD240E5
epic_guardiansofgalaxy_pack_06,FD4028C902CD562882C4C6B27F8C724B,29667,28922,FD4028C902CD562882C4C6B27F8C724B
epic_immortalsofolympus_pack_01,7F56BE2C33B7A22AC4C9000CC7005522,29027,28356,7F56BE2C33B7A22AC4C9000CC7005522
epic_immortalsofolympus_pack_02,E51F23B8DEEF3434C2CB994D3D332396,28963,28249,E51F23B8DEEF3434C2CB994D3D332396
epic_immortalsofolympus_pack_03,660648436C09F6EA700A79E3FAA502DC,30853,30100,660648436C09F6EA700A79E3FAA502DC
epic_xforce_pack_01,65091DB161D5ABAD844EC5C3CE61CA18,29723,28942,65091DB161D5ABAD844EC5C3CE61CA18
epic_xforce_pack_02,2632523A771C6D5BE58AE88D5ECEA721,29716,28973,2632523A771C6D5BE58AE88D5ECEA721
epic_xforce_pack_03,E305D785FB9475877B1A6713F2930B8A,29730,28928,E305D785FB9475877B1A6713F2930B8A
epic_xmen_pack_01,8AED221F4857B2576D3CBB1C0B330421,29681,28817,8AED221F4857B2576D3CBB1C0B330421
epic_xmen_pack_02,9C5AED1329E34646AAE911CCCF5A86FB,29705,28935,9C5AED1329E34646AAE911CCCF5A86FB
epic_xmen_pack_03,6FA90928F840671675239A92B2286D00,29680,28913,6FA90928F840671675239A92B2286D00
epic_xmen_pack_04,762D95C49E693673D92A4FAE084ABB71,29705,28889,762D95C49E693673D92A4FAE084ABB71
epic_xmen_pack_05,60553594B600BC7D4474549514304F8A,29700,28842,60553594B600BC7D4474549514304F8A
epic_xmen_pack_06,D4AC4DA1571227F1169422562ACF3DB7,29716,28886,D4AC4DA1571227F1169422562ACF3DB7
epic_xmen_pack_07,EF71440EFDCFB182D418BD6945EA34AF,29710,28867,EF71440EFDCFB182D418BD6945EA34AF
epic_xmen_pack_08,3BD663B13CB59DA1036BE21483DFEBE9,28994,28231,3BD663B13CB59DA1036BE21483DFEBE9
epic_xmen_pack_09,8639154706227031A73FD5AE50BFD7C0,29532,28650,8639154706227031A73FD5AE50BFD7C0
epic_xmen_pack_10,2E4866529B006B8AFEF7B758BB99BC27,29767,28904,2E4866529B006B8AFEF7B758BB99BC27
epic_xmen_pack_11,727DB7D530FC5E7FC58C725D0188AB1A,29757,29001,727DB7D530FC5E7FC58C725D0188AB1A
epic_xmen_pack_12,4C601654D34BEBD7DC89D84354115F3C,29422,28548,4C601654D34BEBD7DC89D84354115F3C
event_first_purchase,4341FF61D438225BC58E77B44B8BA792,245690,237184,4341FF61D438225BC58E77B44B8BA792
event_first_purchase2,FC0883B21E408C0F9D9C3F9D76B342B7,246358,238506,FC0883B21E408C0F9D9C3F9D76B342B7
fanho_bundle_01,217B6AE999FA2D017CDD5FCEB99850CC,49449,48413,217B6AE999FA2D017CDD5FCEB99850CC
fanho_bundle_02,BA5DE2DC7D8F836DF6BF2559308BFB44,48129,47188,BA5DE2DC7D8F836DF6BF2559308BFB44
fanho_bundle_03,452EC90C56067A411901D7DBE9FA96BD,54493,53483,452EC90C56067A411901D7DBE9FA96BD
fanho_bundle_04,7261A1095FC8042B4BDEBDB575A17504,55000,54146,7261A1095FC8042B4BDEBDB575A17504
fanho_bundle_05,530748AB5CD58D17CC3472B14A6FFC60,54944,53923,530748AB5CD58D17CC3472B14A6FFC60
gearup_kit_05,7DA26258433FDAB05DFBD4353275FBF3,24100,23333,7DA26258433FDAB05DFBD4353275FBF3
heroshop_abomination,91F391F962B86FD48CB1C8BD99E117D7,51011,49884,91F391F962B86FD48CB1C8BD99E117D7
heroshop_abomination_6,1D27C03E39CD0CF52E931991FFAC4C3A,50259,49239,1D27C03E39CD0CF52E931991FFAC4C3A
heroshop_abomi_t2_06,D022903C7AE76321798B531939D7FC6F,50443,49350,D022903C7AE76321798B531939D7FC6F
heroshop_absorbingman_t2,72E202270CC29A1733AE8E8F3B14BA80,50213,49198,72E202270CC29A1733AE8E8F3B14BA80
heroshop_amadeuscho,0B36710D868A9E1AF275081426CA9DCB,50750,49473,0B36710D868A9E1AF275081426CA9DCB
heroshop_americachavez_t2,4B699D07B828CDFAC3B43D0307D5FCEF,50378,49183,4B699D07B828CDFAC3B43D0307D5FCEF
heroshop_ancientone_t2,1D6560BDC7C937FA63EA4C13C5A85AD6,50521,49451,1D6560BDC7C937FA63EA4C13C5A85AD6
heroshop_angela_t2,CB198679DE18C6CFB491827788872FF1,50237,49174,CB198679DE18C6CFB491827788872FF1
heroshop_angel_t2,B927D26A766C078DC7B4722CA5098AC6,50185,49146,B927D26A766C078DC7B4722CA5098AC6
heroshop_antman_t2,099B2307653EC379AA612E000D5B71DC,50236,49203,099B2307653EC379AA612E000D5B71DC
heroshop_apocalypse_t2_01,4B13FB9CCCA8DD7E58C47FF102708535,50220,49152,4B13FB9CCCA8DD7E58C47FF102708535
heroshop_apocalypse_t2_06,3B981724410DD84E21C75442AF8D8DF5,50206,49122,3B981724410DD84E21C75442AF8D8DF5
heroshop_arachknight_t2,D277D8F1948F9B387F60A5B6B14DEE00,50225,49206,D277D8F1948F9B387F60A5B6B14DEE00
heroshop_beast_tier2,79667DEE506416932863FDAF6FC07547,50255,49017,79667DEE506416932863FDAF6FC07547
heroshop_bishop_t2,CAFA99789B76CA3D4C6AB7650E8C02D7,50193,49058,CAFA99789B76CA3D4C6AB7650E8C02D7
heroshop_blackbolt_t2,840D579E93CB62AFFB941B643832D511,50471,49374,840D579E93CB62AFFB941B643832D511
heroshop_blackcat_t2_06,4E2A1CC18D9702443B16DB88CD5EB709,50522,49481,4E2A1CC18D9702443B16DB88CD5EB709
heroshop_blackdwarf_t2_01,2242FA5FD707B7AB059CD369A9A83179,50404,49239,2242FA5FD707B7AB059CD369A9A83179
heroshop_blackdwarf_t2_06,245CC5CCEAF7BA95A05BE4ED2987F4C1,50402,49222,245CC5CCEAF7BA95A05BE4ED2987F4C1
heroshop_blackpanther_t2,5B39E9CA0EF97F4A6903E88F55EE97F1,50346,49129,5B39E9CA0EF97F4A6903E88F55EE97F1
heroshop_blackswan_t3_01,0C16FEB9C6253CB25A6578351A56E8AB,50231,49400,0C16FEB9C6253CB25A6578351A56E8AB
heroshop_blackwidow_tier2,C34AC5199F4DE473756D0AB64A2D0BBA,50658,49636,C34AC5199F4DE473756D0AB64A2D0BBA
heroshop_blade_t2,7E878D8F3F8D0354FDCB1AEECDE63C4A,50481,49406,7E878D8F3F8D0354FDCB1AEECDE63C4A
heroshop_bluedragon,49BDB53E5C3E7906C81BDFD90B00CBAA,50583,49485,49BDB53E5C3E7906C81BDFD90B00CBAA
heroshop_bluedragon_bm,42C683E35A750D29E1386FAEAC637213,50961,49798,42C683E35A750D29E1386FAEAC637213
heroshop_bluemarvel_t2,AE9809A697CEE9505C58A471C32F645F,50444,49343,AE9809A697CEE9505C58A471C32F645F
heroshop_bullseye_t2,B1D2B8E5FD045A5C822179CBABD1DA28,50392,49282,B1D2B8E5FD045A5C822179CBABD1DA28
heroshop_cable_t2_01,38C265C46AD1B8439CA6F8C4C4F7F327,50208,49131,38C265C46AD1B8439CA6F8C4C4F7F327
heroshop_cable_t2_06,33C3AFFF97C130350E2CF3359BA41156,50198,49140,33C3AFFF97C130350E2CF3359BA41156
heroshop_captainamerica_t3,A3131BD6429355F76702C05C884F60C3,50123,49148,A3131BD6429355F76702C05C884F60C3
heroshop_captainamerica_tier2,1E2091238CF270FF62FD5A36DDAC133E,50661,49681,1E2091238CF270FF62FD5A36DDAC133E
heroshop_captainmarvel_t2,3C30371371C53D845B8241EC9E0577EB,50527,49463,3C30371371C53D845B8241EC9E0577EB
heroshop_captainsharon,AA9EC254615C7F5236D673696907E653,50438,49221,AA9EC254615C7F5236D673696907E653
heroshop_carnage_bm,E054A559F74A1177A048CEB073A7EBB4,50096,48781,E054A559F74A1177A048CEB073A7EBB4
heroshop_corvus_t2_01,0F2863D0EFE7D1BC68F9DBCFD98BBC4E,50390,49230,0F2863D0EFE7D1BC68F9DBCFD98BBC4E
heroshop_corvus_t2_06,1ACC21BC7B6BD3F8CA98824328AE8FC0,50374,49189,1ACC21BC7B6BD3F8CA98824328AE8FC0
heroshop_crossbones_t2,A9829631C844D9F519D6F75239B51A5D,50192,49126,A9829631C844D9F519D6F75239B51A5D
heroshop_crystal_t2,4208BF0A926EE18112A95601AE5B0AB2,50241,49136,4208BF0A926EE18112A95601AE5B0AB2
heroshop_cyclops_tier2,4950917B97CDAD012D2767014A4A7ED2,50312,49158,4950917B97CDAD012D2767014A4A7ED2
heroshop_daisyjohnson_t2,FDB548FB1EF90D5A3EB227113FAB85A6,50149,49040,FDB548FB1EF90D5A3EB227113FAB85A6
heroshop_daredevil_t2,EF0EB201099FB4C3C2246ADBE287C065,50461,49388,EF0EB201099FB4C3C2246ADBE287C065
heroshop_destroyer_t2,B22932A5C4E900BADFAC636E137BAA0B,50206,49225,B22932A5C4E900BADFAC636E137BAA0B
heroshop_doctoroctopus_t2,1D4D5EBCF9E5859C906E6BAEE25BCE54,50475,49415,1D4D5EBCF9E5859C906E6BAEE25BCE54
heroshop_domino_t2,24540532A2E699FC90930EF16D0BD711,50314,49163,24540532A2E699FC90930EF16D0BD711
heroshop_dormammu,5E1EC4B5AD3A45940C8456CBC73830A1,50448,49283,5E1EC4B5AD3A45940C8456CBC73830A1
heroshop_drax_t2_06,245EA17C918888E557324BD6DCAC96E1,50480,49409,245EA17C918888E557324BD6DCAC96E1
heroshop_drboodoo,B464E3BC3B8A0745B78B9C47D6A53847,47597,45351,B464E3BC3B8A0745B78B9C47D6A53847
heroshop_drboodoo_t2,3D4BCAE58FE77FB17E4A2B666DDCD70C,50174,49067,3D4BCAE58FE77FB17E4A2B666DDCD70C
heroshop_ebonymaw_t2_01,F5EB82FA7927A47DE58FA4855F483F5E,50505,49545,F5EB82FA7927A47DE58FA4855F483F5E
heroshop_ebonymaw_t2_06,C7F6328AC2969D9603E19951BAC6EDD0,50484,49504,C7F6328AC2969D9603E19951BAC6EDD0
heroshop_electra_t2,F409474A5B626B69DB8A72CB60D6802C,50029,48812,F409474A5B626B69DB8A72CB60D6802C
heroshop_elsabloodstone_t2,3B4E3736F24A04A87BECB1EAE7B54774,50175,48933,3B4E3736F24A04A87BECB1EAE7B54774
heroshop_emmafrost,C32AF995E999B762F1D626947BD925F5,48321,46432,C32AF995E999B762F1D626947BD925F5
heroshop_emmafrost_bm,232F6897747271649C7D152EDE510A13,51162,50053,232F6897747271649C7D152EDE510A13
heroshop_enchantress_bm,C29B5B461442A6B3988419C711432C6C,50389,49287,C29B5B461442A6B3988419C711432C6C
heroshop_falcon_t2,0EC6349E22C55AEF9FF0818816AADDE4,50439,49286,0EC6349E22C55AEF9FF0818816AADDE4
heroshop_fandral_t2,199401DBA542410EDE961628534A48A3,50222,49163,199401DBA542410EDE961628534A48A3
heroshop_fantomex_t2,8771B49E012364A38500CB186EEFB51E,50173,49096,8771B49E012364A38500CB186EEFB51E
heroshop_galactus_t3_01,D4D00E72EA078A31D28D38473FAC8674,50125,49153,D4D00E72EA078A31D28D38473FAC8674
heroshop_gamora_t2_06,C55DB016E84823B6E29168B5A61B00B0,50344,49160,C55DB016E84823B6E29168B5A61B00B0
heroshop_ghostrider_t2,48576C809C66143D6AE0D59D1388862B,50503,49432,48576C809C66143D6AE0D59D1388862B
heroshop_giantman_t2,15E39118029483C39479960CBB888E6E,50169,49079,15E39118029483C39479960CBB888E6E
heroshop_goblin_t2,36A0C72D8F27127CABAF099872D34AE7,50392,49198,36A0C72D8F27127CABAF099872D34AE7
heroshop_goliath_t2,12EC648CA3C2D80766ED9DAAE952046F,50139,49073,12EC648CA3C2D80766ED9DAAE952046F
heroshop_gorillaman,F2A290944D3FEBD5D138EB02212693F3,50290,49136,F2A290944D3FEBD5D138EB02212693F3
heroshop_gorillaman_t2,9B90221DA28FC3C34CE98529A65BCCF5,50139,49090,9B90221DA28FC3C34CE98529A65BCCF5
heroshop_gorr_t3_01,B65C1633E61F959BEDE18E2653BBB66F,50175,49301,B65C1633E61F959BEDE18E2653BBB66F
heroshop_groot_t2,1BC3FAB35AC6D1CDAA7178201F889421,50443,49387,1BC3FAB35AC6D1CDAA7178201F889421
heroshop_gwenpool_t2,6E43DF943F31EAB124E6311D12910399,50488,49448,6E43DF943F31EAB124E6311D12910399
heroshop_gwen_t2,17D301B310C819AC3F0B3AF5EDC83602,50441,49324,17D301B310C819AC3F0B3AF5EDC83602
heroshop_hawkeye_tier2,D465AAEE69281EBB9968E0D5BF4BF915,50650,49654,D465AAEE69281EBB9968E0D5BF4BF915
heroshop_heimdall_t2,59189AAB181D16EF50F8E16037F19F93,50326,49098,59189AAB181D16EF50F8E16037F19F93
heroshop_hela_t2_06,3BC6EAA99C85053D7CFA5679E88B70CA,50239,49068,3BC6EAA99C85053D7CFA5679E88B70CA
heroshop_hellcat_t2,F4EE023EA3289FF590008291FCA7A629,50171,49068,F4EE023EA3289FF590008291FCA7A629
heroshop_hellstorm_t2,C345A5F0133AD7F0856D1C04A042148B,50226,49126,C345A5F0133AD7F0856D1C04A042148B
heroshop_hogun_t2,3F8EF02A16387D28F504C8BBE6C12FFD,50081,48952,3F8EF02A16387D28F504C8BBE6C12FFD
heroshop_hulkbuster_t2,D06820D42891BE6532C0E81733ADF263,50477,49302,D06820D42891BE6532C0E81733ADF263
heroshop_hulkling_t2,A42BFCAC189D761380AD91BB46BC4C01,50189,49128,A42BFCAC189D761380AD91BB46BC4C01
heroshop_hulk_tier2,7E74B7269EF3F51727F9BDB6AD6EB600,50530,49408,7E74B7269EF3F51727F9BDB6AD6EB600
heroshop_humantorch,B9FF77EC06B23735EC36E6B59CA8AFB8,50487,49266,B9FF77EC06B23735EC36E6B59CA8AFB8
heroshop_humantorch_t2,4983A9EA4541B4050436D271CA2E33FF,50511,49376,4983A9EA4541B4050436D271CA2E33FF
heroshop_hydroman,9FDB50CF7B1FFA73267843EE8E6AE230,50451,49167,9FDB50CF7B1FFA73267843EE8E6AE230
heroshop_hydroman_t2,4016A7D910218EB32F9017B3A77384E3,50201,49168,4016A7D910218EB32F9017B3A77384E3
heroshop_iceman,5C42ED8A9A8DCF272CABEF5DF7D15EDB,50694,49693,5C42ED8A9A8DCF272CABEF5DF7D15EDB
heroshop_iceman_bm,C0F47289FC3EDD5C91205EBFF9B0ED16,51110,49992,C0F47289FC3EDD5C91205EBFF9B0ED16
heroshop_ikon_t2,971BF2448A7594AA68A6A5BCF265234F,50061,49004,971BF2448A7594AA68A6A5BCF265234F
heroshop_inferno_t2,8AAABF43BC660E6CB658BA6F6FFFDB88,50007,48909,8AAABF43BC660E6CB658BA6F6FFFDB88
heroshop_ironfist_t2,001A5BB24DB82D4A30AECF7FAA82DC84,50474,49366,001A5BB24DB82D4A30AECF7FAA82DC84
heroshop_ironhammer,629107130F5455E9D3C479AB8317F8B0,50157,49062,629107130F5455E9D3C479AB8317F8B0
heroshop_ironman_tier2,96E77EC054CF8A3AE0201E315EAA977F,50657,49594,96E77EC054CF8A3AE0201E315EAA977F
heroshop_janeforster_t2,547FCAF622BAA789CC9058B2AB9AE990,50248,49193,547FCAF622BAA789CC9058B2AB9AE990
heroshop_jessicajones_t2,52CB59F36E0D70ACB365386C3A83A283,50366,49217,52CB59F36E0D70ACB365386C3A83A283
heroshop_joaquintorres_t2,23FA4D2FBC223D230F9975EC887C4059,50134,48983,23FA4D2FBC223D230F9975EC887C4059
heroshop_kang_t3_01,8677379FE534E6A6E0850840E9A1A918,50204,49192,8677379FE534E6A6E0850840E9A1A918
heroshop_karnak_t2,97B1C7008C5AC818412BB5AFD4F6D768,49984,48862,97B1C7008C5AC818412BB5AFD4F6D768
heroshop_katebishop_t2,6F5870BB18623FC97970D85633FD3D31,49690,48497,6F5870BB18623FC97970D85633FD3D31
heroshop_kidomega,47EC4E18C87580FBA20FE4AF4D777A97,50478,49348,47EC4E18C87580FBA20FE4AF4D777A97
heroshop_kidomega_t2,AAE9141E99E7E7DE0112336C2F37574C,50194,49174,AAE9141E99E7E7DE0112336C2F37574C
heroshop_kingpin_t2_06,AD2BEE363CF9EF4E3173376A8A0D552E,50523,49441,AD2BEE363CF9EF4E3173376A8A0D552E
heroshop_knull_t3_01,C74F3143F5D705F4A69A53D2D94F8D20,50237,49294,C74F3143F5D705F4A69A53D2D94F8D20
heroshop_korath,F8743A846EEB8DD12D7B14F13933497A,50047,48806,F8743A846EEB8DD12D7B14F13933497A
heroshop_korath_t2,436B787ECE7DFD9F5FE9D0D1B494AA3B,50174,49109,436B787ECE7DFD9F5FE9D0D1B494AA3B
heroshop_kraventhehunter_t2,34676E1D47B2D8F74EE92FA742AE0384,50177,49089,34676E1D47B2D8F74EE92FA742AE0384
heroshop_kt_t2,A9ECAC9B54B7DFAB6B65A4D4F0A6FBF1,50485,49414,A9ECAC9B54B7DFAB6B65A4D4F0A6FBF1
heroshop_lincoln_t2,3C6EBBB95213620BD979B2CDD77F022A,50180,49107,3C6EBBB95213620BD979B2CDD77F022A
heroshop_lizard_t2,6DA55BEDDF8D240EA87B137A5B7C95C2,50147,49042,6DA55BEDDF8D240EA87B137A5B7C95C2
heroshop_loki_t2,6AA1F0774CD129E0DD7F05B9CF00A28F,50471,49319,6AA1F0774CD129E0DD7F05B9CF00A28F
heroshop_loki_t3,85930469D573AEB4BAA7BC5D69246BEF,50213,49137,85930469D573AEB4BAA7BC5D69246BEF
heroshop_lukecage_t2,8772416A46BA4CC46382A691EF4BC99E,50501,49380,8772416A46BA4CC46382A691EF4BC99E
heroshop_malekith_t2,FDAD8BAF0CA15ABC83907B748E184D6C,50195,49113,FDAD8BAF0CA15ABC83907B748E184D6C
heroshop_manthing_t2,B711F5D44600DE3004884C3EDCDC51E2,50158,48946,B711F5D44600DE3004884C3EDCDC51E2
heroshop_mantis_t2,669487AB639A87E6BDE08D0F0C572386,50045,48826,669487AB639A87E6BDE08D0F0C572386
heroshop_marvelboy_t2,F13507E0F17F53618529CCBB0FFE31B9,50219,49199,F13507E0F17F53618529CCBB0FFE31B9
heroshop_maximus_t2,F8BF1FD2365E865BA460BBA2D9800406,50028,48900,F8BF1FD2365E865BA460BBA2D9800406
heroshop_medusa_t2,CF1846F61EA3342AFBEDA502EAA8EFBC,50128,48822,CF1846F61EA3342AFBEDA502EAA8EFBC
heroshop_mephisto_t3_01,09E084AB3083DAA5D97FBAADDA8B9F8F,50265,49128,09E084AB3083DAA5D97FBAADDA8B9F8F
heroshop_miles_t2,D36FBDC043C01F5E593F17540754C541,50465,49312,D36FBDC043C01F5E593F17540754C541
heroshop_minerva,6947F08E4FDEF4A71908C65650A0D14F,49809,48414,6947F08E4FDEF4A71908C65650A0D14F
heroshop_minerva_t2,3686455D1F0A1844E1238AC4FCFF2206,49562,48233,3686455D1F0A1844E1238AC4FCFF2206
heroshop_mistyknight_t2,1ACF86C0ACA83825383EB0EEF32E30DB,49995,48825,1ACF86C0ACA83825383EB0EEF32E30DB
heroshop_mockingbird_t2,D28BE38A4FBD8EC2E2EC82C4737FEE25,50135,49077,D28BE38A4FBD8EC2E2EC82C4737FEE25
heroshop_modok_t2,27EBEA0A8C52552D11F8D5B7DBC372EF,50219,49112,27EBEA0A8C52552D11F8D5B7DBC372EF
heroshop_moltenman,3E0A74E145258E2C50D412B4A8427DA2,50563,49295,3E0A74E145258E2C50D412B4A8427DA2
heroshop_moltenman_t2,D189CE4DA1CF78C15589BB66478979CC,50242,49087,D189CE4DA1CF78C15589BB66478979CC
heroshop_moonknight_t2,72C77B80643918105EDA194F253220FC,50361,49209,72C77B80643918105EDA194F253220FC
heroshop_mordo_t2,3A1CE9881D303E058C9FF22D4C069DF0,50100,48861,3A1CE9881D303E058C9FF22D4C069DF0
heroshop_morganlefay,7309046BE23189409201092E70C1983A,49888,48566,7309046BE23189409201092E70C1983A
heroshop_morganlefay01_t2,0ECFB66A1BB5B3BB66F13EDDEBA4DC33,50011,48857,0ECFB66A1BB5B3BB66F13EDDEBA4DC33
heroshop_msmarvel_t2,3901578E78B3A62D7D436F0D31BEC318,50336,49141,3901578E78B3A62D7D436F0D31BEC318
heroshop_mysterio_t2,4DC34F0FDDA908A48C7FAB1AF50F111C,50200,49129,4DC34F0FDDA908A48C7FAB1AF50F111C
heroshop_mystique_6,7F46F94AFBD78F9B619D87FA7F95AFA0,50605,49508,7F46F94AFBD78F9B619D87FA7F95AFA0
heroshop_mystique_gene,4CBB038EF0794DB9B876065B4A08FFD0,51108,49942,4CBB038EF0794DB9B876065B4A08FFD0
heroshop_mystique_t2,1797369F30028903E8C969A32886E77D,50496,49358,1797369F30028903E8C969A32886E77D
heroshop_nebula_tier2,805E823BC2D119D669FB18CFEC0C423D,50662,49698,805E823BC2D119D669FB18CFEC0C423D
heroshop_negasonic_t2_06,F6ADB348A5A6424E16283ADABDD05B46,50470,49423,F6ADB348A5A6424E16283ADABDD05B46
heroshop_nightcrawler,7DC5C000ABDB15B215D7DCF367A297AE,49849,48525,7DC5C000ABDB15B215D7DCF367A297AE
heroshop_night_t2,516671B292FDFD7C70F5014EAC6271CC,50231,49013,516671B292FDFD7C70F5014EAC6271CC
heroshop_odin,569BC8F498179455AA21C48C9666849F,50567,49570,569BC8F498179455AA21C48C9666849F
heroshop_odin_t2_06,871BA0641651364BEAB63371D5E871D4,50269,49300,871BA0641651364BEAB63371D5E871D4
heroshop_okoye_t2,3DED1DD67679BDBD19911A892B2249F8,50186,49067,3DED1DD67679BDBD19911A892B2249F8
heroshop_philcoulson_t2,41DBCAC238CD75ED0D4F5489429581E1,50199,49139,41DBCAC238CD75ED0D4F5489429581E1
heroshop_professor_t2,F2757EA3670AA0F677BE4BA2F3D59DFB,50457,49366,F2757EA3670AA0F677BE4BA2F3D59DFB
heroshop_proxima_t2_01,D16436C6C5CA6B78C6F557BBE935F997,50301,49160,D16436C6C5CA6B78C6F557BBE935F997
heroshop_proxima_t2_06,F41CDB6CCC739D551C30213BC117128D,50285,49149,F41CDB6CCC739D551C30213BC117128D
heroshop_punisher_t2,4BA3B528E8DEE55B55D7E061FB1C7077,50205,49150,4BA3B528E8DEE55B55D7E061FB1C7077
heroshop_quicksilver_t2_01,E2DE00527DE7327A27B4C08ED92B09D0,50214,49241,E2DE00527DE7327A27B4C08ED92B09D0
heroshop_quicksilver_t2_06,FC8F264C80AF833DD621ABC4466ADD5F,50201,49211,FC8F264C80AF833DD621ABC4466ADD5F
heroshop_rachel_t2_06,D48B9CB7130F94AA5246056E7F5E4978,50515,49376,D48B9CB7130F94AA5246056E7F5E4978
heroshop_redguardian,65D42D15EF66B89D8552DA6691D7C1FC,50643,49288,65D42D15EF66B89D8552DA6691D7C1FC
heroshop_redguardian_t2,DAFB5842E6964A2CCB850D023A47B843,50104,48931,DAFB5842E6964A2CCB850D023A47B843
heroshop_redhulk_t2,659B34C7169A6FCAAF1C93E234031F12,50208,49115,659B34C7169A6FCAAF1C93E234031F12
heroshop_redskull_t2_06,ADD6B5FDBA73FA91ED9FB97E313B172B,50136,49008,ADD6B5FDBA73FA91ED9FB97E313B172B
heroshop_rhino_t2,F4C5F346D48CD1D143944E9201F758E2,50016,48867,F4C5F346D48CD1D143944E9201F758E2
heroshop_robbiereyes_t2,17DE07B2386A54D17C94958C2BFC2379,50166,49081,17DE07B2386A54D17C94958C2BFC2379
heroshop_rocketraccoon_tier2,6ABC17ED2CD3CEC87C677A47425D69A6,50663,49643,6ABC17ED2CD3CEC87C677A47425D69A6
heroshop_rogue_tier2,C23DA2ABAF7E005444F0595916181D91,50222,49039,C23DA2ABAF7E005444F0595916181D91
heroshop_ronan_t2,A48F99F11714006B43D653F04C3ADABD,49988,48681,A48F99F11714006B43D653F04C3ADABD
heroshop_sabretooth,2C7F5AF610933536A21AEB53A02031F8,50585,49520,2C7F5AF610933536A21AEB53A02031F8
heroshop_sabretooth_bm,9C1A39CBAE19BEB1D9444D99069E39E4,51099,49969,9C1A39CBAE19BEB1D9444D99069E39E4
heroshop_sandman_t2,B470EC866FBBD425AB7E3F95E8C8B03F,50185,49115,B470EC866FBBD425AB7E3F95E8C8B03F
heroshop_scarletspider,8E4E199F22BC8D407A575E2BBC6010CE,50211,49066,8E4E199F22BC8D407A575E2BBC6010CE
heroshop_scarletwitch_t2_01,B86A82CFA342B0486DA475C81112B90C,50122,48984,B86A82CFA342B0486DA475C81112B90C
heroshop_scarletwitch_t2_06,9BF8D6F44A770B809CF37791744C96F7,50100,48974,9BF8D6F44A770B809CF37791744C96F7
heroshop_scorpion_t2,7377B742FA3B4C7856B4701BEB564C04,50130,49029,7377B742FA3B4C7856B4701BEB564C04
heroshop_scream_t2,DC9648A49D297FA230F605DB65CEED29,50221,49001,DC9648A49D297FA230F605DB65CEED29
heroshop_shadowshell,C234B245BAC33DB051FD9B109DE807AD,50388,49082,C234B245BAC33DB051FD9B109DE807AD
heroshop_shadowshell_t2,469F78857659573C7717A219E32C55CD,50177,49047,469F78857659573C7717A219E32C55CD
heroshop_shallabal_t2_03,AAF911A8318A2017EDA3020D36E24377,50201,49203,AAF911A8318A2017EDA3020D36E24377
heroshop_shangchi_t2,EB69310D570341DB2151AA90E2028225,50317,49188,EB69310D570341DB2151AA90E2028225
heroshop_sharoncarter_t2,7D2DE20A5A9C25858348E289A3CF42B5,50208,49151,7D2DE20A5A9C25858348E289A3CF42B5
heroshop_shehulk,882C5EFDAFB902FBC741044EFEC67DE6,50858,49632,882C5EFDAFB902FBC741044EFEC67DE6
heroshop_shehulk_t2,5547932BBF20EEDB94469905EB6EF118,50298,49093,5547932BBF20EEDB94469905EB6EF118
heroshop_shuri_t2,9FD7B80E49080E889F90E455955D24E3,50251,49198,9FD7B80E49080E889F90E455955D24E3
heroshop_sif_t2,247C914542991AF65961B89ADA0D44FA,50247,49049,247C914542991AF65961B89ADA0D44FA
heroshop_silk_t2,C56F4DD691457C99A3496FD836EB5F74,50208,48968,C56F4DD691457C99A3496FD836EB5F74
heroshop_sin_t2,046888F0B32B9BEF592BD5191B4CE996,50174,49034,046888F0B32B9BEF592BD5191B4CE996
heroshop_sistergrimm_t2,53809FC6F7C92D6D65E7EEFAD80DDCF1,50211,49160,53809FC6F7C92D6D65E7EEFAD80DDCF1
heroshop_spiderman_t2_06,711EF723FABF5B4C2F3B329BEBA73EF8,50460,49390,711EF723FABF5B4C2F3B329BEBA73EF8
heroshop_squirrelgirl_t2,4A11FF5C6E9EED9C4FCF0BB34FDCB029,50216,49168,4A11FF5C6E9EED9C4FCF0BB34FDCB029
heroshop_ss_t2,90BE808840BEFB34E42D4768A6DC7075,50505,49481,90BE808840BEFB34E42D4768A6DC7075
heroshop_ss_t2_06,BC5BA7B46E969AFB84F76F6E1A120A9C,50211,49234,BC5BA7B46E969AFB84F76F6E1A120A9C
heroshop_starlord,924223DE35A58AA58A0AADD954BE64C0,50959,49863,924223DE35A58AA58A0AADD954BE64C0
heroshop_starlord_t2,CAB91FDC1E34752D95D0CBBFB263636B,50470,49351,CAB91FDC1E34752D95D0CBBFB263636B
heroshop_storm_tier2,0654AA0FC7422F44A03FAE7F8FD38F39,50258,49123,0654AA0FC7422F44A03FAE7F8FD38F39
heroshop_supergiant_t2_01,18E505ABDE05E120CCB5CA029B9E4F32,50371,49344,18E505ABDE05E120CCB5CA029B9E4F32
heroshop_supergiant_t2_06,76B1F0BE5C505841264C5D0EFFF3ABA9,50425,49419,76B1F0BE5C505841264C5D0EFFF3ABA9
heroshop_swordmaster,CD28F83C1D9ADE5B81C5528A745386C8,47599,45341,CD28F83C1D9ADE5B81C5528A745386C8
heroshop_swordmaster_t2,BE2EAB489FB2CB7C4A3CBDDB6CE67B6F,50455,49350,BE2EAB489FB2CB7C4A3CBDDB6CE67B6F
heroshop_taskmaster,9C4CA4DCDBF81B3331085E91999BF7CD,50872,49691,9C4CA4DCDBF81B3331085E91999BF7CD
heroshop_taskmaster_t2,11407CE8A7A1C6A668D381FF1415DECA,50491,49442,11407CE8A7A1C6A668D381FF1415DECA
heroshop_thanos_t2_01,3E40D10347307264E5B175E3F6AA4C55,50538,49515,3E40D10347307264E5B175E3F6AA4C55
heroshop_thanos_t2_06,E8DBABE6565F4A8225A3C11273D730DD,50544,49488,E8DBABE6565F4A8225A3C11273D730DD
heroshop_thing,08B8EF5B4FF187E5531D0AC5CFD842FB,50482,49250,08B8EF5B4FF187E5531D0AC5CFD842FB
heroshop_thing_t2,592815A2F91E84CFB4F62220E17E03B3,50434,49318,592815A2F91E84CFB4F62220E17E03B3
heroshop_thor_t2,EEED053177168AD114AA56C902829283,50427,49306,EEED053177168AD114AA56C902829283
heroshop_titania_t2,9C7EA4796748A13ADD9257306447226F,50166,49017,9C7EA4796748A13ADD9257306447226F
heroshop_ulik_t2,6BEA545C1881A47B6B503A8BC2C521BC,50158,49029,6BEA545C1881A47B6B503A8BC2C521BC
heroshop_ultron_t2_06,0E9AD6303D1D8A9B7A609AC9CAF7BAA5,50389,49243,0E9AD6303D1D8A9B7A609AC9CAF7BAA5
heroshop_venom_t2,7501CB0A927E93A25FAE3004EADE9B2B,50432,49229,7501CB0A927E93A25FAE3004EADE9B2B
heroshop_venus_t2,3BAE4AF67C5493608DCF18FFB97F355B,50262,49240,3BAE4AF67C5493608DCF18FFB97F355B
heroshop_victorius_t2,A24D7EF1A5385C54EF86B449D6257C2B,50453,49343,A24D7EF1A5385C54EF86B449D6257C2B
heroshop_viper,57A1092C4AE08278993AF79502E79842,50827,49559,57A1092C4AE08278993AF79502E79842
heroshop_vision_t2,7E068A58B68A7E9BFBD80F18E0125859,50207,49007,7E068A58B68A7E9BFBD80F18E0125859
heroshop_volstagg_t2,7CBDC038F2FDD7833FB71257B2F90A67,50157,49040,7CBDC038F2FDD7833FB71257B2F90A67
heroshop_warmachine_tier2,08BC001715A6A31A571B5539A1884170,50602,49528,08BC001715A6A31A571B5539A1884170
heroshop_warpath,61EEFA778C496208854343BCB905B7ED,49914,48526,61EEFA778C496208854343BCB905B7ED
heroshop_warpath_t2,C2035C50B50B36AF374DAEF74A4738D6,49644,48398,C2035C50B50B36AF374DAEF74A4738D6
heroshop_wartiger,0D40C8A0B51DC8DF6F0990202F2663FC,50407,49250,0D40C8A0B51DC8DF6F0990202F2663FC
heroshop_wartiger_t2,1BA4B1D0E4FAD462C1E8432D2BFD850A,50245,49216,1BA4B1D0E4FAD462C1E8432D2BFD850A
heroshop_warwolf_t2,98E961A32661857CA8A4D37C3BB32DD4,49975,48831,98E961A32661857CA8A4D37C3BB32DD4
heroshop_wasp_t2,E5B7DB08A21CE5FADCA5268E677C3450,50053,48910,E5B7DB08A21CE5FADCA5268E677C3450
heroshop_wave_t2,F6A2E57D61CB46A7D1F4BD162FAF28EE,50359,49222,F6A2E57D61CB46A7D1F4BD162FAF28EE
heroshop_whitefox_t2,EFA35C5EB1A41567E48E946D56FD023B,50489,49440,EFA35C5EB1A41567E48E946D56FD023B
heroshop_whitetiger_t2,DFDFB4408947E2BDF594B55B6CE291A2,50057,48996,DFDFB4408947E2BDF594B55B6CE291A2
heroshop_wiccan_t2,7DD12C8085F0392A0B05000AE7D420FA,50141,48935,7DD12C8085F0392A0B05000AE7D420FA
heroshop_wintersoldier_t2,DE780BFA461FE5348A73FF931988FC3D,50442,49222,DE780BFA461FE5348A73FF931988FC3D
heroshop_wong_t2,FD76FC4352FEE773F2F55D6DF7CA6703,50480,49426,FD76FC4352FEE773F2F55D6DF7CA6703
heroshop_x23_t2,4E6DAC3C592F2C1CB8465A3D6B7F76F7,50151,48915,4E6DAC3C592F2C1CB8465A3D6B7F76F7
heroshop_yellowjacket_t2,6F2B0C7499D2D440F00511B965378E3D,50130,49052,6F2B0C7499D2D440F00511B965378E3D
heroshop_yondu_t2,7B66E4FDCC38D95A42F272628EB62EB3,50190,49078,7B66E4FDCC38D95A42F272628EB62EB3
lunar_cn_2017_01,6324A215AE17E389D93F053D09087CD5,26822,25806,6324A215AE17E389D93F053D09087CD5
lunar_cn_2017_02,D5FDEAE699ECB632990F6A0021EAEEF2,36273,35272,D5FDEAE699ECB632990F6A0021EAEEF2
lunar_cn_2017_03,7583FC055C2AC8703C8B4521D8B496C8,39191,38126,7583FC055C2AC8703C8B4521D8B496C8
lunar_cn_2017_04,71308009BE5B93B75A7FA9FC758A8F96,34738,33801,71308009BE5B93B75A7FA9FC758A8F96
lunar_cn_2017_05,652E29A777484E934D85E391D3059863,38954,37937,652E29A777484E934D85E391D3059863
lunar_cn_2017_pack_01,1C0612AC7272ADCD8B540AC463F3FDB6,22146,21292,1C0612AC7272ADCD8B540AC463F3FDB6
lunar_cn_2017_pack_02,A2D097C16A6460B2FC7AF04B1C550F24,25390,24457,A2D097C16A6460B2FC7AF04B1C550F24
lunar_cn_2017_pack_03,4AA7567CE6AFB27E7BBDD7FB456E4509,31793,30853,4AA7567CE6AFB27E7BBDD7FB456E4509
lunar_pack_03,2DFE0D3F2405FFDA69E15FFCAB89BB44,35663,34626,2DFE0D3F2405FFDA69E15FFCAB89BB44
lunar_pack_04,272E4CD0362768EAA0FFBC1C90B0467C,32300,31389,272E4CD0362768EAA0FFBC1C90B0467C
lunar_pack_2018_01,8133E854367D896414A7C313B21CE84F,28689,27860,8133E854367D896414A7C313B21CE84F
lunar_pack_2018_02,23A1D77291BC8CF01EFD913B33863298,40899,39853,23A1D77291BC8CF01EFD913B33863298
lunar_pack_2018_03,043C5E9F6099E248C90496F9DF1FD88B,39734,38800,043C5E9F6099E248C90496F9DF1FD88B
lunar_pack_2018_cn1,3778294EF849F8F1EE41BC9613FDAE8D,38479,37354,3778294EF849F8F1EE41BC9613FDAE8D
lunar_pack_2018_cn2,A9367F65D8739878EB86C9BAD40838E3,51046,49895,A9367F65D8739878EB86C9BAD40838E3
lunar_pack_2018_cn3,84539A38D236B287074F0456E059A7A2,44321,43244,84539A38D236B287074F0456E059A7A2
lunasnow_bgm,F24124B464A8878A4C3F097B7E5212F2,388384,384894,F24124B464A8878A4C3F097B7E5212F2
lunasnow_tonight_edit,2B5B69802944B03A73FE27CC266F8880,412487,411339,2B5B69802944B03A73FE27CC266F8880
luna_andromeda_ingame,DBF36F82F42639F5FBB9937138161B65,402669,401902,DBF36F82F42639F5FBB9937138161B65
luna_andromeda_universe,A4830E776C5341D6BC47294926EFB960,227731,227051,A4830E776C5341D6BC47294926EFB960
luna_lifestyle_ingame,0B5CAF72A6569CFC68A3FBD711FD0494,344534,343639,0B5CAF72A6569CFC68A3FBD711FD0494
luna_lifestyle_universe,E536BE15589D8E7FEE78A923C5118EA6,265524,264876,E536BE15589D8E7FEE78A923C5118EA6
luna_summerfantasy_ingame,88BEA417E3300FF606E91AA239F165FF,793138,790894,BB51A5AB24E416E778C6C29AC581ECD2
luna_summerfantasy_universe,80BEDF9BF207A9F3C0FA57677E6CE973,557870,557523,3DDA2B44BBBCB5A02070CC6E9719905A
luna_whitesiriusarmor_ingame,DD2DD9727CCC6CF734C703AA92D15FA3,357343,356063,DD2DD9727CCC6CF734C703AA92D15FA3
luna_whitesiriusarmor_universe,1C2DCEB3D6B7913B96A828D44D8DE4B1,272094,271435,1C2DCEB3D6B7913B96A828D44D8DE4B1
marvelhomevideo02,632A548A660D8C491644C3FC7E720C3E,65349,64131,632A548A660D8C491644C3FC7E720C3E
mastery_hero_01,2D964C032C81D4A8CBCE7E05AF1D9BDF,27361,25798,2D964C032C81D4A8CBCE7E05AF1D9BDF
mastery_hero_02,3F0D4404AF9C12C66AF632951DBA231D,25663,24306,3F0D4404AF9C12C66AF632951DBA231D
mastery_hero_02_advanced,C217D32D0F2D783D9E14EEF89DBA8ACA,22003,20967,C217D32D0F2D783D9E14EEF89DBA8ACA
mastery_hero_03,BA05C9F3D3C7FD33FC2BBD822A674B38,26477,25076,BA05C9F3D3C7FD33FC2BBD822A674B38
mastery_hero_03_advanced,AA22C2AE56A5C5E6B55C318203EF38A8,22875,21828,AA22C2AE56A5C5E6B55C318203EF38A8
mastery_hero_04,99598F917D0BC0144D18D30F391642F0,27095,25632,99598F917D0BC0144D18D30F391642F0
mastery_hero_04_advanced,DB15C1C59F722950551AC889DDEE5748,24556,23537,DB15C1C59F722950551AC889DDEE5748
mastery_hero_05,9272445C3332509840B66A7B71F05C35,27693,26188,9272445C3332509840B66A7B71F05C35
mastery_hero_05_advanced,F4360653767926385ADC6D3A99834E43,24120,23086,F4360653767926385ADC6D3A99834E43
mastery_hero_06,4EE36A11B45D0D0354FDD9B773EC1939,28962,27435,4EE36A11B45D0D0354FDD9B773EC1939
mastery_hero_06_advanced,DC82618C27B9C54374012F08943C81D3,25237,24184,DC82618C27B9C54374012F08943C81D3
monstersunleashed,4E0B2B0978A901520CC2D9A88FC73DBD,66772,65769,4E0B2B0978A901520CC2D9A88FC73DBD
mutant_tier2_pack,A9FFAC84789EE2E32B494CED64B170EB,29367,28419,A9FFAC84789EE2E32B494CED64B170EB
mutant_tier2_pack_token380,ACAD9A81FCDE33087556D6FB75D05378,40103,38918,ACAD9A81FCDE33087556D6FB75D05378
newcontents100,118B1B503358F80E03BD3A96E76F5B3E,67351,66283,118B1B503358F80E03BD3A96E76F5B3E
newcontents101,0BA06A0E69FA3E652A15DE3702944BFF,67509,66396,0BA06A0E69FA3E652A15DE3702944BFF
newcontents102,1B3B0D20CF5C998C9B46A7EBEF55BECD,67334,66444,1B3B0D20CF5C998C9B46A7EBEF55BECD
newcontents103,B9189066F5D3A47490A0ADA270AE935A,67215,66243,B9189066F5D3A47490A0ADA270AE935A
newcontents104,18988441DEA78243269A86ABF851D0A4,66856,65909,18988441DEA78243269A86ABF851D0A4
newcontents105,1BB8678A5BC23FF330A05CF9241C90F4,67033,66262,1BB8678A5BC23FF330A05CF9241C90F4
newcontents106,A0FBABC4C01EEF49B3AD7DCDBF987382,67400,66412,A0FBABC4C01EEF49B3AD7DCDBF987382
newcontents107,AA657D91F7981A555B0FE72FE52A1BF5,67572,66741,AA657D91F7981A555B0FE72FE52A1BF5
newcontents108,20BFEB32E19E834F3737CA73FF84CCC4,67589,67007,20BFEB32E19E834F3737CA73FF84CCC4
newcontents109,A7DB92133169A42FF184626FD0113046,67486,66845,A7DB92133169A42FF184626FD0113046
newcontents111,38615CCC88FC0AEB547BFB2B108C3873,66107,64804,38615CCC88FC0AEB547BFB2B108C3873
newcontents112,63D5F1BA31FA9F92776A11D5FD468391,66801,65679,63D5F1BA31FA9F92776A11D5FD468391
newcontents114,ACD8CD378B2F5B1A9B2A0A42AE5D88F3,65850,64921,ACD8CD378B2F5B1A9B2A0A42AE5D88F3
newcontents115,43DAA27F399D5F9117E639669CC4DC85,67163,66334,43DAA27F399D5F9117E639669CC4DC85
newcontents116,A9BCB2955D7D61D5954CC714F4F07268,67389,66379,A9BCB2955D7D61D5954CC714F4F07268
newcontents117,0A29186CFDEB46054B2C37B60D5729BB,67325,66420,0A29186CFDEB46054B2C37B60D5729BB
newcontents118,4A6F169E3C271C68E3019385E70A5001,67533,66559,4A6F169E3C271C68E3019385E70A5001
newcontents119,D6255E9C0DDDD4F109628706AEA18D04,67093,65657,D6255E9C0DDDD4F109628706AEA18D04
newcontents120,9D454906E4760E805F5590C2FE460DE1,67057,65654,9D454906E4760E805F5590C2FE460DE1
newcontents121,72B926F53EF6C5C62FE56A01594CA41B,67541,66793,72B926F53EF6C5C62FE56A01594CA41B
newcontents122,5BDE7D5FE47D7F800A30652C95039D63,66894,65817,5BDE7D5FE47D7F800A30652C95039D63
newcontents123,EA8753F01223DB9FA08C74CABCF7AF6D,67621,66845,EA8753F01223DB9FA08C74CABCF7AF6D
newcontents124,F11865809F8FAD211A09ABBF2B5ED4C7,67217,66231,F11865809F8FAD211A09ABBF2B5ED4C7
newcontents125,9C6D49B37CFC5CA0EE40A4BE6613FAB7,66491,65399,9C6D49B37CFC5CA0EE40A4BE6613FAB7
newcontents126,DF7618ACA8460401E8B0B328AE0B274E,45583,44428,DF7618ACA8460401E8B0B328AE0B274E
newcontents127,422543E2919C105ED7454A97C0802542,66871,65429,422543E2919C105ED7454A97C0802542
newcontents128,DD15A5476B3EF39971DF1228F91E7E30,67420,66260,DD15A5476B3EF39971DF1228F91E7E30
newcontents129,1D02275125B3BB6260083E9BAB9AFDCC,67352,66473,1D02275125B3BB6260083E9BAB9AFDCC
newcontents130,C250007BD54AA76F3019975CD91E090B,67166,66143,C250007BD54AA76F3019975CD91E090B
newcontents131,CBC3E7FBF6BE6E800C15BDDFD2B886A2,67464,66486,CBC3E7FBF6BE6E800C15BDDFD2B886A2
newcontents132,BB16EDDFA50B48FE1DF52B2C61006243,67644,66991,BB16EDDFA50B48FE1DF52B2C61006243
newcontents133,39C1BE47011681075A16F47A92BC2911,67592,66509,39C1BE47011681075A16F47A92BC2911
newcontents134,25D7B44AF96DD9328B38EB8C9D4F3BE0,62100,60245,25D7B44AF96DD9328B38EB8C9D4F3BE0
newcontents135,B04F4202814CB0DD4DF0F8903813388F,65589,63760,B04F4202814CB0DD4DF0F8903813388F
newcontents136,926076FE6C70AB73E0A6B9D4FB0D0B50,66678,65522,926076FE6C70AB73E0A6B9D4FB0D0B50
newcontents137,7A4BC36FF0DCF7E5B4249FAFA65E0948,67344,66234,7A4BC36FF0DCF7E5B4249FAFA65E0948
newcontents138,867953AAF6AB703286ABEE1D0B442986,67281,66043,867953AAF6AB703286ABEE1D0B442986
newcontents139,1DBAEA166E9CB431A139A4B228C70FC4,67157,66259,1DBAEA166E9CB431A139A4B228C70FC4
newcontents140,915E7505357A884EE365F6FBCF7B6D46,67308,66310,915E7505357A884EE365F6FBCF7B6D46
newcontents141,A1AFAD1991937FB3C70D66743F5086EA,67520,66866,A1AFAD1991937FB3C70D66743F5086EA
newcontents142,9AA04881867B5F7C6321CE1C820BB2F9,67040,66247,9AA04881867B5F7C6321CE1C820BB2F9
newcontents143,723AC2879D6EEFF0E5F6C02D0174F346,67292,66163,723AC2879D6EEFF0E5F6C02D0174F346
newcontents144,3B501E5F53EC3227AABEE96074211C11,40602,39361,3B501E5F53EC3227AABEE96074211C11
newcontents145,BAD4A962652D3A5383A4B0C2CB58CDBB,67295,66523,BAD4A962652D3A5383A4B0C2CB58CDBB
newcontents146,5213B914D10F85044738B3EC3DA52F5B,66449,65450,5213B914D10F85044738B3EC3DA52F5B
newcontents147,D5A25421E009BEE34FE640DDA6B7B9AF,52973,50886,D5A25421E009BEE34FE640DDA6B7B9AF
newcontents148,2911FE0DCA91DCD389B3A4088C2C030E,55263,53345,2911FE0DCA91DCD389B3A4088C2C030E
newcontents149,67A7B4CFAD4B642BABFD9A529DADF9A9,38967,37029,67A7B4CFAD4B642BABFD9A529DADF9A9
newcontents151,3210BC946D7CF28C202EEE33F65D0E3F,67224,66215,3210BC946D7CF28C202EEE33F65D0E3F
newcontents152,DD049EAE8517F4BE5EBD4A58BAD06603,67382,66501,DD049EAE8517F4BE5EBD4A58BAD06603
newcontents153,72EBB6316198209CF1642BBBA92802B0,67134,66085,72EBB6316198209CF1642BBBA92802B0
newcontents154,3370D7B8C47366E013B0039CBE9A9E43,66662,65315,3370D7B8C47366E013B0039CBE9A9E43
newcontents155,A6FB7291B47FA77FFB6729113D2D8B88,66447,64068,A6FB7291B47FA77FFB6729113D2D8B88
newcontents156,060BE0E025B04710CC5FFD711004336F,56111,53074,060BE0E025B04710CC5FFD711004336F
newcontents157,AA4920A5CF8EE2FAE1FBAD8E911E40B1,56009,52988,AA4920A5CF8EE2FAE1FBAD8E911E40B1
newcontents158,F5F9D34CBC81B348BCE1FAF051D03DD2,53887,50881,F5F9D34CBC81B348BCE1FAF051D03DD2
newcontents159,DE4A097AF7AA1353D443D24990FF193B,53672,50630,DE4A097AF7AA1353D443D24990FF193B
newcontents160,E5ABB268A6F0A1C3317A2E4984E4C25C,67278,66335,E5ABB268A6F0A1C3317A2E4984E4C25C
newcontents161,F6C9096F5F8E2D34CFE7802F2DDFFBC4,65896,64009,F6C9096F5F8E2D34CFE7802F2DDFFBC4
newcontents162,785B30E5F580BCC7FEB1B50DDCEB41CD,64414,62876,785B30E5F580BCC7FEB1B50DDCEB41CD
newcontents163,D2097C99523CF0CCFE83BEA8844C07AB,65825,64551,D2097C99523CF0CCFE83BEA8844C07AB
newcontents164,A63B93F6D66AEDEB0242789120CEBC96,56026,54814,A63B93F6D66AEDEB0242789120CEBC96
newcontents165,4E8853704068497D1B3ACDF54B5427D3,66279,64783,4E8853704068497D1B3ACDF54B5427D3
newcontents168,052F4A3C15D25C44B080C9DCA6ACFE8E,41875,40556,052F4A3C15D25C44B080C9DCA6ACFE8E
newcontents169,2B769CD4DBF4AE1F0B087470673221DD,65024,63142,2B769CD4DBF4AE1F0B087470673221DD
newcontents170,11F0986039FC9C8BBD9505DCF433B180,67596,66811,11F0986039FC9C8BBD9505DCF433B180
newcontents171,0DF69CA8A25A962D9D3C71481815DA7A,67457,66802,0DF69CA8A25A962D9D3C71481815DA7A
newcontents172,752E8D6A9C4274041AD1917885BE2826,65358,64258,752E8D6A9C4274041AD1917885BE2826
newcontents173,0E5E966C082952AB4A43FAB39B1024C8,67012,65525,0E5E966C082952AB4A43FAB39B1024C8
newcontents174,E754D6FCB2EE66593EC6937429819E8C,49583,48419,E754D6FCB2EE66593EC6937429819E8C
newcontents175,55528EB2DC1EF4C6FD071DC5A8C71C7D,32299,30883,55528EB2DC1EF4C6FD071DC5A8C71C7D
newcontents176,29E21D96C75BE76F80AF20B5A9EC338E,67492,66439,29E21D96C75BE76F80AF20B5A9EC338E
newcontents177,D04FC81BFE232C4A523A592C570AACE6,67495,66784,D04FC81BFE232C4A523A592C570AACE6
newcontents178,8548FE3FDA8E86FC6423C8B5E19FE70C,67076,65553,8548FE3FDA8E86FC6423C8B5E19FE70C
newcontents179,0D79239ED74B09A9D882C9B680EC86F2,67241,65833,0D79239ED74B09A9D882C9B680EC86F2
newcontents180,ABDC24184D9B578058DCC9FCBC882682,37779,36387,ABDC24184D9B578058DCC9FCBC882682
newcontents181,947D9E82FE2576DB95D5FB69B3FE8D6A,61266,59965,947D9E82FE2576DB95D5FB69B3FE8D6A
newcontents182,3ED4FBD795356939D99F3BBEAFA06F9F,67675,66806,3ED4FBD795356939D99F3BBEAFA06F9F
newcontents183,9BED2CA7E37F990929CF5A2246364387,67396,66402,9BED2CA7E37F990929CF5A2246364387
newcontents184,2D78F4CD629A59904D51E94DDC1A59A6,67459,66560,2D78F4CD629A59904D51E94DDC1A59A6
newcontents185,E2E2CC3468FC9915301AAAF29256DCDA,67686,66684,E2E2CC3468FC9915301AAAF29256DCDA
newcontents186,9EA8959A5FD49EC55EDCE22224061E3F,67369,66338,9EA8959A5FD49EC55EDCE22224061E3F
newcontents187,A1DB92DFE13B6DFAD50D5414B4774852,66326,65406,A1DB92DFE13B6DFAD50D5414B4774852
newcontents188,837CDF92ECE36880937673650638A3AE,67331,66459,837CDF92ECE36880937673650638A3AE
newcontents189,7E5382F3554B46B4CFFD413E8933C51F,67337,66431,7E5382F3554B46B4CFFD413E8933C51F
newcontents190,596019AD3A8D4CC818DFB0D8BC6D9091,67555,66528,596019AD3A8D4CC818DFB0D8BC6D9091
newcontents191,2A4E37001FB13E28BE123D6A9D268EB3,67636,66903,2A4E37001FB13E28BE123D6A9D268EB3
newcontents192,3D1A4A70B386B28C93342C82CB66B957,62411,60120,3D1A4A70B386B28C93342C82CB66B957
newcontents193,259EDBBEB74BC50094B769C86E7E06D6,57508,54076,259EDBBEB74BC50094B769C86E7E06D6
newcontents194,14E118BE294EE56D75964717DD5621B4,54756,52111,14E118BE294EE56D75964717DD5621B4
newcontents195,D2E6C2564CC3E640B9824F62BDC77B7A,62472,59816,D2E6C2564CC3E640B9824F62BDC77B7A
newcontents196,77E58300B2CD69430B17896E28AD173B,67573,66760,77E58300B2CD69430B17896E28AD173B
newcontents197,A1931589E4ACF9755A926C370CCAFEB9,67607,66851,A1931589E4ACF9755A926C370CCAFEB9
newcontents198,1420A13F569A14AF2C3DB79886D12DE8,67656,66605,1420A13F569A14AF2C3DB79886D12DE8
newcontents199,1948D5A44604DC732000BAD86D27594A,67626,66812,1948D5A44604DC732000BAD86D27594A
newcontents200,39CE6B7022449915D0A947BB8CAB3F5C,47732,45493,39CE6B7022449915D0A947BB8CAB3F5C
newcontents201,797A1DD4111197CA7B96B72598282588,65468,63677,797A1DD4111197CA7B96B72598282588
newcontents202,E24A2A8C0DDC2C76FCD0F2C3AFAAEAF9,67246,66312,E24A2A8C0DDC2C76FCD0F2C3AFAAEAF9
newcontents203,4D1EAF6E3D7A09EA15FFBD95770E2814,66958,64955,4D1EAF6E3D7A09EA15FFBD95770E2814
newcontents204,499D3A0A93E90D658B03843B9D782D70,67300,66379,499D3A0A93E90D658B03843B9D782D70
newcontents205,8947B67EA370C32C378A711C6904FD59,67406,66600,8947B67EA370C32C378A711C6904FD59
newcontents206,CC170AFB57F54E6DD525BA2D1DE84D5F,66550,65354,CC170AFB57F54E6DD525BA2D1DE84D5F
newcontents207,1B2DE282262E5194A257614ACA9EFE90,67324,66354,1B2DE282262E5194A257614ACA9EFE90
newcontents208,FE64632A1ED7DBFDFDE19B9C57491C15,67295,66075,FE64632A1ED7DBFDFDE19B9C57491C15
newcontents210,87D5E8D89486EF42CAD1200429A6A0D2,67542,66809,87D5E8D89486EF42CAD1200429A6A0D2
newcontents211,6860AE9331EF12BD9AADF93C52EABF69,67408,66351,6860AE9331EF12BD9AADF93C52EABF69
newcontents212,E3E1EE0CD9C9DD59FE8381CCEFEAB887,67331,66114,E3E1EE0CD9C9DD59FE8381CCEFEAB887
newcontents213,17599658A589D7D7B99D9C26D514400C,67610,66660,17599658A589D7D7B99D9C26D514400C
newcontents214,4F77FE14086F160B6F869B8FC8FBCBCA,67568,66607,4F77FE14086F160B6F869B8FC8FBCBCA
newcontents215,56AACF5ECF21F2074030C31EB291DE87,67421,66389,56AACF5ECF21F2074030C31EB291DE87
newcontents216,7F36ECC2E36F650B50529D38D37576D0,61277,58635,7F36ECC2E36F650B50529D38D37576D0
newcontents217,5AFB5D8D967A4355887392FD74439262,65112,63065,5AFB5D8D967A4355887392FD74439262
newcontents218,145C9E66A737FF1D20513DAF6BF5C6D4,57891,54452,145C9E66A737FF1D20513DAF6BF5C6D4
newcontents219,BCA9BDD7E971A0F5AAB719FFD5D8E769,57643,54202,BCA9BDD7E971A0F5AAB719FFD5D8E769
newcontents220,125B7E5C23563AA5988EF34294DE5D59,66919,65770,125B7E5C23563AA5988EF34294DE5D59
newcontents221,4D82BBE8E4A77F93CDCA1A0A026206B8,66992,66047,4D82BBE8E4A77F93CDCA1A0A026206B8
newcontents222,A4E2F484849B844F2C40F83C54AA22F6,67497,66611,A4E2F484849B844F2C40F83C54AA22F6
newcontents223,8642BF168A02B040D53F5F782BF9011E,67595,66528,8642BF168A02B040D53F5F782BF9011E
newcontents224,D6661721CD9650831E64BC124462A6A8,67501,66835,D6661721CD9650831E64BC124462A6A8
newcontents225,71D765E6EB9DAF3012CB5DDCC875F0D6,67001,66162,71D765E6EB9DAF3012CB5DDCC875F0D6
newcontents226,53FDDF494963C7229F834032CAFB74DA,67548,66743,53FDDF494963C7229F834032CAFB74DA
newcontents227,C63DB977D10F6DBA4FAF4F225B65551B,67494,66824,C63DB977D10F6DBA4FAF4F225B65551B
newcontents228,B31986AFB18C8F80AFAE6C74998E5172,67402,66317,B31986AFB18C8F80AFAE6C74998E5172
newcontents229,2C486EC2254E2BBCBC8DE816517F559A,67580,66916,2C486EC2254E2BBCBC8DE816517F559A
newcontents230,4D6F631D6A6915BE28898D37DC4546B9,67470,66683,4D6F631D6A6915BE28898D37DC4546B9
newcontents231,0256CB2E11A2CC4A9AAD87FF584D341E,67615,66844,0256CB2E11A2CC4A9AAD87FF584D341E
newcontents232,A106710B1B3E149D80E4CAD649EC9398,67603,66575,A106710B1B3E149D80E4CAD649EC9398
newcontents233,C45FE8B60A67A41A1C40414D28E6D542,67106,66187,C45FE8B60A67A41A1C40414D28E6D542
newcontents234,F73378B7070EE71EB49EFA19B07BF4EB,67570,66567,F73378B7070EE71EB49EFA19B07BF4EB
newcontents235,6D78F41A0D055616584AD706F5A0ABC8,67123,65919,6D78F41A0D055616584AD706F5A0ABC8
newcontents236,389EA33343C983AA6FC3850C265D336A,67605,66916,389EA33343C983AA6FC3850C265D336A
newcontents237,36EA843EDEFFB907A531874D66574E97,67560,66756,36EA843EDEFFB907A531874D66574E97
newcontents238,3B3D5C577FB38E3F9BCB347E45FD6904,67542,66474,3B3D5C577FB38E3F9BCB347E45FD6904
newcontents239,AE0B5C8897F4B41F3533708867CD1F39,64391,63058,AE0B5C8897F4B41F3533708867CD1F39
newcontents240,4DA11FA87A5C0F40E08B76F843DA09F5,41456,39318,4DA11FA87A5C0F40E08B76F843DA09F5
newcontents241,0BB9551E7BFF2204C52577864A715A95,67622,66060,0BB9551E7BFF2204C52577864A715A95
newcontents242,0741FD1EFA71CAACB814BA0D0C6FB113,65870,64797,0741FD1EFA71CAACB814BA0D0C6FB113
newcontents243,379C1809D818BD759E6ACE0AD26A397E,67618,66748,379C1809D818BD759E6ACE0AD26A397E
newcontents244,EE0711EFDF1CFBD567CAADBF6B5699F1,67586,66947,EE0711EFDF1CFBD567CAADBF6B5699F1
newcontents245,5A273E352ADF5F9A3BD86569D6CB71DF,67582,66634,5A273E352ADF5F9A3BD86569D6CB71DF
newcontents246,50548B407D510E02A9A639575CC23CFD,67532,66661,50548B407D510E02A9A639575CC23CFD
newcontents247,2EFA630AD820E0200150684902974856,67564,66522,2EFA630AD820E0200150684902974856
newcontents248,F215B834A88E3433F767ED4895F0914A,67257,66352,F215B834A88E3433F767ED4895F0914A
newcontents249,7A1CDB7983023EA13D51C62F99BF51F2,67640,66816,7A1CDB7983023EA13D51C62F99BF51F2
newcontents250,B33F649CAC89B8FDE8878DAC45534EDB,67150,66103,B33F649CAC89B8FDE8878DAC45534EDB
newcontents251,5D858CB83A980481BC62401A6399467E,40932,38907,5D858CB83A980481BC62401A6399467E
newcontents252,82E659F0F71133B4FFFB08F38991430B,66280,64935,82E659F0F71133B4FFFB08F38991430B
newcontents253,0D722719E9453CA9CD1F268B66CC7B4F,66775,65614,0D722719E9453CA9CD1F268B66CC7B4F
newcontents254,7679C34A69564184EB51DC805C8878A5,66969,66020,7679C34A69564184EB51DC805C8878A5
newcontents255,FCA996217B9FDC123AE8890DE43C3949,67365,66153,FCA996217B9FDC123AE8890DE43C3949
newcontents256,451309B53D0C94B0FB37E04CE09B90DF,67550,66833,451309B53D0C94B0FB37E04CE09B90DF
newcontents257,E15195E13796A5ED0E88336DBAA58518,67198,66414,E15195E13796A5ED0E88336DBAA58518
newcontents258,724EA4DC6FE96723552F31AE6E5D174B,67509,66691,724EA4DC6FE96723552F31AE6E5D174B
newcontents259,519CCB535C138F1CCE3EE8AD04BE1E9A,67612,66716,519CCB535C138F1CCE3EE8AD04BE1E9A
newcontents260,D3AB948E17A60F0B68ADD01BF6D201B0,67138,66422,D3AB948E17A60F0B68ADD01BF6D201B0
newcontents261,141C5E72BC2454F2C06D78B9178D5AF9,67543,66644,141C5E72BC2454F2C06D78B9178D5AF9
newcontents262,202FE8F8319E43558F6B644709C467D8,67498,66418,202FE8F8319E43558F6B644709C467D8
newcontents263,94A9B2D3E34F7BB3A55BB21945B54C0E,67672,66928,94A9B2D3E34F7BB3A55BB21945B54C0E
newcontents264,C71A9257AF7A627B1594EE4A86DCD606,67589,66686,C71A9257AF7A627B1594EE4A86DCD606
newcontents265,1A96BC714C71E079A29EC37CA180345D,67640,66352,1A96BC714C71E079A29EC37CA180345D
newcontents266,510CAF74945F91B6E6EE2316D8DBBB6C,67559,66737,510CAF74945F91B6E6EE2316D8DBBB6C
newcontents267,F6C0CC1C02514475DCB5AD7507241542,67662,67122,F6C0CC1C02514475DCB5AD7507241542
newcontents268,AE0E0DD39C9E897E5C4131E6980791EC,67646,66557,AE0E0DD39C9E897E5C4131E6980791EC
newcontents269,E72E9495A139B66F7CA32A9AEF378A04,66057,64860,E72E9495A139B66F7CA32A9AEF378A04
newcontents270,153FD9797AF656F1A3DE66CDC5016742,66700,65043,153FD9797AF656F1A3DE66CDC5016742
newcontents271,01B43769F16A580E840809242AC59C55,67389,66198,01B43769F16A580E840809242AC59C55
newcontents272,74D78E9B247F644D462AA9987C2E2027,67508,66374,74D78E9B247F644D462AA9987C2E2027
newcontents273,C84C431698728000DF3A56F61051773F,67638,66823,C84C431698728000DF3A56F61051773F
newcontents274,1CD9626BECA3BDE2A9320436040B0CD6,66904,65951,1CD9626BECA3BDE2A9320436040B0CD6
newcontents275,C8BA4BF1D208D644C89CC6E7C88A7F43,67271,66527,C8BA4BF1D208D644C89CC6E7C88A7F43
newcontents276,AF29290773ACBA7C85D99E6BA8D82196,66621,65464,AF29290773ACBA7C85D99E6BA8D82196
newcontents277,DF3077C04AD542FE50210FEB89B7053B,67238,66393,DF3077C04AD542FE50210FEB89B7053B
newcontents278,98C9F29C8EFC6364925123E0EB05550C,67555,66774,98C9F29C8EFC6364925123E0EB05550C
newcontents279,B7A5B3DB3469B974CF77394CDEEA8B8A,66522,65104,B7A5B3DB3469B974CF77394CDEEA8B8A
newcontents280,DCCFF71D8F0735A9D2AEDBED426DEA28,67546,66860,DCCFF71D8F0735A9D2AEDBED426DEA28
newcontents281,618BDF5CE211EEC17A76C55F4741824D,67288,66330,618BDF5CE211EEC17A76C55F4741824D
newcontents282,8B592002C74CAE2E4A6D83F2884B5D38,67324,66495,8B592002C74CAE2E4A6D83F2884B5D38
newcontents283,6B2A3EED4164ADAE5DEF93E676553C7F,67658,66940,6B2A3EED4164ADAE5DEF93E676553C7F
newcontents284,6ED2798A72FC93F88D70B97A4286FC4B,67116,65763,6ED2798A72FC93F88D70B97A4286FC4B
newcontents285,60DCD6CACB1B85880535AF2DE0937BC4,67192,65897,60DCD6CACB1B85880535AF2DE0937BC4
newcontents286,435C92F3B3DCABA0CEC06FD76158200B,67288,66026,435C92F3B3DCABA0CEC06FD76158200B
newcontents287,EAC64C2D7CFB38B5EAA55E54A89D8DBF,67564,66861,EAC64C2D7CFB38B5EAA55E54A89D8DBF
newcontents288,2CD14EA42304BE7D6EB17C6EAB3F8B86,66743,66006,2CD14EA42304BE7D6EB17C6EAB3F8B86
newcontents289,579E52FC10FDD82FDA721DE23C258CD8,66809,65864,579E52FC10FDD82FDA721DE23C258CD8
newcontents290,7B310D51FAA7D6C123FD7FBB6DBC69A8,67520,66798,7B310D51FAA7D6C123FD7FBB6DBC69A8
newcontents291,48F9417B68C9EA480AD3AA891E55509B,67514,66799,48F9417B68C9EA480AD3AA891E55509B
newcontents292,CC0091371E2A206E76D7436260754A05,65443,64086,CC0091371E2A206E76D7436260754A05
newcontents293,0D10CE5D9697D5937087BA92B046AE33,67341,66538,0D10CE5D9697D5937087BA92B046AE33
newcontents294,AFCAECE13FDD564A382C6ECECB51641E,67628,66902,AFCAECE13FDD564A382C6ECECB51641E
newcontents295,12F17DC258C8152AFA547E09E108CFC7,66941,65763,12F17DC258C8152AFA547E09E108CFC7
newcontents296,E332993DA2FC28EED9DF855B540AAAFA,67513,66710,E332993DA2FC28EED9DF855B540AAAFA
newcontents297,12615693BF81C3B8E895960C01CD0B19,67198,66218,12615693BF81C3B8E895960C01CD0B19
newcontents298,3DCD7579BBECC568096F5BDC72D780D9,67324,66528,3DCD7579BBECC568096F5BDC72D780D9
newcontents299,721580B98FBED5E1676086BB9708576C,67552,66908,721580B98FBED5E1676086BB9708576C
newcontents300,E37F7BC849725B0C1247AD3ECF035A60,67538,66881,E37F7BC849725B0C1247AD3ECF035A60
newcontents301,79217791190401D69908FEF0B57C71F2,67240,66296,79217791190401D69908FEF0B57C71F2
newcontents302,F725F215FFB1E3FDE01F79FEC3FB31FC,67393,66460,F725F215FFB1E3FDE01F79FEC3FB31FC
newcontents303,1846FEB750D8CCA03EA5027778260B7A,67192,66127,1846FEB750D8CCA03EA5027778260B7A
newcontents304,DC5E4C3855EEEC4034857F027B332264,67372,66487,DC5E4C3855EEEC4034857F027B332264
newcontents305,8A35DFA08DE484F34CF4C9C9019BB8FF,67627,67060,8A35DFA08DE484F34CF4C9C9019BB8FF
newcontents306,5787E931999DB867B358E34B27E9646C,67192,66336,5787E931999DB867B358E34B27E9646C
newcontents307,4F8604DB1B5F4EF549A47D6FF02F98C1,66342,65254,4F8604DB1B5F4EF549A47D6FF02F98C1
newcontents308,DB07A6264A2F3105CBE715A538892B16,67346,66163,DB07A6264A2F3105CBE715A538892B16
newcontents309,C345760B35038099C55C9B1D2B28A2F1,64750,63373,C345760B35038099C55C9B1D2B28A2F1
newcontents310,65CA21CF7F74E18D7C5883FF81C16849,67379,66564,65CA21CF7F74E18D7C5883FF81C16849
newcontents311,5856C8415FD8D7F1B5F6A1B23CEA9A67,65802,64756,5856C8415FD8D7F1B5F6A1B23CEA9A67
newcontents312,B22F0E15BF513D6070CFDCA8A8224556,67618,66899,B22F0E15BF513D6070CFDCA8A8224556
newcontents313,324CABA49E34A3E013713949C9B09B36,67589,66926,324CABA49E34A3E013713949C9B09B36
newcontents314,FEDDBB5EE9B10303917BEA4447EE2322,66030,65044,FEDDBB5EE9B10303917BEA4447EE2322
newcontents315,1E72932C37C87716801E985EB3B74CD4,67430,66725,1E72932C37C87716801E985EB3B74CD4
newcontents316,38B38EEF3D85BA97A376729CF1EA0498,66798,66018,38B38EEF3D85BA97A376729CF1EA0498
newcontents317,66CCB02471E095B68A578C44F0F457D5,67466,66628,66CCB02471E095B68A578C44F0F457D5
newcontents318,6BA5AC357E8FABDD76575BF64E66B1A6,67592,66870,6BA5AC357E8FABDD76575BF64E66B1A6
newcontents319,337875BACDE9C10E6804E4899EC63601,67449,66304,337875BACDE9C10E6804E4899EC63601
newcontents320,CCA76E1B4D47DCD1433167B5A373A351,67259,66361,CCA76E1B4D47DCD1433167B5A373A351
newcontents321,4B585F7F6D14C64B84C026AD7A0ADA2D,67471,66814,4B585F7F6D14C64B84C026AD7A0ADA2D
newcontents322,7E443C3F0EC4E694AE080F40056F8C75,66507,65092,7E443C3F0EC4E694AE080F40056F8C75
newcontents323,1BF295E9CBD9B7CCA487B0291192C5A4,66672,65679,1BF295E9CBD9B7CCA487B0291192C5A4
newcontents324,CC2D7A8507580E034773319C8C7511DC,67316,66436,CC2D7A8507580E034773319C8C7511DC
newcontents325,0889B7B9ECC9C05DD6F6B3A8C18C816B,67556,66834,0889B7B9ECC9C05DD6F6B3A8C18C816B
newcontents326,E81D77D609BFF70163220EB512B5CB94,66719,65589,E81D77D609BFF70163220EB512B5CB94
newcontents327,F82A63629C2B10BE8147DA99801C266F,66793,66001,F82A63629C2B10BE8147DA99801C266F
newcontents328,0D3A09D25D88E2D69643902CF4F547CB,67256,66113,0D3A09D25D88E2D69643902CF4F547CB
newcontents329,96DB0672D74DB502CD849B56AB0965F5,66876,65985,96DB0672D74DB502CD849B56AB0965F5
newcontents330,DFCF7F0A78A7A378AED638101F0FF6CC,62298,60782,DFCF7F0A78A7A378AED638101F0FF6CC
newcontents331,8A768C57D8D5CF9727F65D2B5CEC88EB,67616,66811,8A768C57D8D5CF9727F65D2B5CEC88EB
newcontents332,9A3C2FA30FF8FA5DD7D91B3FF805A759,66802,65995,9A3C2FA30FF8FA5DD7D91B3FF805A759
newcontents333,36BAFB2EB62076CB52A6AE52F60623A0,67345,66312,36BAFB2EB62076CB52A6AE52F60623A0
newcontents334,60182D3611537A9A38CD67EDC2D44E1A,66930,66010,60182D3611537A9A38CD67EDC2D44E1A
newcontents335,0D92B2405B7E6FC2127DCF4213D3A26A,67234,66352,0D92B2405B7E6FC2127DCF4213D3A26A
newcontents336,8F406729F9ED6CD9F74AE311179C9ABC,67554,66721,8F406729F9ED6CD9F74AE311179C9ABC
newcontents337,F51C292DC07534B51CF27CFB8B010B05,67493,66704,F51C292DC07534B51CF27CFB8B010B05
newcontents338,4FA015EF211689E894EAE04B38BA0561,67536,66878,4FA015EF211689E894EAE04B38BA0561
newcontents339,AF192972057EF1418BBE78271FC4799B,67420,66784,AF192972057EF1418BBE78271FC4799B
newcontents340,946A3A2D8215FFDA31D50B694BD63951,67587,67206,946A3A2D8215FFDA31D50B694BD63951
newcontents341,5AD9FDF1D5656F8BD6498E30E008AFF2,66454,65223,5AD9FDF1D5656F8BD6498E30E008AFF2
newcontents342,30BA0FFD8567DFDB8905C50A6F039DF5,67032,65765,30BA0FFD8567DFDB8905C50A6F039DF5
newcontents343,296C7DD1D79FED3EBC51DA6A022241F8,67262,66184,296C7DD1D79FED3EBC51DA6A022241F8
newcontents344,8F380606144BC71DF63D486CB1476DAD,67212,66178,8F380606144BC71DF63D486CB1476DAD
newcontents345,A186572EF122C1766D53A7AEFC05EFE6,67048,66253,A186572EF122C1766D53A7AEFC05EFE6
newcontents346,FE94BC0893917E2292E8EB6C7D9E7365,67541,66821,FE94BC0893917E2292E8EB6C7D9E7365
newcontents347,D8505080F1FD9AB3477803BB4A67D9B5,67577,66778,D8505080F1FD9AB3477803BB4A67D9B5
newcontents348,FA94474E3830874D4A423972CDFD4AF6,67226,66574,FA94474E3830874D4A423972CDFD4AF6
newcontents349,2B4CD78E56A30C5144715D465B859ABB,67400,66484,2B4CD78E56A30C5144715D465B859ABB
newcontents350,DD1071C7753F6083BE04287DA721E0E9,67476,66634,DD1071C7753F6083BE04287DA721E0E9
newcontents351,028754FBB93017FE45A59DFEA32846B0,67545,66781,028754FBB93017FE45A59DFEA32846B0
newcontents352,FBEE1C565B227176E3E61A8717727532,66415,65335,FBEE1C565B227176E3E61A8717727532
newcontents353,6E8526E76219F0863A7EE9FCB093CAB5,65721,64312,6E8526E76219F0863A7EE9FCB093CAB5
newcontents354,BB69305F74595A4E01A021F88A51EA9E,66941,65825,BB69305F74595A4E01A021F88A51EA9E
newcontents355,72757192F22086BAE5695CD1DA04BAF7,67158,66420,72757192F22086BAE5695CD1DA04BAF7
newcontents356,87A335A44EFBB8052CF29635F4D992EB,67295,66454,87A335A44EFBB8052CF29635F4D992EB
newcontents357,F69337DDCEE7EF4C0917A2877FFCC3E7,67032,66003,F69337DDCEE7EF4C0917A2877FFCC3E7
newcontents358,0D97C2698BC5CA006ECC14E8A1B84219,67264,66522,0D97C2698BC5CA006ECC14E8A1B84219
newcontents359,F48707980420BD5AC65DB45C69325A8E,66336,65198,F48707980420BD5AC65DB45C69325A8E
newcontents360,1325F4E48F7038204C21BF65DFCA5B13,67258,66520,1325F4E48F7038204C21BF65DFCA5B13
newcontents361,1056B10E06D31152CEC5779317575677,67444,66506,1056B10E06D31152CEC5779317575677
newcontents362,F84CC9089D10F2F94A7C8255724DE190,66861,65851,F84CC9089D10F2F94A7C8255724DE190
newcontents363,F29A1C961EB101308F2CDE4FED0FE737,67634,66757,F29A1C961EB101308F2CDE4FED0FE737
newcontents364,653D064E2750B04491DEF9B3F7B93568,67598,67052,653D064E2750B04491DEF9B3F7B93568
newcontents365,22E08C10CB820A375FF42680AEEA9893,52837,51038,22E08C10CB820A375FF42680AEEA9893
newcontents366,838FF24CD1B917CCB4A93E1AC922BB13,67342,66275,838FF24CD1B917CCB4A93E1AC922BB13
newcontents367,F892987F0DBB15F80E42847BC339492E,66790,65374,F892987F0DBB15F80E42847BC339492E
newcontents368,14571C9D40FF0F80A955DF14B7BAF86C,67420,66424,14571C9D40FF0F80A955DF14B7BAF86C
newcontents369,91A563C524D57C4938EFDDAFE2D89ABC,66033,64680,91A563C524D57C4938EFDDAFE2D89ABC
newcontents370,CA8A12FE4EC1039215FEA32CB66A6A92,67226,66480,CA8A12FE4EC1039215FEA32CB66A6A92
newcontents371,9EA8C01FEC58763C5D954147F1E1793B,67339,66587,9EA8C01FEC58763C5D954147F1E1793B
newcontents372,A2699DC415446B29C374B3F1BD7EF4C8,66924,65815,A2699DC415446B29C374B3F1BD7EF4C8
newcontents373,811075927D0BA7695152CFEE93F4BA8C,66332,64924,811075927D0BA7695152CFEE93F4BA8C
newcontents374,9B1DB7CD391558517A929CF4F54563C3,66504,65358,9B1DB7CD391558517A929CF4F54563C3
newcontents375,C7ABCFC52F9EA40CD66F92A64A824828,65267,63117,C7ABCFC52F9EA40CD66F92A64A824828
newcontents377,D2844B07FC38AFA32F0CA496F0836A30,67534,66787,D2844B07FC38AFA32F0CA496F0836A30
newcontents378,CE08063EAB542CC7392A61988E46F2CF,67339,66501,CE08063EAB542CC7392A61988E46F2CF
newcontents379,5DFAE950CBF5DC466E20907531444A49,67580,66859,5DFAE950CBF5DC466E20907531444A49
newcontents380,374BA9D87E3F636BB0E405526A9191DE,67537,66910,374BA9D87E3F636BB0E405526A9191DE
newcontents381,4B043653CF4B65FF4F7338DD93A45A4A,66547,65327,4B043653CF4B65FF4F7338DD93A45A4A
newcontents382,52B18D1449804AB0901F3A0B2F462B12,66705,65510,52B18D1449804AB0901F3A0B2F462B12
newcontents383,B3E4B93C2CECA46CC2410227B74778AA,67383,66531,B3E4B93C2CECA46CC2410227B74778AA
newcontents384,8C97EB0D402D0D1C99A7C02F201D7017,67524,66528,8C97EB0D402D0D1C99A7C02F201D7017
newcontents385,54081D8588849C03C67DEA4AD46AC1C4,67527,66821,54081D8588849C03C67DEA4AD46AC1C4
newcontents386,F62C41ECCD11306CC01A91764AF0779A,67075,66136,F62C41ECCD11306CC01A91764AF0779A
newcontents387,D4A238CAE20D953DA5D902082A892422,67195,65911,D4A238CAE20D953DA5D902082A892422
newcontents388,848E41D06D5E286FFA939EC41E33AF71,66178,65084,848E41D06D5E286FFA939EC41E33AF71
newcontents389,D872EA67CF36D539C89C86E868B48784,67281,66382,D872EA67CF36D539C89C86E868B48784
newcontents390,DB3F940534EE1FF967DB3938E6872538,67314,66189,DB3F940534EE1FF967DB3938E6872538
newcontents391,7E14ACD0FD61F82623D63F2252EB2FFB,67192,66336,7E14ACD0FD61F82623D63F2252EB2FFB
newcontents392,851AF3D1457683EA628C1CA1329725BE,67528,66693,851AF3D1457683EA628C1CA1329725BE
newcontents393,4DEB530B909F20848B195FB2F0759537,67521,66747,4DEB530B909F20848B195FB2F0759537
newcontents394,6124A8873F29A5E1C55AB5978D00F0CB,67550,66603,6124A8873F29A5E1C55AB5978D00F0CB
newcontents395,5C695E86684E4E69BA2AC98C1A7F65E5,67018,65924,5C695E86684E4E69BA2AC98C1A7F65E5
newcontents396,A53B3823F5438D4460E12A7539FA7518,67232,66370,A53B3823F5438D4460E12A7539FA7518
newcontents397,9C3C6773F9E9A7D1BC699AAE5FD32A17,66855,65891,9C3C6773F9E9A7D1BC699AAE5FD32A17
newcontents398,262B3C9C23EEA8F19BB261A6FCBAC22D,67520,66715,262B3C9C23EEA8F19BB261A6FCBAC22D
newcontents399,0B42FDB68059BCD872BD29073320C826,65794,63745,0B42FDB68059BCD872BD29073320C826
newcontents400,CCBC848C8A47F3E40F6EF114B513EED4,67501,66686,CCBC848C8A47F3E40F6EF114B513EED4
newcontents401,F97A28FEAAB6822E1328E962DC222091,66967,66108,F97A28FEAAB6822E1328E962DC222091
newcontents402,0DCB3600FE189CECE99BBDD120AC51BB,67578,66937,0DCB3600FE189CECE99BBDD120AC51BB
newcontents403,5A0D62A3DFC95EB7501692EFC21C940A,61582,60143,5A0D62A3DFC95EB7501692EFC21C940A
newcontents404,9E9800A407766C308AAC75A020FEBA30,66712,65677,9E9800A407766C308AAC75A020FEBA30
newcontents405,A281BA81BF9174F89D5BB1B77C8FF741,67194,65856,A281BA81BF9174F89D5BB1B77C8FF741
newcontents406,44C41AC9A5B5CF96475586620449D24A,58996,57327,44C41AC9A5B5CF96475586620449D24A
newcontents407,8405AD9DCC3A2850F880C2548A71AA52,259111,256219,8405AD9DCC3A2850F880C2548A71AA52
newcontents408,06451CC20D7DE0F32B6E9ECDD1A9F4EC,262968,260243,06451CC20D7DE0F32B6E9ECDD1A9F4EC
newcontents409,462088F5E887B809F1EB5A2EC3FD30E1,262876,260289,462088F5E887B809F1EB5A2EC3FD30E1
newcontents410,BEBA3C4A52CE516475BADDE88903BE60,257219,251900,BEBA3C4A52CE516475BADDE88903BE60
newcontents411,57DB7B5D0BB3CCC69FFB48F880F75EDF,262883,257670,57DB7B5D0BB3CCC69FFB48F880F75EDF
newcontents412,F906CAAE706F96A6F5DCD43A567CEB14,259254,254315,F906CAAE706F96A6F5DCD43A567CEB14
newcontents413,9E911D3C74CB631DD681FA2A399704AA,262841,259267,9E911D3C74CB631DD681FA2A399704AA
newcontents414,279D02C5955F466805DA9D09DBD5DA97,263192,259523,279D02C5955F466805DA9D09DBD5DA97
newcontents415,1E2EF6B72BE1EC881759B23EC09D2999,263006,260326,1E2EF6B72BE1EC881759B23EC09D2999
newcontents416,84F1590DBF33CD2149B802AB19CB6653,245811,242255,84F1590DBF33CD2149B802AB19CB6653
newcontents417,D783A98127651FB88BF3AC6CADC6E3BE,263003,259561,D783A98127651FB88BF3AC6CADC6E3BE
newcontents418,0FC2ED3C79775E23CDF650471C5702CD,261436,258242,0FC2ED3C79775E23CDF650471C5702CD
newcontents419,6C7D721E898E6DCB04ECD7E30EE52EAE,243917,236368,6C7D721E898E6DCB04ECD7E30EE52EAE
newcontents42,56EB057F06D1F630F74A079C3F8553BE,67406,66274,56EB057F06D1F630F74A079C3F8553BE
newcontents420,D0B457A3DA094FE92C1F6B37B625C1BA,246608,239570,D0B457A3DA094FE92C1F6B37B625C1BA
newcontents421,68F84AC0D3D4014A0077F45EF25FFF75,255377,250808,68F84AC0D3D4014A0077F45EF25FFF75
newcontents422,AE65106EA78688718C63DF5B1329BB87,262811,259922,AE65106EA78688718C63DF5B1329BB87
newcontents423,6F4D3D03F90D5764CBD182CE48DEB2DC,260328,253336,6F4D3D03F90D5764CBD182CE48DEB2DC
newcontents424,13BD522CF3B9C8775D9E5F0B3BB10C6B,258487,253855,13BD522CF3B9C8775D9E5F0B3BB10C6B
newcontents425,3EF4DD580F56B5730443BBDBFA0A54EE,258538,254047,3EF4DD580F56B5730443BBDBFA0A54EE
newcontents426,0A76891E222076803864650A395E5114,263763,260928,0A76891E222076803864650A395E5114
newcontents427,6EEF9BE245881D206413215805570198,251092,245766,6EEF9BE245881D206413215805570198
newcontents428,86D4CB684C551A8680B798F592957DF9,67138,65981,86D4CB684C551A8680B798F592957DF9
newcontents429,87C59CECFFDF9437B2A0A88EC74B6FFE,259970,254949,87C59CECFFDF9437B2A0A88EC74B6FFE
newcontents430,82CC37A8C63C4A4C9A567F8ABC587E5C,262330,258533,82CC37A8C63C4A4C9A567F8ABC587E5C
newcontents431,EFD5AA6F34F2F6EBDD7FDEDB50E2E2D5,255912,250991,EFD5AA6F34F2F6EBDD7FDEDB50E2E2D5
newcontents432,EF005078D5E1381E6B00FE5680579818,262030,259012,EF005078D5E1381E6B00FE5680579818
newcontents433,F079A14A3CE23748C325C921C8356B95,263557,261089,F079A14A3CE23748C325C921C8356B95
newcontents434,8B53E45129BF28DEBFBCEA5DC192179A,218940,212210,8B53E45129BF28DEBFBCEA5DC192179A
newcontents435,D54029179BABF52F4F14270BD74B7287,252628,245715,D54029179BABF52F4F14270BD74B7287
newcontents436,894A1A5E616871A66ECEF7570CC0B170,260979,256949,894A1A5E616871A66ECEF7570CC0B170
newcontents437,22A32EE7215315CBB0EAAA3BFF124585,260037,255657,22A32EE7215315CBB0EAAA3BFF124585
newcontents438,A6A7D765AEE115B3EC8D04ECD31CE3FD,256007,251298,A6A7D765AEE115B3EC8D04ECD31CE3FD
newcontents439,CA828E12898C1F45E27A48D8941C0C0E,262708,259098,CA828E12898C1F45E27A48D8941C0C0E
newcontents440,749843884169379EC5F7EBB2CE9A11B0,262655,259030,749843884169379EC5F7EBB2CE9A11B0
newcontents441,DF1A9A589AD1A949F6099EB72B7F4A03,235791,231165,DF1A9A589AD1A949F6099EB72B7F4A03
newcontents442,5E8F38FB263719DEF511CE48921248D4,254953,251593,5E8F38FB263719DEF511CE48921248D4
newcontents443,FCD888F6325E18D5FD617EA2151A2E65,260087,255854,FCD888F6325E18D5FD617EA2151A2E65
newcontents444,43305A4574069C03AF9040005A6A0825,261932,258737,43305A4574069C03AF9040005A6A0825
newcontents445,AF969BC3360010EEA6AE0F23854817A8,248045,241605,AF969BC3360010EEA6AE0F23854817A8
newcontents446,D5EFD14CD30DD85FCDB2750FE537F35D,261891,258270,D5EFD14CD30DD85FCDB2750FE537F35D
newcontents447,DD83B6612F12B236B2DDA5610027717D,263447,260177,DD83B6612F12B236B2DDA5610027717D
newcontents448,A4EC0E791BE51B5B5DCBD2C7798F52EA,260676,256300,A4EC0E791BE51B5B5DCBD2C7798F52EA
newcontents449,615FF348BE53941C30E8984653B26984,248060,241690,615FF348BE53941C30E8984653B26984
newcontents45,45B2ED1120DF8AE4BB597402AA4C2C07,67565,66642,45B2ED1120DF8AE4BB597402AA4C2C07
newcontents450,5F4B9CE9B9D602741431386605DEA27D,263270,260800,5F4B9CE9B9D602741431386605DEA27D
newcontents451,C0C3142C3CA1B68B750462E115BBEE49,262640,259671,C0C3142C3CA1B68B750462E115BBEE49
newcontents452,263102B0C42AAB92887D97F16CEF6E7A,263068,260737,263102B0C42AAB92887D97F16CEF6E7A
newcontents453,BA2266B7643D8051AC5A202C021ACFEC,260431,256779,BA2266B7643D8051AC5A202C021ACFEC
newcontents454,8994C3FF160328BABD59505B27F89EE3,263325,260583,8994C3FF160328BABD59505B27F89EE3
newcontents455,5146662F24A4C2314897C38D127E42FB,254411,248575,5146662F24A4C2314897C38D127E42FB
newcontents456,8022854BDB1593A549EEB24F36225FC4,262659,259534,8022854BDB1593A549EEB24F36225FC4
newcontents46,587D0122AAB75201E956C4C04D28AA5F,67544,66532,587D0122AAB75201E956C4C04D28AA5F
newcontents48,0047A473E85C9629BE5B1856CBA6EA4E,67467,66711,0047A473E85C9629BE5B1856CBA6EA4E
newcontents49,F1388E1F21942C0C864AE28FD554835B,66737,65252,F1388E1F21942C0C864AE28FD554835B
newcontents62,9DF52C4535DDF28E36059816B3F72075,66494,64703,9DF52C4535DDF28E36059816B3F72075
newcontents63,DFE2D10660BED26F9AAEBB8614107FE4,67461,66432,DFE2D10660BED26F9AAEBB8614107FE4
newcontents67,FAB6D7F8C4966D3C1DE5702B040F4C98,67399,66121,FAB6D7F8C4966D3C1DE5702B040F4C98
newcontents68,5729D72360E661C4B225BA695D9557CC,67511,66663,5729D72360E661C4B225BA695D9557CC
newcontents69,ED4930EC3159998513376BFE7E61CD71,67526,66549,ED4930EC3159998513376BFE7E61CD71
newcontents70,FEBDB816418F58AE26EC055EB4FCAA39,66849,65765,FEBDB816418F58AE26EC055EB4FCAA39
newcontents71,6477ABA18C8C4780A2326501B39D6D6C,67648,66887,6477ABA18C8C4780A2326501B39D6D6C
newcontents71_cn,A2E62B7CF6B76DE72B035F337E33EFF5,67614,66881,A2E62B7CF6B76DE72B035F337E33EFF5
newcontents72,9514B6064294BA023CB9EC6BD8E98141,67589,66875,9514B6064294BA023CB9EC6BD8E98141
newcontents73,CCC1F5147F9C5A04D5B22B9A55595E82,67609,66551,CCC1F5147F9C5A04D5B22B9A55595E82
newcontents74,24EB0896CB8E5BD7AFBAE6E7C8101FB8,67436,66487,24EB0896CB8E5BD7AFBAE6E7C8101FB8
newcontents75,9630A6ECE024A4B8E8232AFD4D1DDD9E,67499,66497,9630A6ECE024A4B8E8232AFD4D1DDD9E
newcontents76,CCC2BFB52B9E4C525B5A1A02AB24C515,67313,66295,CCC2BFB52B9E4C525B5A1A02AB24C515
newcontents77,CD10848D184BA50C3D8BB73748CB5779,67324,66082,CD10848D184BA50C3D8BB73748CB5779
newcontents78,E12B5722DDD21E132258DC8A8A026D22,67513,66896,E12B5722DDD21E132258DC8A8A026D22
newcontents79,297D83FF493BE638207D76C2434AFBBD,67159,66156,297D83FF493BE638207D76C2434AFBBD
newcontents80,717B363EE673A94DF7F525BFE13CBFCC,67458,66632,717B363EE673A94DF7F525BFE13CBFCC
newcontents81,1D15BA82DC1A6EB3B55CD75AE27BDFC5,67527,66519,1D15BA82DC1A6EB3B55CD75AE27BDFC5
newcontents82,6B9A1DE420E9B3813BC137A4A12339B7,67594,66849,6B9A1DE420E9B3813BC137A4A12339B7
newcontents83,F1E639276F337A131BE80FE09569FB31,66834,65564,F1E639276F337A131BE80FE09569FB31
newcontents84,A8302674304B0ECDBEE3F1499A93D23B,66597,65336,A8302674304B0ECDBEE3F1499A93D23B
newcontents85,069E47FBD066698834BE4907CB464CA2,67094,66161,069E47FBD066698834BE4907CB464CA2
newcontents86,053D603C5B8DD4B9F1E948D508A7B8A9,66985,65742,053D603C5B8DD4B9F1E948D508A7B8A9
newcontents87,F1787D22209D917D7A047C2C2D5978F1,67468,66213,F1787D22209D917D7A047C2C2D5978F1
newcontents88,22022753805684C2FD740896026A5165,67438,66182,22022753805684C2FD740896026A5165
newcontents89,A9915ED198FC735CEB56C442C9DEFBFA,67462,66630,A9915ED198FC735CEB56C442C9DEFBFA
newcontents90,B083DC47079E9A1339FDA37A836E3A53,66405,65443,B083DC47079E9A1339FDA37A836E3A53
newcontents91,4D92AB81B813F521341B2B6C85BB46A9,67309,66536,4D92AB81B813F521341B2B6C85BB46A9
newcontents92,F2EFFBA9E1262C37F065C642735F40E4,67337,66427,F2EFFBA9E1262C37F065C642735F40E4
newcontents93,584AEFB77B9CB55CB463DAD1459659DA,67504,66475,584AEFB77B9CB55CB463DAD1459659DA
newcontents94,8A2DE638CB9A8CD2AF019BDE201966F7,67408,66468,8A2DE638CB9A8CD2AF019BDE201966F7
newcontents95,52B54B82F608DD03717C5507A8EF7758,67437,66456,52B54B82F608DD03717C5507A8EF7758
newcontents96,29AE86D610FC37AF9A913E048573DA12,67050,66088,29AE86D610FC37AF9A913E048573DA12
newcontents98,A6E73B176BA36C3B4EC60E575E4FE4CE,66700,65588,A6E73B176BA36C3B4EC60E575E4FE4CE
newcontents99,A2CD9C42B615E7CDA0F951A9B75EB3FC,67601,66650,A2CD9C42B615E7CDA0F951A9B75EB3FC
noticepopup_antman,7F93CC839C161DF089FAFA94D89A29DD,155298,149567,7F93CC839C161DF089FAFA94D89A29DD
noticepopup_antman2,0F103068C11245D3EC626511898F53CD,156421,151246,0F103068C11245D3EC626511898F53CD
noticepopup_blackpanther,6EBB1CB00F39E8423FFF33B14893B786,156201,151134,6EBB1CB00F39E8423FFF33B14893B786
noticepopup_blackpanther2,8803F576CB1F20994373CA407AB9F0EC,157058,152262,8803F576CB1F20994373CA407AB9F0EC
noticepopup_blackwidow,1E2289C8F5EE715B6B0712FB6D832B37,157578,152201,1E2289C8F5EE715B6B0712FB6D832B37
noticepopup_captainmarvel,0B4A278C742C7085CC7941E5785FA263,155285,149293,0B4A278C742C7085CC7941E5785FA263
noticepopup_endgame,89D5C06796AA42CD9E6D52B28419E143,157793,152738,89D5C06796AA42CD9E6D52B28419E143
noticepopup_infinitywar,8AB79E452F14C36A9B0D346B6E3260AC,155737,150421,8AB79E452F14C36A9B0D346B6E3260AC
noticepopup_shangchi,4A4CD0F2C1E60EAED092FE5FE12A8CEA,157963,152637,4A4CD0F2C1E60EAED092FE5FE12A8CEA
noticepopup_spiderman,F03C1251762393164F53FEC392B50018,157639,152425,F03C1251762393164F53FEC392B50018
noticepopup_themarvels,9907122E4CE2A16B329EEA405253F41C,156308,150808,9907122E4CE2A16B329EEA405253F41C
noticepopup_thor,1C049C8F9256F1440FFB53FF799D4837,156167,150834,1C049C8F9256F1440FFB53FF799D4837
noticepopup_thor2,DA626986B89EA47B07C406CD9FE73BFA,156199,150941,DA626986B89EA47B07C406CD9FE73BFA
open_potential,706ED63B53A057F65E3F87F944EC5BA3,15156,14427,706ED63B53A057F65E3F87F944EC5BA3
open_potential_advanced,E1BB244DCC4E3CB8D951838EABA9F899,20594,19858,E1BB244DCC4E3CB8D951838EABA9F899
pack_odin_uru,9DD131BAC048C9609E36A0181FD26CD1,48314,47203,9DD131BAC048C9609E36A0181FD26CD1
premium_artifact_chest,3E1C6F418E0BCE1A3816276A86A8A951,67207,66476,3E1C6F418E0BCE1A3816276A86A8A951
premium_artifact_chest_free,F110212A70E60D824D10842879FF44A4,66996,65545,F110212A70E60D824D10842879FF44A4
premium_artifact_chest_special,153DC1C2EEDB20CE1DEC93A71D768F8B,67430,66991,153DC1C2EEDB20CE1DEC93A71D768F8B
premium_artifact_chest_ticket,9F2C3EABC112406AF875B698CB10C084,67253,66598,9F2C3EABC112406AF875B698CB10C084
premium_artifact_pickselect,7A05347D836404B7E8735E83E0AA256C,67038,65774,7A05347D836404B7E8735E83E0AA256C
premium_card_chest,833FB6F1FFABA6473F42CC808DBD3A56,67494,66972,833FB6F1FFABA6473F42CC808DBD3A56
premium_card_chest_fanho,4D2699EE5FD7FCBF11C929A49EAEFECF,67294,66693,4D2699EE5FD7FCBF11C929A49EAEFECF
premium_emblem_chest,2511B8C03063836311B9B41271AA9DB4,67550,67049,2511B8C03063836311B9B41271AA9DB4
premium_hero_chest,505E404705190987BFAA59424A5CF5D8,67451,66937,505E404705190987BFAA59424A5CF5D8
premium_hero_chest_fanho,D149E825281C33A5401452F5405D80C5,67371,66834,D149E825281C33A5401452F5405D80C5
premium_hero_ultimates,24F78A16DAB43C2CFF6DCF8284987A2B,256977,253164,24F78A16DAB43C2CFF6DCF8284987A2B
premium_iso8_chest,88ECA0F46E80DC95ADA6C28B324711A5,67542,66816,88ECA0F46E80DC95ADA6C28B324711A5
premium_iso8_chest_fanho,88125B66DF74C4EEDFA8E63F666844B2,67450,66747,88125B66DF74C4EEDFA8E63F666844B2
premium_jarvis_chest,9B7F1D19C63121B62F235FDFE9001F41,67421,66833,9B7F1D19C63121B62F235FDFE9001F41
premium_rune_chest,D039D8FF763E5AD439884D16F723E8B2,67554,66840,D039D8FF763E5AD439884D16F723E8B2
premium_special_chest,863D8953B1292E5126EDD6FE5244EC17,67520,66977,863D8953B1292E5126EDD6FE5244EC17
premium_special_chest_fanho,48AC7544AE254829945F4C64A9E991B5,67316,66718,48AC7544AE254829945F4C64A9E991B5
premium_typekit,F0D5954EF0A4B78643A4153017269008,67591,67057,F0D5954EF0A4B78643A4153017269008
premium_typekit_fanho,5CA8C0EF9128B03D7D1629EDDA945041,67544,66949,5CA8C0EF9128B03D7D1629EDDA945041
premium_typekit_fanho_1,BFE420DDDF79BA20429CCF7A141DF97B,67519,66944,BFE420DDDF79BA20429CCF7A141DF97B
premium_typekit_fanho_2,D4EC436E8DF6E2FD4C288F0B087CE57B,67502,66954,D4EC436E8DF6E2FD4C288F0B087CE57B
premium_typekit_fanho_3,0E1AC73CAA0BACBF675758A26CC9FD2A,67506,66949,0E1AC73CAA0BACBF675758A26CC9FD2A
premium_typekit_fanho_4,CF7A51CAA615BDA07B97FBE7E8A56A1F,67513,66968,CF7A51CAA615BDA07B97FBE7E8A56A1F
premium_uru_chest,C4D2B13899F33DD6D55F2C370B0FF7B6,67631,67058,C4D2B13899F33DD6D55F2C370B0FF7B6
premium_uru_chest_fanho,5C0B15EC9673CE83EB9C3FBF3B308775,67527,66898,5C0B15EC9673CE83EB9C3FBF3B308775
select_artifact_03,785384CBBBF0C161026AEE18AF23E0B2,25998,25142,785384CBBBF0C161026AEE18AF23E0B2
select_artifact_04,125F66B05C7BBCDE98694CEC1EC77DAA,26024,25178,125F66B05C7BBCDE98694CEC1EC77DAA
select_artifact_05,73E63AE613D62319692BA3C7E9501937,26003,25127,73E63AE613D62319692BA3C7E9501937
select_artifact_06,BD1EE28FABF453C4EA8A8DD054AAABF1,26027,25141,BD1EE28FABF453C4EA8A8DD054AAABF1
select_collection_token,803E327AFB89F3D2699B9EA6A4020BC1,29373,28294,803E327AFB89F3D2699B9EA6A4020BC1
select_ctp_01,436D9FC14887A816B719DCA4F17F495A,26011,25269,436D9FC14887A816B719DCA4F17F495A
select_ctp_advanced,997E9D23EC1B23FC01318E5D0AEED631,25883,25173,997E9D23EC1B23FC01318E5D0AEED631
select_ctp_advanced2,EA5AB8143560707DB1BB11811BA65718,25633,24976,EA5AB8143560707DB1BB11811BA65718
select_ctp_advanced2_01,CE1B5C4DF66F81C906DA762C6E138F53,25757,25137,CE1B5C4DF66F81C906DA762C6E138F53
select_ctp_advanced2_02,4B5705EB28D64DAD86E14968FA0D2F1D,26271,25662,4B5705EB28D64DAD86E14968FA0D2F1D
select_ctp_advanced3,1C91EBDCC6CA1D2BBE638B475EB4B80B,25480,24752,1C91EBDCC6CA1D2BBE638B475EB4B80B
select_ctp_advanced3_01,FD83BC3E3A18045D0D1D5F4693C57E7A,25738,25007,FD83BC3E3A18045D0D1D5F4693C57E7A
select_ctp_advanced3_02,C20FDEC805DE12F97A259EDEEBDF58A5,26274,25593,C20FDEC805DE12F97A259EDEEBDF58A5
select_hero_01,00DCB1E7A4C3F439D34E289003478073,25901,25241,00DCB1E7A4C3F439D34E289003478073
select_hero_02,BD8A7066858571C086F966D3DE196868,25892,25218,BD8A7066858571C086F966D3DE196868
select_hero_03,630BA30B8DB827B2CC9E0DEA4404F438,25922,25231,630BA30B8DB827B2CC9E0DEA4404F438
select_hero_04,70D19E341EEE4A995B523BBA1B6A076A,25905,25225,70D19E341EEE4A995B523BBA1B6A076A
select_hero_05,423A477D247A53B729401FFD176C78D5,25893,25183,423A477D247A53B729401FFD176C78D5
select_hero_06,E971F3CB95E529DCB435A34DA8300FF3,25902,25177,E971F3CB95E529DCB435A34DA8300FF3
select_hero_06_advanced,900A49A62386A1E9694FA3B742591D34,25876,25077,900A49A62386A1E9694FA3B742591D34
select_hero_6_both,8015FF44839741518621C6207A5068C2,26064,25367,8015FF44839741518621C6207A5068C2
select_hero_t3,E8CBE68ACDE89F324F9D522DE1FA4236,25884,25044,E8CBE68ACDE89F324F9D522DE1FA4236
select_hero_tier2,B513893B82E311C2D824D5462C990E16,25470,24758,B513893B82E311C2D824D5462C990E16
select_iso8_6,38D5AF2188B8E82CB0EA624917B7B7C4,25986,25100,38D5AF2188B8E82CB0EA624917B7B7C4
select_iso8_awaken6,DBF7C2FB7C08F43AF3793A5DECE5D838,25996,25047,DBF7C2FB7C08F43AF3793A5DECE5D838
select_item_01,B0A4E3AD5992511587BAEEF796322233,25858,24907,B0A4E3AD5992511587BAEEF796322233
select_item_02,96E4EE8F30D7F6225C936E97C8E23568,25413,24471,96E4EE8F30D7F6225C936E97C8E23568
select_item_03,7FD8BFD4EA8BEFE3EA696AFCEBE51CBF,27747,26652,7FD8BFD4EA8BEFE3EA696AFCEBE51CBF
select_item_04,937A5E18438FF05D4D31AF947589E5A3,26642,25577,937A5E18438FF05D4D31AF947589E5A3
select_item_05,2CA314E417BEB00258E5B5149BE3920E,27318,26220,2CA314E417BEB00258E5B5149BE3920E
select_item_06,6402831CF540DBB51C31143B578FFDCF,26626,25610,6402831CF540DBB51C31143B578FFDCF
select_item_07,C6775A1584CC4DE562D7ABA48CC17D81,25557,24650,C6775A1584CC4DE562D7ABA48CC17D81
select_item_14,160DEFD33962BDC965227637E913A78D,26043,25193,160DEFD33962BDC965227637E913A78D
select_item_odin,BC1BEA4B3B3E86AA5A66EDFEBE3F0F10,24914,23836,BC1BEA4B3B3E86AA5A66EDFEBE3F0F10
select_item_sword_04,31D53272B246A1A53A289B7A8EBF5780,24544,23774,31D53272B246A1A53A289B7A8EBF5780
select_item_sword_05,385D6C4CAD5B0AC7FC65A6747351637D,24547,23752,385D6C4CAD5B0AC7FC65A6747351637D
select_item_sword_06,DC70EE8E2FA7F4AA7518A8F563226780,24557,23800,DC70EE8E2FA7F4AA7518A8F563226780
select_specialgear_ctp,4BBCF12E6D1754FA3695A67EBDC705B1,25762,25011,4BBCF12E6D1754FA3695A67EBDC705B1
select_titan,7B283A5B4BD54BEA56D6F67C6AED4D95,26877,26262,7B283A5B4BD54BEA56D6F67C6AED4D95
shadowlandpoint_chest,CBC17B367C2B80151B276D8170E8C2B1,31158,29683,CBC17B367C2B80151B276D8170E8C2B1
shield_support_all,A2A12AD50FD2E88460FB500A7338183C,34759,33951,A2A12AD50FD2E88460FB500A7338183C
shield_support_single,BD7BF58C6B2DAC8BF67E4B2D7831C9DF,38915,38025,BD7BF58C6B2DAC8BF67E4B2D7831C9DF
shield_support_subscribe,57AF44086667282785F51FDD40792300,39481,38444,57AF44086667282785F51FDD40792300
shield_support_upgrade,6B0F3E22F85C75385197905B6F9363B0,42670,41675,6B0F3E22F85C75385197905B6F9363B0
shop_5th_anniversary_normal,77C960C3586B697E8F9CC1DA78207195,52683,51516,77C960C3586B697E8F9CC1DA78207195
shop_awaken01,FFF09FBA00DB8393A4B7F9C61579CD4B,24014,23081,FFF09FBA00DB8393A4B7F9C61579CD4B
shop_awaken02,E85C1A8A07114361EF1BDD25A6737D2D,23258,22396,E85C1A8A07114361EF1BDD25A6737D2D
shop_awaken03,00076C8EAF25F2109CE331221F000480,23608,22827,00076C8EAF25F2109CE331221F000480
shop_awaken04,CF7C21642D2203AB6ED5DE7A48476BAF,23607,22849,CF7C21642D2203AB6ED5DE7A48476BAF
shop_awakening_ctp,CF50A32AACA85ACAC93993D318CCFDCD,35237,34209,CF50A32AACA85ACAC93993D318CCFDCD
shop_awakening_premiumcard,AE9510C4265013074BEC3B2DBC8BB667,35817,34669,AE9510C4265013074BEC3B2DBC8BB667
shop_baronjemo_support,DA10548BF84AA2B06B94D9D680042193,32417,31312,DA10548BF84AA2B06B94D9D680042193
shop_beast_supplies,87E2CDA1A5F84C7C40BEF175B4393625,43170,41982,87E2CDA1A5F84C7C40BEF175B4393625
shop_bf2019_heropack_1,4C82F8CE4A3E105498607EA6B08434EA,34600,33136,4C82F8CE4A3E105498607EA6B08434EA
shop_bf2019_heropack_2,A2B773A8C24D080AFF493A87EAF564C4,33634,32169,A2B773A8C24D080AFF493A87EAF564C4
shop_bf2019_heropack_3,4D0CC416F423DEAA47C4D42F5BBF0CB4,34015,32563,4D0CC416F423DEAA47C4D42F5BBF0CB4
shop_bf2019_heropack_4,8FC547E0644F99BF5842CB7C00FCBFE9,34330,32824,8FC547E0644F99BF5842CB7C00FCBFE9
shop_bf2019_pack,8AA51BD3A0BFBB4724DC42992E2C6B97,43167,41642,8AA51BD3A0BFBB4724DC42992E2C6B97
shop_bf2019_relay2_1,579EB21A7C06742DBFC8DBD0F9F2710A,44128,42493,579EB21A7C06742DBFC8DBD0F9F2710A
shop_bf2019_relay2_2,2753FD5A940A11FF0E61AE2ABA471F56,42365,40722,2753FD5A940A11FF0E61AE2ABA471F56
shop_bf2019_relay2_3,A2E790F4A78DE24D16F497A737D09336,42000,40381,A2E790F4A78DE24D16F497A737D09336
shop_bf2019_relay2_4,52AD43E1F76F4FC4728C561464BD7B65,38622,37074,52AD43E1F76F4FC4728C561464BD7B65
shop_bf2019_relay2_5,352163CDC8BFDA89B642E6CFE6E448F9,26415,25103,352163CDC8BFDA89B642E6CFE6E448F9
shop_bf2019_relay_1,C5AE42FE3E7DCFFC13266CC5699ED70C,23675,22779,C5AE42FE3E7DCFFC13266CC5699ED70C
shop_bf2019_relay_2,0F90AAC0BB67F6A07482D5BAC34E4B44,36243,35148,0F90AAC0BB67F6A07482D5BAC34E4B44
shop_bf2019_relay_3,3454FD229F47F39BB8E8AAC4636E49FB,41328,39929,3454FD229F47F39BB8E8AAC4636E49FB
shop_bf2019_relay_4,B5E58A6E4F4ECB792F261290EA360052,40114,38642,B5E58A6E4F4ECB792F261290EA360052
shop_bf2019_relay_5,8CB961A2D2BC16DAA8E247125359C55B,45561,44137,8CB961A2D2BC16DAA8E247125359C55B
shop_bf2019_relay_6,9E9B809CE74C4A480F4CDCC87D80F883,50297,48661,9E9B809CE74C4A480F4CDCC87D80F883
shop_bf2019_surprise,B624852FF277D590BB97CA38454696D2,33080,31698,B624852FF277D590BB97CA38454696D2
shop_bf2022_relay_5,BE169D1C8E5EEF1A02357D419A62974A,52403,51456,BE169D1C8E5EEF1A02357D419A62974A
shop_bf2022_relay_6,0201D37F80480CB855AEE8CDABAFC469,53103,52127,0201D37F80480CB855AEE8CDABAFC469
shop_bf2023_relay_4,984D9C120BBD07701D5940503530079B,47493,46432,984D9C120BBD07701D5940503530079B
shop_bf2023_relay_5,F8141D5891A1A1CCB331771CEEA84543,52481,51552,F8141D5891A1A1CCB331771CEEA84543
shop_biometrics_ironheart,9CBEAD79361DBB8F7A58F4A49A0CD2AA,50627,49285,9CBEAD79361DBB8F7A58F4A49A0CD2AA
shop_biometrics_rescue,24F339EDA1D677798FB5610CBC316F29,50778,49528,24F339EDA1D677798FB5610CBC316F29
shop_blackfriday_pack1,86BA27D61544DA58C308499F9D70C0B7,55344,54357,86BA27D61544DA58C308499F9D70C0B7
shop_blackfriday_pack2,1771160A43CA05895E1D66CA5AFBD3C2,37152,35912,1771160A43CA05895E1D66CA5AFBD3C2
shop_blackfriday_pack3,B332C900C6C12667C116A9F7F319483B,45813,44383,B332C900C6C12667C116A9F7F319483B
shop_blackfriday_pack4,50F6C2FCC5141A3CEDC3581682362729,46481,45186,50F6C2FCC5141A3CEDC3581682362729
shop_blackfriday_pack5,B607D8513B829CA547A71D478D245D7C,50058,48736,B607D8513B829CA547A71D478D245D7C
shop_black_antimatter_rank1,616A28EB2486FB659CDA3A17FDDC7436,11103,10499,616A28EB2486FB659CDA3A17FDDC7436
shop_black_antimatter_rank2,E72EE0B4498E311C803ADD8CC71EE20B,16076,15383,E72EE0B4498E311C803ADD8CC71EE20B
shop_booster_event_01,6FA0F34F36C1FE466B70004C126A3C6B,5201,4885,6FA0F34F36C1FE466B70004C126A3C6B
shop_booster_gold02,2A8E6CE3A42CCD91371398D5C5A41837,22963,22131,2A8E6CE3A42CCD91371398D5C5A41837
shop_booster_hero02,E47D411C2034988606DE8E5CF3D097E3,21363,20422,E47D411C2034988606DE8E5CF3D097E3
shop_booster_lab02,E9350877D356A89A2469854C39C7B778,22372,21487,E9350877D356A89A2469854C39C7B778
shop_booster_rate_item,0664725988F3DECC4314981B68448BBD,23369,22383,0664725988F3DECC4314981B68448BBD
shop_booster_shield02,FFDDEEC7E126EDC299BD06320271EE6B,23225,22314,FFDDEEC7E126EDC299BD06320271EE6B
shop_bp,38F6DF03308AAD7734FB91C3F8819F2F,30032,28824,38F6DF03308AAD7734FB91C3F8819F2F
shop_bundle_special,7BAC62F7885557CEDFC95A353D3D2626,40206,39099,7BAC62F7885557CEDFC95A353D3D2626
shop_bundle_special2,2B9BC827BFB48ADF1ED64EECE7984A5E,27982,27133,2B9BC827BFB48ADF1ED64EECE7984A5E
shop_bundle_v770_thumnail_01,389645E4F16C8E274E590CAF18476394,52212,51048,389645E4F16C8E274E590CAF18476394
shop_cc_growth_s_p,04A38B6280BC6DD448A1564E75B32D01,22292,21721,04A38B6280BC6DD448A1564E75B32D01
shop_chest_1080_04,016B476EA729CBB2526A58DE78D478E9,27082,26209,016B476EA729CBB2526A58DE78D478E9
shop_chest_40013,85F2B1798CBCD1F0DC5E38595776F54B,26636,25859,85F2B1798CBCD1F0DC5E38595776F54B
shop_chest_60013,61EDCA4373CCA8850C73022E169ABBC1,25933,25137,61EDCA4373CCA8850C73022E169ABBC1
shop_chest_anniversary_10,A0F0AAA52F2B6122848D4AB8C36CF87D,25181,24470,A0F0AAA52F2B6122848D4AB8C36CF87D
shop_chest_anniversary_11,B6363229DD92E48581FC6839FB7B8E01,26783,25993,B6363229DD92E48581FC6839FB7B8E01
shop_chest_ap,92CF7A80871BFC441DDB1339E88ADC90,27447,25796,92CF7A80871BFC441DDB1339E88ADC90
shop_chest_aprilfools_2025,8EC09FADA78F6358ECC19EBDF5DD8166,26016,25003,8EC09FADA78F6358ECC19EBDF5DD8166
shop_chest_autumn,9B01121619BB5A987ADB9F4716FFAC02,29641,28534,9B01121619BB5A987ADB9F4716FFAC02
shop_chest_bf2022,B232C8FA7DCA0955557C47D02544A72B,28706,27507,B232C8FA7DCA0955557C47D02544A72B
shop_chest_bf2023,39526B85E43A36E3139A987163CC5705,28272,27105,39526B85E43A36E3139A987163CC5705
shop_chest_bf2024,A8C1240B421E48F9995DC36835DA47C8,28736,27625,A8C1240B421E48F9995DC36835DA47C8
shop_chest_bf2025,3C90AE307A8FBA9E218EEC283E688D4B,28694,27695,3C90AE307A8FBA9E218EEC283E688D4B
shop_chest_card,06A2DE76A44C3143212C385B79215E2F,26836,25966,06A2DE76A44C3143212C385B79215E2F
shop_chest_card_5,AC356F14CFE91D7B2BA7CA0DD9DDDC0D,32871,31873,AC356F14CFE91D7B2BA7CA0DD9DDDC0D
shop_chest_collection_token,59BD107C28650DF8B23E63B40F7AF765,28236,27055,59BD107C28650DF8B23E63B40F7AF765
shop_chest_craft_card_06,8A5228C3E4D2FC5B11F6A122F14B4675,34194,32993,8A5228C3E4D2FC5B11F6A122F14B4675
shop_chest_ctp_reforging_brilliant,4A7495054DACEF469458AB488CF752B7,54872,53499,4A7495054DACEF469458AB488CF752B7
shop_chest_emblem,D872A1A565318E5E086675DA3F3557CF,22426,21620,D872A1A565318E5E086675DA3F3557CF
shop_chest_eventstage,A62F7CEB329EED34CFEED12B34FCBA94,20690,19951,A62F7CEB329EED34CFEED12B34FCBA94
shop_chest_eventstage_1040,4EC232FE49E7E0FE879BC9CBE55D13D5,50862,49731,4EC232FE49E7E0FE879BC9CBE55D13D5
shop_chest_eventstage_690,9510AF6F0C2A516EBA5EB0078B9B8E60,21794,21002,9510AF6F0C2A516EBA5EB0078B9B8E60
shop_chest_eventstage_700,959AF139ED01395F94174B4D1B09F3F2,27795,27019,959AF139ED01395F94174B4D1B09F3F2
shop_chest_eventstage_710,AD5E17F6C13C4438661A1D9313DA924A,29976,28924,AD5E17F6C13C4438661A1D9313DA924A
shop_chest_eventstage_720,BCA00F9958AB87BC9ECEBC25FE7E29E4,28815,27859,BCA00F9958AB87BC9ECEBC25FE7E29E4
shop_chest_eventstage_730,EE98FB201386B7BD9892697B2285BB26,29438,28531,EE98FB201386B7BD9892697B2285BB26
shop_chest_eventstage_750,1D7E927A08663152EF054C028EEC4837,29707,28347,1D7E927A08663152EF054C028EEC4837
shop_chest_eventstage_760,672A94EC3CD7EB6E561447B1E051E9F5,25270,24527,672A94EC3CD7EB6E561447B1E051E9F5
shop_chest_eventstage_770,34EEACFB421DA830B82602D0D003EAD4,27673,26722,34EEACFB421DA830B82602D0D003EAD4
shop_chest_eventstage_790,174161DDB0F71E7705ABB0624C3F3E82,27220,26379,174161DDB0F71E7705ABB0624C3F3E82
shop_chest_eventstage_840,01E6199CCB8571AFB60ECE7606B3443A,50237,49140,01E6199CCB8571AFB60ECE7606B3443A
shop_chest_eventstage_860,D757B2001FBE4BA89A959BEEC3516C23,26022,25093,D757B2001FBE4BA89A959BEEC3516C23
shop_chest_eventstage_940,56F53C6B189941B5D6BBB386495727B4,49978,48810,56F53C6B189941B5D6BBB386495727B4
shop_chest_eventstage_960,9DE3BBC8F196BB048A4D16564E8F1919,26244,25340,9DE3BBC8F196BB048A4D16564E8F1919
shop_chest_eventstage_v1130,6FCC7E47CBB01B1EF11647F19D1F40BD,50774,49611,6FCC7E47CBB01B1EF11647F19D1F40BD
shop_chest_goldbox_bf2023,5F4D413F4C6E3C65E5966D1EC9832BC7,26582,25482,5F4D413F4C6E3C65E5966D1EC9832BC7
shop_chest_halloween_2022,2E4DCE9A20D80AEF21D54C0FE2372EE8,49887,48655,2E4DCE9A20D80AEF21D54C0FE2372EE8
shop_chest_halloween_2023,AA89AFD47E57C18E80BA2E51540ED09B,50824,49735,AA89AFD47E57C18E80BA2E51540ED09B
shop_chest_halloween_2024,C319FB3C237491CAE6557665FBCEAF05,50772,49599,C319FB3C237491CAE6557665FBCEAF05
shop_chest_halloween_2025,B9B27F6D391E31002276C6DD37D68754,50800,49712,B9B27F6D391E31002276C6DD37D68754
shop_chest_holiday_2023,5534163EF918817C7325D4215F512D4E,27646,26702,5534163EF918817C7325D4215F512D4E
shop_chest_holiday_2024,50640BBF85709E21D9A68C5F8E7140F1,25705,24782,50640BBF85709E21D9A68C5F8E7140F1
shop_chest_iso8_6,0F5C6DF3942DE34FE7399C05D401971E,32217,31254,0F5C6DF3942DE34FE7399C05D401971E
shop_chest_iso8_rank6m,BF95587F9C204100601E0F2819C72124,32812,31703,BF95587F9C204100601E0F2819C72124
shop_chest_legendplus,D3E1C40313E462836648E8D85F2EDB7D,22389,21593,D3E1C40313E462836648E8D85F2EDB7D
shop_chest_mutant,5808D74C209766C379137BC28AAA8B02,27379,26019,5808D74C209766C379137BC28AAA8B02
shop_chest_newyear_2021,3FF69864E9C118D72DAE8A29E6013DC7,27259,26555,3FF69864E9C118D72DAE8A29E6013DC7
shop_chest_premiumcard,22243FE28932D5840B4148BA1D4FA589,27301,26455,22243FE28932D5840B4148BA1D4FA589
shop_chest_pre_quest,A6BC63993D041B1A7135F10F06D9256E,26613,25670,A6BC63993D041B1A7135F10F06D9256E
shop_chest_privategear,550E55187D1236F0EC6856B8592D07C6,25737,24900,550E55187D1236F0EC6856B8592D07C6
shop_chest_rune_01,95BA4AA9598E50B084CBBA9DF87B944C,25810,24990,95BA4AA9598E50B084CBBA9DF87B944C
shop_chest_rune_02,E1C9760C3339507FAE746499B0FAE4C2,43147,42108,E1C9760C3339507FAE746499B0FAE4C2
shop_chest_spring_2026,160E35A724327B92F1BE99129EEA3620,28810,27644,160E35A724327B92F1BE99129EEA3620
shop_chest_summer,B69EA9DC11E983E57A25202EBF38FB18,29296,27883,B69EA9DC11E983E57A25202EBF38FB18
shop_chest_summer_2024,E6AAC1C79DC3C8950B22ADD978442468,26592,25724,E6AAC1C79DC3C8950B22ADD978442468
shop_chest_summer_2025,23F52A66F775B4C17FDA1DF8DBBAB615,26691,25851,23F52A66F775B4C17FDA1DF8DBBAB615
shop_chest_supply_t2,838F423B65DB3F1FF562B27A65192520,27120,26229,838F423B65DB3F1FF562B27A65192520
shop_chest_supply_t3,07D72EF02A7EB2D42205E9DC7D1DF7E2,27064,26174,07D72EF02A7EB2D42205E9DC7D1DF7E2
shop_chest_supply_t4,02BE085328FC4A6FD36FF0E1CFDFACB0,28208,27249,02BE085328FC4A6FD36FF0E1CFDFACB0
shop_chest_supply_xmen,D07FFF0B719707E1E6642326CDF5A6B9,27136,26250,D07FFF0B719707E1E6642326CDF5A6B9
shop_chest_teambuffitem_premium,DE8A87D11188D76952BED05384779246,26647,25810,DE8A87D11188D76952BED05384779246
shop_chest_uru,00655294C0CB118283F2D0688F2A65F6,26315,25519,00655294C0CB118283F2D0688F2A65F6
shop_chest_v1030_01,0B9E437C217907746C7D4F9DEF548C03,28131,27056,0B9E437C217907746C7D4F9DEF548C03
shop_chest_v860_01,7018A7C4F1C26B875A56D71C711F8F3D,26315,25099,7018A7C4F1C26B875A56D71C711F8F3D
shop_chest_v860_02,ECFC0603B0473F7D3368F03670F14CE5,26335,25335,ECFC0603B0473F7D3368F03670F14CE5
shop_chest_v890_01,DA1BB2738E021B48A97EEB7F193B8740,25994,24898,DA1BB2738E021B48A97EEB7F193B8740
shop_chest_v890_02,14161E86710F29D3C95966B80648A165,25421,24723,14161E86710F29D3C95966B80648A165
shop_chest_v910_01,10BF28DC80F175B8969E30C415F0CC62,28698,27454,10BF28DC80F175B8969E30C415F0CC62
shop_chest_v910_02,F470969FA5DF21FA1C874BC64F58C91C,25535,24748,F470969FA5DF21FA1C874BC64F58C91C
shop_chest_v920_01,07EE6BDEAA777AC5410E73C5EA11915A,26455,25541,07EE6BDEAA777AC5410E73C5EA11915A
shop_chest_v990_01,24D705376DD8F96810E3C613AA4B903C,26742,26036,24D705376DD8F96810E3C613AA4B903C
shop_chest_v990_02,06143FEADA7B9ABFCFF20135857A7E5E,25197,24492,06143FEADA7B9ABFCFF20135857A7E5E
shop_chest_v990_03,A95070FAB1C2ECCDE3FBB35FE4209F2F,26792,25880,A95070FAB1C2ECCDE3FBB35FE4209F2F
shop_collection_20_2,40584C4E432DF5D3C6A6FE42938F42F5,50087,48804,40584C4E432DF5D3C6A6FE42938F42F5
shop_collection_20_3,AF2FD04C6BE2996396B7A9F88808870C,49880,48412,AF2FD04C6BE2996396B7A9F88808870C
shop_collection_502_1,311837EB674616D63269D42BEFFD9538,50938,49959,311837EB674616D63269D42BEFFD9538
shop_collection_502_2,37DEEBBD8377A9CA078A741616F4659B,50275,48935,37DEEBBD8377A9CA078A741616F4659B
shop_collection_502_3,4EC2923BEF9A9B5E4BE8EB4993C092A0,50385,49245,4EC2923BEF9A9B5E4BE8EB4993C092A0
shop_collection_940_1,B49D88D1DD5094459725E21B15E8B7B8,50917,49860,B49D88D1DD5094459725E21B15E8B7B8
shop_collection_940_2,0C6854FF873C7671661FD693106179D9,51652,50869,0C6854FF873C7671661FD693106179D9
shop_collection_940_3,F44945B6FC7E0376524C777BD6435E39,52109,50618,F44945B6FC7E0376524C777BD6435E39
shop_cosmic_cube_2,5214F9738762A5DF1EEAE2CF70FF8B6A,41031,39669,5214F9738762A5DF1EEAE2CF70FF8B6A
shop_cover_003,A6079FE72EAAA62FD178948FAA4EC022,54771,53761,A6079FE72EAAA62FD178948FAA4EC022
shop_cover_007,2060B9E06DE5AD962C8EC906DC932B4D,29625,28675,2060B9E06DE5AD962C8EC906DC932B4D
shop_cover_008,70D80483804E7E6FAFCBCEF13553D726,31190,30150,70D80483804E7E6FAFCBCEF13553D726
shop_cover_009,8F67F069D1F12DDAB1E7B6C9D0565315,55390,54278,8F67F069D1F12DDAB1E7B6C9D0565315
shop_cover_010,E0BF75EDF40A72CB88436518899AC4E0,54878,53827,E0BF75EDF40A72CB88436518899AC4E0
shop_cover_012,6AB6571BF0AEC3B3690381DE8E174CE3,29438,28592,6AB6571BF0AEC3B3690381DE8E174CE3
shop_cover_013,8BCB2B6C44B5B01AB1B0D2B96C6E5834,29960,29118,8BCB2B6C44B5B01AB1B0D2B96C6E5834
shop_cresent_lucky,7D42D2E48C2D315029F6EBE3FE3D0395,27729,26710,7D42D2E48C2D315029F6EBE3FE3D0395
shop_ctp_exchange_ticket_3,80CE121A750E4D2D2374A821A8C236B8,26704,25836,80CE121A750E4D2D2374A821A8C236B8
shop_cyclops_supplies,77A584BE3D06369C65049BF8ED2189B2,32807,31666,77A584BE3D06369C65049BF8ED2189B2
shop_daily_biometrics_01,B45E1D28ECDF5756693179F12F956515,43903,42635,B45E1D28ECDF5756693179F12F956515
shop_daily_boost_01,F17D1DA5667DDAA7B84CA3EC54938F25,45078,43708,F17D1DA5667DDAA7B84CA3EC54938F25
shop_daily_gem_01,C3BC5310C02B3302D6F3361BF6F4372E,44640,43478,C3BC5310C02B3302D6F3361BF6F4372E
shop_daily_xgene_01,53351DE10F3C794B7CF9D26B361DFB59,43582,42345,53351DE10F3C794B7CF9D26B361DFB59
shop_danger_01,70B93184B0792E08748C549EFA935932,17262,16719,70B93184B0792E08748C549EFA935932
shop_danger_02,266F9BDF3EC3EE3BE613EB614EB6F8CC,16785,16094,266F9BDF3EC3EE3BE613EB614EB6F8CC
shop_danger_03,902EA46196EB633A67444393EC3D155E,16687,16087,902EA46196EB633A67444393EC3D155E
shop_danger_04,27ED036A80CA441C12E126535C82FC20,17077,16520,27ED036A80CA441C12E126535C82FC20
shop_deadpool_bomb,2F62084A58B4E4E35110D236CDB5B707,32065,30810,2F62084A58B4E4E35110D236CDB5B707
shop_emblem_59,4D775EE0563B0C3846AC7C5DDCC0FF11,35984,35155,4D775EE0563B0C3846AC7C5DDCC0FF11
shop_emblem_60,759D9FA0868FAD94A9E84597FACF162F,37360,36504,759D9FA0868FAD94A9E84597FACF162F
shop_emblem_61,56737D602BB0018D54E23B152809AD0A,34036,33250,56737D602BB0018D54E23B152809AD0A
shop_emblem_62,E3C0AB1943853BF7F78E7FA8AC3B5682,32995,32287,E3C0AB1943853BF7F78E7FA8AC3B5682
shop_emblem_63,C983C0F21F7A7C37D72784F7F5B6F3EB,36033,35312,C983C0F21F7A7C37D72784F7F5B6F3EB
shop_emblem_lvup,099BB64CDE34CC9B6190E80CA1AD06DE,18056,17329,099BB64CDE34CC9B6190E80CA1AD06DE
shop_enchant_rune_0,E6BE2299AB99885417759259313A267A,14297,13626,E6BE2299AB99885417759259313A267A
shop_enchant_rune_undo,E0D57552273B4B58959C09A1D52AA631,15186,14590,E0D57552273B4B58959C09A1D52AA631
shop_enchant_sword_0,E4329D015D1BB16BBD2429F31091EAFA,19366,18636,E4329D015D1BB16BBD2429F31091EAFA
shop_energy01,D45872E9BD9B51D0FB573338118B1FF0,22740,21905,D45872E9BD9B51D0FB573338118B1FF0
shop_energy02,A62D2B7F0A4D8C4DF49C55CEFC652833,32068,31010,A62D2B7F0A4D8C4DF49C55CEFC652833
shop_energy03,3234A7C0D3C290AD48DA933CCC3BCF23,25113,24310,3234A7C0D3C290AD48DA933CCC3BCF23
shop_everyday_growth_v1010,BFB5B056EA0FC7CF1EBA9B5E0FCD4C06,51811,50725,BFB5B056EA0FC7CF1EBA9B5E0FCD4C06
shop_everyday_growth_v1180,7BAB23900435D29758BF4BB8E6F04AE0,54089,53112,7BAB23900435D29758BF4BB8E6F04AE0
shop_exp_01,7DD692627E32C4D326F0D45D8FC9717B,20779,20068,7DD692627E32C4D326F0D45D8FC9717B
shop_exp_02,90FDBADA8C4A84CD4FCB366FC2AD114E,22045,21341,90FDBADA8C4A84CD4FCB366FC2AD114E
shop_exp_03,B8639B4F040D77059DE4ABDC75147C7D,19472,18843,B8639B4F040D77059DE4ABDC75147C7D
shop_exp_04,C50BA680A93EEA2F9933D6215226E82F,19544,18770,C50BA680A93EEA2F9933D6215226E82F
shop_fantastic_supplies,2DFC122165704B4D67750725C31DCECB,32472,31407,2DFC122165704B4D67750725C31DCECB
shop_fragment_01,7332E8601481BA766F0E29AB206FBBAB,24257,23427,7332E8601481BA766F0E29AB206FBBAB
shop_gearupkit,5E41D1674297D210C693F227C6C7C5ED,22160,21093,5E41D1674297D210C693F227C6C7C5ED
shop_gem001,F30EFC5F2ADA69BCE69B644EB7A29A4B,45133,43911,F30EFC5F2ADA69BCE69B644EB7A29A4B
shop_gem01,34E0DFB10B8EEACC6F80B7A411CA9BF8,18716,17789,34E0DFB10B8EEACC6F80B7A411CA9BF8
shop_gem02,F1C0D11E0749FA907638174CCDF24FC0,22398,21393,F1C0D11E0749FA907638174CCDF24FC0
shop_gem03,EB97FD61AE7A4595BE888C6FD33E1FBE,27079,26023,EB97FD61AE7A4595BE888C6FD33E1FBE
shop_gem04,154C3A235C4C604D1FCA5A5722B9D6DC,30439,29296,154C3A235C4C604D1FCA5A5722B9D6DC
shop_gem05,DF5F93AF5099A2B51D130437836D1460,33328,32075,DF5F93AF5099A2B51D130437836D1460
shop_gem06,B1C1378D0B054B65256BCBEC2DD22C3F,37752,36580,B1C1378D0B054B65256BCBEC2DD22C3F
shop_gem07,A7F4FCDDA3FEE5ACD330E0E6340C6DB5,16201,15278,A7F4FCDDA3FEE5ACD330E0E6340C6DB5
shop_gem13,EECB37128DA4473D4FE784D7ED99502D,41868,40503,EECB37128DA4473D4FE784D7ED99502D
shop_ghostrider_6,951F0AFDE86B2CA74FA5686C3C88AA24,50617,49529,951F0AFDE86B2CA74FA5686C3C88AA24
shop_gift_uniform,F80358A53ABF1F71A2138D97FF85E725,35763,34675,F80358A53ABF1F71A2138D97FF85E725
shop_gold01,E19EAA973568D4D7A9766F62F98CC6E1,10000,9392,E19EAA973568D4D7A9766F62F98CC6E1
shop_gold02,119D378557E4A7585BD76832A33AAC29,12321,11721,119D378557E4A7585BD76832A33AAC29
shop_gold03,F69BFFBDA47888A5EDB6B66E692E5DDA,13627,12932,F69BFFBDA47888A5EDB6B66E692E5DDA
shop_gold04,587EE00D6EED01C32A0870C45FE03A14,20161,19381,587EE00D6EED01C32A0870C45FE03A14
shop_gold05,1F935D2E92DF662B4287620E0BF7DA94,30390,29338,1F935D2E92DF662B4287620E0BF7DA94
shop_gold06,B940846586CA03BB6BA166DC341A1663,33036,32035,B940846586CA03BB6BA166DC341A1663
shop_gold07,DCA2064FF68681930D2ACC69284D1F86,33685,32736,DCA2064FF68681930D2ACC69284D1F86
shop_gold07_v410,C7AE7DAC0DEBF0770F2B04221A784C62,32741,31781,C7AE7DAC0DEBF0770F2B04221A784C62
shop_gold08,3FE183EA41897957F1EBE09040208355,8441,7867,3FE183EA41897957F1EBE09040208355
shop_gold09,61CE2E4C540C2CB81546C1D99FCA4ED5,31987,30964,61CE2E4C540C2CB81546C1D99FCA4ED5
shop_gwenpool_toy,C944A8E5B9B17DD83C9F43363700F65B,32216,31100,C944A8E5B9B17DD83C9F43363700F65B
shop_halloween_pack,9A397D099266D3DE0FB5147C72898E20,39891,38625,9A397D099266D3DE0FB5147C72898E20
shop_hero_spot_01,574F9EE8AC48461BE4951029BD55171D,48564,47474,574F9EE8AC48461BE4951029BD55171D
shop_holloween_2019,0EC8AF9D8135E15128A49954158BBAE9,33699,32639,0EC8AF9D8135E15128A49954158BBAE9
shop_icon_addon_open,D5B8E665DE19C63029709C87986EB895,24398,23436,D5B8E665DE19C63029709C87986EB895
shop_icon_addon_upgrade,9DEEA0ADFB8F5754C164639D8960BCEC,18311,17710,9DEEA0ADFB8F5754C164639D8960BCEC
shop_icon_event_1,E5EAE47AA294A5BBC398D860EB4A7DB6,52623,51428,E5EAE47AA294A5BBC398D860EB4A7DB6
shop_icon_event_10,5935D0E8DFEA25044CBA0AB377B8BDB4,51905,50637,5935D0E8DFEA25044CBA0AB377B8BDB4
shop_icon_event_100,082F314C1282D711D1E0A207B07344D6,52485,51281,082F314C1282D711D1E0A207B07344D6
shop_icon_event_104,61206873CA8D13F707EA145AE0093B93,52438,51293,61206873CA8D13F707EA145AE0093B93
shop_icon_event_105,8A64EC0C6E0693C1B96B6BAA096562FE,52245,51057,8A64EC0C6E0693C1B96B6BAA096562FE
shop_icon_event_107,6ABBA0CB0DBAE5DC0455437F53E5F99C,52517,51423,6ABBA0CB0DBAE5DC0455437F53E5F99C
shop_icon_event_108,4A5EB31D99FFA99136FF0EF291ECDC91,52481,51262,4A5EB31D99FFA99136FF0EF291ECDC91
shop_icon_event_109,7972F0A5C63D52A437C3988DD8C4FDE4,52104,50832,7972F0A5C63D52A437C3988DD8C4FDE4
shop_icon_event_11,4BC8DC5286EF1FECEFE686039107C7FE,52552,51365,4BC8DC5286EF1FECEFE686039107C7FE
shop_icon_event_12,7321A3117E9054064ADDEF695C676900,52528,51167,7321A3117E9054064ADDEF695C676900
shop_icon_event_13,29C24A5C1ED35E4523F00F1FB896EB86,51166,49717,29C24A5C1ED35E4523F00F1FB896EB86
shop_icon_event_15,9890A37A27EA3AB6CCDE3E87AF725113,52540,51186,9890A37A27EA3AB6CCDE3E87AF725113
shop_icon_event_16,88327B20F4E6B9CCEFCC7D5BE6FDA6DD,52573,51337,88327B20F4E6B9CCEFCC7D5BE6FDA6DD
shop_icon_event_17,F31FA3602CE1311A25A81C8BD0C1F863,52611,51457,F31FA3602CE1311A25A81C8BD0C1F863
shop_icon_event_18,8917D71B96814B5A5409F706FC699EA1,52563,51439,8917D71B96814B5A5409F706FC699EA1
shop_icon_event_19,7ECFD922C105E8583671F579BD36B6BA,52593,51385,7ECFD922C105E8583671F579BD36B6BA
shop_icon_event_2,BF367882C0D4EF2AE37D645D4DDE3956,52658,51433,BF367882C0D4EF2AE37D645D4DDE3956
shop_icon_event_21,336FE9D1CEC96369E20586F257A5692D,52434,51137,336FE9D1CEC96369E20586F257A5692D
shop_icon_event_23,FA669F6C82A3117BDEAD7D9C6FFE7CFE,52527,51400,FA669F6C82A3117BDEAD7D9C6FFE7CFE
shop_icon_event_24,09300C2CD6A14E442D6FB22E0E84DC70,52595,51437,09300C2CD6A14E442D6FB22E0E84DC70
shop_icon_event_25,0C3624EA67E41BC968BF55038EA82DBB,52357,51108,0C3624EA67E41BC968BF55038EA82DBB
shop_icon_event_27,30CADDF5567ECC61FDC0C883F3CF61BA,52501,51325,30CADDF5567ECC61FDC0C883F3CF61BA
shop_icon_event_29,4149A062FF0D71B86EDF6782F811AA01,52499,51309,4149A062FF0D71B86EDF6782F811AA01
shop_icon_event_3,ABD4081342B8BDEAEC8FEAD5758BF2EF,52665,51454,ABD4081342B8BDEAEC8FEAD5758BF2EF
shop_icon_event_31,FB6B6C195ECEF7B511E27D0A2A3B87BA,52467,51245,FB6B6C195ECEF7B511E27D0A2A3B87BA
shop_icon_event_32,3C5F18C738536EE807BF07C30059EAAE,52491,51358,3C5F18C738536EE807BF07C30059EAAE
shop_icon_event_33,5502ACF6CD7FEA814229DC5B49D23B3E,52190,51030,5502ACF6CD7FEA814229DC5B49D23B3E
shop_icon_event_37,2C2D971D10BBDED470671D9CB0FA8660,52489,51369,2C2D971D10BBDED470671D9CB0FA8660
shop_icon_event_39,296A9C9DDBCD815478BCA633AD32DF7D,52483,51350,296A9C9DDBCD815478BCA633AD32DF7D
shop_icon_event_4,0676FEF0A0E4C68E2D4A720F1E54721C,52685,51418,0676FEF0A0E4C68E2D4A720F1E54721C
shop_icon_event_41,9982F0A937635B52A47251556DD9C372,52333,51043,9982F0A937635B52A47251556DD9C372
shop_icon_event_42,05A4F2CB3306E6CFB9F9245162BE6BD0,52494,51340,05A4F2CB3306E6CFB9F9245162BE6BD0
shop_icon_event_44,F7B0674B2E42B7237FB55935483B1571,52371,51070,F7B0674B2E42B7237FB55935483B1571
shop_icon_event_45,221B4B6B763445D72CEDAD49DFD59FDA,52383,51207,221B4B6B763445D72CEDAD49DFD59FDA
shop_icon_event_47,C7C353F75B11F1C5E1DB48FDB132AC0F,52453,51272,C7C353F75B11F1C5E1DB48FDB132AC0F
shop_icon_event_49,21599CE3DE3FCC27CB6AE4A8193AC5A7,52449,51239,21599CE3DE3FCC27CB6AE4A8193AC5A7
shop_icon_event_5,B444536E085A52FBE99229A3243AC714,52574,51446,B444536E085A52FBE99229A3243AC714
shop_icon_event_51,531664CFA68FBC7F978F61F24C2D84A6,52451,51226,531664CFA68FBC7F978F61F24C2D84A6
shop_icon_event_53,282860180B05BB560BD21305E96D9D62,52506,51382,282860180B05BB560BD21305E96D9D62
shop_icon_event_55,B44462A877DD8AC260F1B491F67E4FC7,52428,51156,B44462A877DD8AC260F1B491F67E4FC7
shop_icon_event_57,31FD28C7F95E3319B0E2C3A7E7105BAB,52476,51254,31FD28C7F95E3319B0E2C3A7E7105BAB
shop_icon_event_59,655ABCC64CB042804FEE920F9111F922,52494,51258,655ABCC64CB042804FEE920F9111F922
shop_icon_event_6,6815E58CF37C725B0C798972E81BE9C8,52503,51306,6815E58CF37C725B0C798972E81BE9C8
shop_icon_event_61,5376C211FFF78637D1F5DEB5EC66A652,52472,51245,5376C211FFF78637D1F5DEB5EC66A652
shop_icon_event_63,E49F42F30AD5936F67454F0FD8965B43,52510,51334,E49F42F30AD5936F67454F0FD8965B43
shop_icon_event_65,9D9FDCF129766D72C29EF1A7D9346624,52487,51312,9D9FDCF129766D72C29EF1A7D9346624
shop_icon_event_67,B77F96C2DE0CF5AB8B04AB1F44968F75,52493,51425,B77F96C2DE0CF5AB8B04AB1F44968F75
shop_icon_event_68,3303E14220323A76113DFBB617D623FD,52484,51362,3303E14220323A76113DFBB617D623FD
shop_icon_event_7,FF9ECF3CBE6E52CAAC973D353C3330C1,52474,51302,FF9ECF3CBE6E52CAAC973D353C3330C1
shop_icon_event_70,798BE7C4C65D60F52181731CAD05DA5B,52478,51299,798BE7C4C65D60F52181731CAD05DA5B
shop_icon_event_72,4535F3AA8A92348D6AFC0AE0B469582B,52478,51325,4535F3AA8A92348D6AFC0AE0B469582B
shop_icon_event_73,4AEA7C8DD7F3AE4737B979CE9BC5AB37,52492,51372,4AEA7C8DD7F3AE4737B979CE9BC5AB37
shop_icon_event_75,8271DE73F11F078DA8C65C0863E1A0B4,52424,51265,8271DE73F11F078DA8C65C0863E1A0B4
shop_icon_event_79,9198050D4AFCA1DB979470B0A5795449,52379,51190,9198050D4AFCA1DB979470B0A5795449
shop_icon_event_8,4EAF4ED84F0D517E8029E0D874B0C29F,52581,51457,4EAF4ED84F0D517E8029E0D874B0C29F
shop_icon_event_82,ED98377A3E29F129EACD2BB77948C1F2,52476,51335,ED98377A3E29F129EACD2BB77948C1F2
shop_icon_event_83,F5893761795DC7ED332156D7B56065B8,52516,51286,F5893761795DC7ED332156D7B56065B8
shop_icon_event_85,988E7C1229136DFED4DA3B2E12FB0572,52486,51361,988E7C1229136DFED4DA3B2E12FB0572
shop_icon_event_87,57DB813CFBA9B8563CAC6E3F12DC7096,52494,51357,57DB813CFBA9B8563CAC6E3F12DC7096
shop_icon_event_88,722A080A9AB3F50E0FF182C1D9655EFD,52497,51226,722A080A9AB3F50E0FF182C1D9655EFD
shop_icon_event_9,A8ED048396783B6535BEBB68296ED8AA,52462,51141,A8ED048396783B6535BEBB68296ED8AA
shop_icon_event_90,37D593CFAC32016061736DB60803D22F,52479,51305,37D593CFAC32016061736DB60803D22F
shop_icon_event_92,8CAD54450AEC52A5C0BFD60FAAA3E6BE,52497,51375,8CAD54450AEC52A5C0BFD60FAAA3E6BE
shop_icon_event_95,CEC673B72BD43FDB3E4A288C32D31DDD,52478,51351,CEC673B72BD43FDB3E4A288C32D31DDD
shop_icon_event_98,0BFA293536E8819A49A2DBDB45F190AE,52466,51355,0BFA293536E8819A49A2DBDB45F190AE
shop_icon_sp_1,29FB22EFB53572B3DAB1D74BB6E5F1CD,52500,51338,29FB22EFB53572B3DAB1D74BB6E5F1CD
shop_infinity_01,F0F60136A0EEF91A2001E289E963B2EC,28075,26996,F0F60136A0EEF91A2001E289E963B2EC
shop_infinity_02,D1F0D94CB9BD7246A8AACC6DB84DB80B,32370,31238,D1F0D94CB9BD7246A8AACC6DB84DB80B
shop_infinity_03,659EA79CDFEA6EDEA1701CD7C11DF0B7,38327,37260,659EA79CDFEA6EDEA1701CD7C11DF0B7
shop_infinity_04,FF38A14696941AAD42FD50AD40BD4901,42842,41587,FF38A14696941AAD42FD50AD40BD4901
shop_infinity_05,A05D6049338F7DD44579EBC6992AD6CF,46682,45634,A05D6049338F7DD44579EBC6992AD6CF
shop_infinity_premium,01BBB846E449BC7657CFAE1E80F1493B,37439,36378,01BBB846E449BC7657CFAE1E80F1493B
shop_infinity_premium_v410,831A954D50DC2A7A2573D3FAD965C0C6,37436,36235,831A954D50DC2A7A2573D3FAD965C0C6
shop_infinity_special,06788E640C64DB6898B88AB93329142A,30285,29376,06788E640C64DB6898B88AB93329142A
shop_infinity_special_v410,614530146D3441DE16B8D29FEF20E957,30369,29412,614530146D3441DE16B8D29FEF20E957
shop_iso8_black,AC63877BB826F1B60A526751AFC72BCB,15312,14455,AC63877BB826F1B60A526751AFC72BCB
shop_item_select_vishanti,2832C376D3FB7C09E12BF9F6E55891F8,26079,25445,2832C376D3FB7C09E12BF9F6E55891F8
shop_july_cn_1,41089E13B71F1ABCB017C3F718AF2EAF,27557,26567,41089E13B71F1ABCB017C3F718AF2EAF
shop_july_cn_2,8F087E530A2A987DB0E134D52C7BDE09,28613,27569,8F087E530A2A987DB0E134D52C7BDE09
shop_july_cn_3,21D95B52C9BA3CFE1150426E174C8612,38126,36862,21D95B52C9BA3CFE1150426E174C8612
shop_lobby_theme_2,621352E19C410B06EF6468891B562717,35466,34431,621352E19C410B06EF6468891B562717
shop_lobby_theme_3,064E32A95B469730EB25EE2B3DB45D82,35881,35152,064E32A95B469730EB25EE2B3DB45D82
shop_lobby_theme_4,D6CF3C18D33F5D4425301B96EBD24341,35872,35007,D6CF3C18D33F5D4425301B96EBD24341
shop_lobby_theme_5,D3B25BCD18A9B527B6D47DDA7266115F,35832,34967,D3B25BCD18A9B527B6D47DDA7266115F
shop_lobby_theme_6,EBF5BBA277593A254993317365967D1C,36076,35437,EBF5BBA277593A254993317365967D1C
shop_mega_upgrade_v470,ECC7F315CE885A23FF3EE4E74BE92DFD,34743,33642,ECC7F315CE885A23FF3EE4E74BE92DFD
shop_mission_9th_7days,FF09AC9CBD654D01351B2E8154EAC037,49904,48785,FF09AC9CBD654D01351B2E8154EAC037
shop_mission_check1,B58303DBC7C77B9C3A1A48551542D03B,40052,38927,B58303DBC7C77B9C3A1A48551542D03B
shop_mission_check2,8520FCDD966F37370348D2BD8C952D74,40977,39917,8520FCDD966F37370348D2BD8C952D74
shop_mission_gear_v710,2BF7021EF2FA322C43EA2D0EFE4D6F21,45837,44644,2BF7021EF2FA322C43EA2D0EFE4D6F21
shop_mission_level,C516846CD867447B8D5EFC4D010E0304,40675,39730,C516846CD867447B8D5EFC4D010E0304
shop_mission_loki,79E148A1A3FEFF2CBE397DB96ED360BA,38798,37745,79E148A1A3FEFF2CBE397DB96ED360BA
shop_mission_shield_level1,BCE71C87D09FD7C84A3EAD0CBC0CA3E2,57104,55978,BCE71C87D09FD7C84A3EAD0CBC0CA3E2
shop_mission_shield_level2,D32D53A7EF3F78CB58C558625305666D,55492,54406,D32D53A7EF3F78CB58C558625305666D
shop_mission_shield_level3,EEC0E505C9E554E9C04C8A92C904602B,58921,57872,EEC0E505C9E554E9C04C8A92C904602B
shop_mission_t3_7days,039281D26C946F725749BF14B707AD16,43963,42938,039281D26C946F725749BF14B707AD16
shop_mission_t3_v740,013A98E407D38CF235089EDB5730CBF5,49439,48205,013A98E407D38CF235089EDB5730CBF5
shop_mission_uniform,32B1157D539A87DAB13672EBE6208F0B,44105,43046,32B1157D539A87DAB13672EBE6208F0B
shop_mkraan_crystal,510CE58D29D4943DEFE04CCE717DAF7E,16690,15908,510CE58D29D4943DEFE04CCE717DAF7E
shop_mkraan_shard,8275790209DAD76442F66166082E97D5,14547,13876,8275790209DAD76442F66166082E97D5
shop_monthly_bm,0C9F45A48A4382BC03DFF700FC1CDCFC,42762,41407,0C9F45A48A4382BC03DFF700FC1CDCFC
shop_monthly_boost,38025DF83830EE219FBD37F21D001D8B,42677,41338,38025DF83830EE219FBD37F21D001D8B
shop_monthly_growth,20E090ED15CC66C64FF09D3D0644E4E6,45428,44026,20E090ED15CC66C64FF09D3D0644E4E6
shop_monthly_heromap_upgrade,17D487F9B111166718965CA0403C91ED,51291,50037,17D487F9B111166718965CA0403C91ED
shop_monthly_upgrade,D65CA9C11C9E0A538652B96E89D54867,36019,35079,D65CA9C11C9E0A538652B96E89D54867
shop_monthly_xgene,D8ED8DBB3F6A93AA7260475F2C169E3E,42746,41393,D8ED8DBB3F6A93AA7260475F2C169E3E
shop_morgan_6,B4388284C3E42785F3CC172F1C09F8F2,50396,49203,B4388284C3E42785F3CC172F1C09F8F2
shop_newyear_2020_1,CF36C4F769AD4253CD483F2F11D1B26F,38589,37584,CF36C4F769AD4253CD483F2F11D1B26F
shop_newyear_2020_2,BB7301D8A3CBFD6D1225DAC7665DD4A8,41202,40121,BB7301D8A3CBFD6D1225DAC7665DD4A8
shop_nickname,0F09B2BC1661C693DA0F7C87F453FE7A,26080,25332,0F09B2BC1661C693DA0F7C87F453FE7A
shop_open_potential_2nd,CF8B0059AA2281FDA0E543B7278EF951,16347,15609,CF8B0059AA2281FDA0E543B7278EF951
shop_pack_3rdyear,685A7A7D46A3AF44B269144BB8820233,37823,36555,685A7A7D46A3AF44B269144BB8820233
shop_pack_4th_anniversary_v500,160831DBBAFE5BEE3493DDE3651DAA0F,42468,41329,160831DBBAFE5BEE3493DDE3651DAA0F
shop_pack_5th_1,92BFBBE61F4AFCF61A0D985F4F4ECF85,47202,46261,92BFBBE61F4AFCF61A0D985F4F4ECF85
shop_pack_5th_2,61746746709314744DDEC914FBB94E45,48012,47064,61746746709314744DDEC914FBB94E45
shop_pack_90111,FE783C29B3F068096D948F4779F6FBEA,26755,25913,FE783C29B3F068096D948F4779F6FBEA
shop_pack_90111_token380,8C123125A8BB54DCD4929F8F2DC37E77,39236,37973,8C123125A8BB54DCD4929F8F2DC37E77
shop_pack_90111_v410,5DE30174DFAB9FE9069250E165DBAA14,29456,28527,5DE30174DFAB9FE9069250E165DBAA14
shop_pack_90111_v450,4E7ABF5A84A79F266F986A271FA15BD4,29466,28505,4E7ABF5A84A79F266F986A271FA15BD4
shop_pack_90112,8B376BB8AAC2175BEB689C8BADA2C922,29265,28326,8B376BB8AAC2175BEB689C8BADA2C922
shop_pack_90112_token380,0C5E651E822ACA6C8687343B97C000B5,40154,38946,0C5E651E822ACA6C8687343B97C000B5
shop_pack_90112_v410,CE8B2E5E8D781DE2C63C1D97ADDFE7F3,31166,30307,CE8B2E5E8D781DE2C63C1D97ADDFE7F3
shop_pack_90112_v450,C599E9A9ED1AA1E296801C0EE029A164,31127,30201,C599E9A9ED1AA1E296801C0EE029A164
shop_pack_90113,D45DF9248F26DC9977486AA5F6E55DBC,29473,28569,D45DF9248F26DC9977486AA5F6E55DBC
shop_pack_90113_token380,5FCDA254D3159CF45E9C271BF6A92350,40372,39171,5FCDA254D3159CF45E9C271BF6A92350
shop_pack_90113_v410,9B3A0BDC367A527FA4E57A0FC86430D7,31786,30884,9B3A0BDC367A527FA4E57A0FC86430D7
shop_pack_90113_v450,A3FA000906B8725021F0E11DE2804ECB,31783,30828,A3FA000906B8725021F0E11DE2804ECB
shop_pack_90137,D5DE63F8B3FC8D69DB4748A2A68EA978,36912,35601,D5DE63F8B3FC8D69DB4748A2A68EA978
shop_pack_90137_token380,4133EB6B674B9FA63DE7FE9334551A50,43457,42215,4133EB6B674B9FA63DE7FE9334551A50
shop_pack_90137_v410,251E28B50E8915578EAA344C93BB70D6,41474,40310,251E28B50E8915578EAA344C93BB70D6
shop_pack_90138,FC9699EF4D929213EA6340C6C55CC1F2,29718,28810,FC9699EF4D929213EA6340C6C55CC1F2
shop_pack_90139,29B6FF31CF2FAF2062B670D3DE8CB6A6,40219,39234,29B6FF31CF2FAF2062B670D3DE8CB6A6
shop_pack_90139_token380,30CCEE16745504451BC2D85245448959,51186,50044,30CCEE16745504451BC2D85245448959
shop_pack_90139_v410,A00BBBE0818C7ACB6C63F0142BB4F7D4,50887,49809,A00BBBE0818C7ACB6C63F0142BB4F7D4
shop_pack_90171,1CE95B8287A103C7E4E5DA6F6EAE25C3,40075,39085,1CE95B8287A103C7E4E5DA6F6EAE25C3
shop_pack_90172,E9CC28CF4C5C9A6F78D097911CB70E30,30424,29434,E9CC28CF4C5C9A6F78D097911CB70E30
shop_pack_90173,6635A3D6EA020680C270C8FA29D2D947,30554,29510,6635A3D6EA020680C270C8FA29D2D947
shop_pack_90174,BBFAC36F39D8BE8F3229F07993AB433B,38127,37068,BBFAC36F39D8BE8F3229F07993AB433B
shop_pack_90175,06410DC2454B4A9C46CB093D84C70D47,30407,29417,06410DC2454B4A9C46CB093D84C70D47
shop_pack_90176,2C1F0AE7324CC5D93FA0EDF986E3F895,40219,39156,2C1F0AE7324CC5D93FA0EDF986E3F895
shop_pack_90177,3FF92F6D57B84F10154373B86B2C60EB,27318,26494,3FF92F6D57B84F10154373B86B2C60EB
shop_pack_90178,1C03FB053CFA790749C49E516A93CB2F,37877,36917,1C03FB053CFA790749C49E516A93CB2F
shop_pack_90183,287A3F72B26831AFC9B0AE7202C0A784,40879,39787,287A3F72B26831AFC9B0AE7202C0A784
shop_pack_90184,C9B6433FA30BF0F5EC2900FA13F90C93,40695,39482,C9B6433FA30BF0F5EC2900FA13F90C93
shop_pack_90185,2DA0785F25A2B456A719EBAD59421B1B,35828,34661,2DA0785F25A2B456A719EBAD59421B1B
shop_pack_90194,5C1BB4EBE69BFE3787B3C69E736AA57D,25465,24517,5C1BB4EBE69BFE3787B3C69E736AA57D
shop_pack_90200,6DF66E2AAF4F4EAF5EE45AD78A64A8A8,32681,31808,6DF66E2AAF4F4EAF5EE45AD78A64A8A8
shop_pack_90201,0ED1F5D277F614E9683CB496EF5C8A79,33605,32744,0ED1F5D277F614E9683CB496EF5C8A79
shop_pack_90202,EB3C568A235457F448879A9412A2EE44,30413,29530,EB3C568A235457F448879A9412A2EE44
shop_pack_90203,E400F7E1D1C6AAE152AE34BDFCB0833A,31050,30121,E400F7E1D1C6AAE152AE34BDFCB0833A
shop_pack_90208,115E82231E728F925726D797590438CB,33599,32694,115E82231E728F925726D797590438CB
shop_pack_91026,ED799E64DE0F6842267B55893E5E58F9,21890,21004,ED799E64DE0F6842267B55893E5E58F9
shop_pack_agent1_v500,0498CD4CACBA41E01397D12040B95619,23098,22214,0498CD4CACBA41E01397D12040B95619
shop_pack_agent2_v500,2ED1B235076F372F81AEC6EACEC0F269,28156,27263,2ED1B235076F372F81AEC6EACEC0F269
shop_pack_agent3_v500,11DF5BFFA5FF68661054ED6DFD243F7A,33755,32791,11DF5BFFA5FF68661054ED6DFD243F7A
shop_pack_agent_1,5072ECD86940C006BC6E53E8E1BAFC40,29720,28851,5072ECD86940C006BC6E53E8E1BAFC40
shop_pack_agent_2,06E413C6F34DD314F38D8BF5CD60BDA1,36828,35419,06E413C6F34DD314F38D8BF5CD60BDA1
shop_pack_agent_3,9494780020CEE5314C56420D5354F992,36499,35430,9494780020CEE5314C56420D5354F992
shop_pack_agent_4,732F8F07E7B4C844489020D99965E1FD,37435,36212,732F8F07E7B4C844489020D99965E1FD
shop_pack_anniversary,3780C0653B2736645957C5EA299FC00C,33738,32722,3780C0653B2736645957C5EA299FC00C
shop_pack_anniversary_token380,BEF935120B18E77AC750BAC8594FAD0A,43276,42097,BEF935120B18E77AC750BAC8594FAD0A
shop_pack_anniversary_v410,E9F57AADFEE30A74B104EA85E8E55B64,43071,41953,E9F57AADFEE30A74B104EA85E8E55B64
shop_pack_anniversary_v450,56AA444D746F9F2FB9CAAC7586620C20,38304,37313,56AA444D746F9F2FB9CAAC7586620C20
shop_pack_anniversary_v500,C75A5C606A50CA9924C50BF1B675E152,38997,38044,C75A5C606A50CA9924C50BF1B675E152
shop_pack_anniverssary10_1,00A339464FEF1F54C144E3C32F479FC9,41328,40191,00A339464FEF1F54C144E3C32F479FC9
shop_pack_anniverssary10_2,0841B7D69DC3037F50E9812354B5CBFE,38075,36900,0841B7D69DC3037F50E9812354B5CBFE
shop_pack_antiman,D27D04139E6130F733E0F356FE804F19,38014,37322,D27D04139E6130F733E0F356FE804F19
shop_pack_antiman2,577F311CBD0EE46FEBCF484434DFA273,44685,43668,577F311CBD0EE46FEBCF484434DFA273
shop_pack_antiman2_v470,D7B73C6CCDCDD4177115EB4FC989CFE1,45455,44405,D7B73C6CCDCDD4177115EB4FC989CFE1
shop_pack_antiman_v470,F6708C21FA63B5CA950BD527ED1A717D,50833,49748,F6708C21FA63B5CA950BD527ED1A717D
shop_pack_apple,AFE61B644351F67189482CCE575977C1,23668,22838,AFE61B644351F67189482CCE575977C1
shop_pack_april_2022,F44E6C3C9F10FF5EF60C8B862A458584,50931,50041,F44E6C3C9F10FF5EF60C8B862A458584
shop_pack_april_2023,D90F12F2283C596D624F809A7BB4A020,51154,50260,D90F12F2283C596D624F809A7BB4A020
shop_pack_april_2024,6BCE96E18D4056C0113A7AC16397ADC0,145370,143479,6BCE96E18D4056C0113A7AC16397ADC0
shop_pack_april_2025,63A79D325677D927A7E0C002608F2011,47730,46970,63A79D325677D927A7E0C002608F2011
shop_pack_attend_reward,5E2A1A68FF49F8B6DE6D4FCD6F8C21C4,44714,43675,5E2A1A68FF49F8B6DE6D4FCD6F8C21C4
shop_pack_avengers1,9C0ADB065B7BE8E1BB76510685900B56,31987,31089,9C0ADB065B7BE8E1BB76510685900B56
shop_pack_avengers2,7A7D1B57E7F4BB48E1F86AE4B847D94A,35823,34881,7A7D1B57E7F4BB48E1F86AE4B847D94A
shop_pack_awaken_1,544540ED56201156C8B202403E62924A,40594,39644,544540ED56201156C8B202403E62924A
shop_pack_awaken_2,48A5AA30EF8E1E5A2B6E60CDD603080C,50083,49128,48A5AA30EF8E1E5A2B6E60CDD603080C
shop_pack_awaken_3,F9EE40F2A01EEDC984D0B9C8E908D1F6,50817,49816,F9EE40F2A01EEDC984D0B9C8E908D1F6
shop_pack_awaken_4,F6B24DF95BCE42855419E232556A9A71,41970,40974,F6B24DF95BCE42855419E232556A9A71
shop_pack_bf_v450,21F1DD710331A23265A636DE01932B8C,41628,40509,21F1DD710331A23265A636DE01932B8C
shop_pack_blast,48E53E01BE5C1D230E4A5CE15202C9AA,33295,32124,48E53E01BE5C1D230E4A5CE15202C9AA
shop_pack_blast_token380,8E352E7975612F1D2B6052DFE3097263,42938,41653,8E352E7975612F1D2B6052DFE3097263
shop_pack_blast_v410,41F22B95D7C462847359F4D2ACD133BF,42737,41559,41F22B95D7C462847359F4D2ACD133BF
shop_pack_blast_v450,D4C80B9D2CDAFBDAC7803A9F503BF691,32861,31883,D4C80B9D2CDAFBDAC7803A9F503BF691
shop_pack_blast_v480,628049672D67CBD8E46C069FB294C15A,35246,34072,628049672D67CBD8E46C069FB294C15A
shop_pack_bluemarvel,16088A7DD68CD7D96E75A7324E5C5AB3,37127,36388,16088A7DD68CD7D96E75A7324E5C5AB3
shop_pack_bluemarvel2,700D9DDF51A43A5F8A4F6F89E92F8DBD,44697,43618,700D9DDF51A43A5F8A4F6F89E92F8DBD
shop_pack_bluemarvel2_v470,B393788D7DA5770328F6F60DB9CBC5B5,45450,44348,B393788D7DA5770328F6F60DB9CBC5B5
shop_pack_bluemarvel_v470,0441D452EEB716DA89B578E3A44916E3,50808,49647,0441D452EEB716DA89B578E3A44916E3
shop_pack_boost,D909B0B1995355F017BA0ED6AAD05121,32793,31821,D909B0B1995355F017BA0ED6AAD05121
shop_pack_boost_point_v470,8453BC2607402145FB2B0DC94E6E1421,29552,28694,8453BC2607402145FB2B0DC94E6E1421
shop_pack_boost_v470,307EA3839B5A7396FE439E1886D0C236,34165,33262,307EA3839B5A7396FE439E1886D0C236
shop_pack_bundle_01,A9C253E6D8CC8F4779220CFA2AB3DA10,46469,45279,A9C253E6D8CC8F4779220CFA2AB3DA10
shop_pack_bundle_02,BE16D76E1361F96755813E91708F6CC8,50177,49088,BE16D76E1361F96755813E91708F6CC8
shop_pack_bundle_03,46362728C08FED4A5404457C11CE5AC9,49097,48139,46362728C08FED4A5404457C11CE5AC9
shop_pack_card_v470,37A64424B4146D9AF6A4E32B33AB57EE,40778,39768,37A64424B4146D9AF6A4E32B33AB57EE
shop_pack_chaos2,BC944F403588E89033D7660F4371FF6E,20437,19727,BC944F403588E89033D7660F4371FF6E
shop_pack_chaos2_v410,2D5EB82F622E2AF0F58EE7AA48EAA8D4,21806,21132,2D5EB82F622E2AF0F58EE7AA48EAA8D4
shop_pack_chaos_v450,FE59A30C03F16A831B8A88B59A17F3DB,21547,20645,FE59A30C03F16A831B8A88B59A17F3DB
shop_pack_chest_asgard,54AB370C4337193768920F5106F64B43,36119,35119,54AB370C4337193768920F5106F64B43
shop_pack_chest_bobby,1A062E4B8DD00594464392F995982367,31807,30752,1A062E4B8DD00594464392F995982367
shop_pack_chest_magic,946CB76C71E29ECFE1B0E6C9540A2710,34764,33754,946CB76C71E29ECFE1B0E6C9540A2710
shop_pack_chest_storm,AA7FCE611E137F24980628ACA7558181,34855,33775,AA7FCE611E137F24980628ACA7558181
shop_pack_cn1,0619238B3D0E32D687474CE7A97C0044,44398,43240,0619238B3D0E32D687474CE7A97C0044
shop_pack_cn2,9E659F5A7C79DBCA3C1679E836BF31E6,48403,47043,9E659F5A7C79DBCA3C1679E836BF31E6
shop_pack_cn3,3D47A8EE605DEB34701014D6E2D59929,42846,41470,3D47A8EE605DEB34701014D6E2D59929
shop_pack_cn4,F225406009ED422FABF24FAA2BF1BB2A,43838,42721,F225406009ED422FABF24FAA2BF1BB2A
shop_pack_combat,49A38439D28BBEEC18776C19366ADE26,33082,31937,49A38439D28BBEEC18776C19366ADE26
shop_pack_combat_token380,6C557344707E63C3EE1CCAD7733E57FF,42736,41486,6C557344707E63C3EE1CCAD7733E57FF
shop_pack_combat_v410,A7B08C903C8D337EC23DCE517682106B,39062,38046,A7B08C903C8D337EC23DCE517682106B
shop_pack_combat_v450,D61BA0416A3536A0067B80E0A4806BF8,32667,31721,D61BA0416A3536A0067B80E0A4806BF8
shop_pack_combat_v480,BA8AD52BB8C9ED30E1C1832D0386E2F6,35057,33909,BA8AD52BB8C9ED30E1C1832D0386E2F6
shop_pack_cosmic_v450,B42A0B8B1A4501D6E02C6CC47EB415B0,34561,33504,B42A0B8B1A4501D6E02C6CC47EB415B0
shop_pack_custom_1,DF29E9440F781DAD47CDDDED597F26AB,31105,30161,DF29E9440F781DAD47CDDDED597F26AB
shop_pack_custom_2,CF220AC8C2C371D6BDF67063DFA684E7,34261,33351,CF220AC8C2C371D6BDF67063DFA684E7
shop_pack_custom_3,EFA17E6F1A865D2982A4B3EA870A1707,38682,37602,EFA17E6F1A865D2982A4B3EA870A1707
shop_pack_custom_4,90029A68AF74231860256604A88BA430,44793,43614,90029A68AF74231860256604A88BA430
shop_pack_custom_5,7A759E7094B4EAAA02FA79EC70DE0FDD,30557,29453,7A759E7094B4EAAA02FA79EC70DE0FDD
shop_pack_custom_6,700E3B3D2489158BC2A4D8DC01EE6C8C,32159,31224,700E3B3D2489158BC2A4D8DC01EE6C8C
shop_pack_custom_7,E103CAA74251B6A696A65E882F24BC08,42758,41493,E103CAA74251B6A696A65E882F24BC08
shop_pack_custom_8,4120074B77AC2EEDF33BB9D9AAA9E17A,41494,40355,4120074B77AC2EEDF33BB9D9AAA9E17A
shop_pack_daily_supply,DF18E27A6AAC9A565F849BEDA0C73A2A,43757,42680,DF18E27A6AAC9A565F849BEDA0C73A2A
shop_pack_dark,7871AF940A5426FBE90B3484C450E5D8,24836,23977,7871AF940A5426FBE90B3484C450E5D8
shop_pack_dark2,1B2562A1A2F5E8B0D21335B9168C5AD4,20430,19796,1B2562A1A2F5E8B0D21335B9168C5AD4
shop_pack_dark2_v410,BEB9143412ED695F8832258FDF7EA333,21080,20461,BEB9143412ED695F8832258FDF7EA333
shop_pack_dark_token380,2D5C1E585E9508118B69A18409DF4D9E,35388,34425,2D5C1E585E9508118B69A18409DF4D9E
shop_pack_dark_v450,DC164D9C8AD64C4223BA1C5B855B6498,22962,22111,DC164D9C8AD64C4223BA1C5B855B6498
shop_pack_event1,75D6DF7CD8D893777C36F3AB7317737E,22668,21869,75D6DF7CD8D893777C36F3AB7317737E
shop_pack_event10,56B8BAD32A924A35420E3475D9D4DA82,29405,28490,56B8BAD32A924A35420E3475D9D4DA82
shop_pack_event11,8848AFB61B452D3F557AC45C75A22F56,36612,35705,8848AFB61B452D3F557AC45C75A22F56
shop_pack_event12,39943528C9A1C23CD8C142A8579A0A8C,28374,27465,39943528C9A1C23CD8C142A8579A0A8C
shop_pack_event13,5D652EDCE55FF78AB3AEDA716A056478,36920,35937,5D652EDCE55FF78AB3AEDA716A056478
shop_pack_event14,748874EEDF7F804C256D17253987B717,34905,33964,748874EEDF7F804C256D17253987B717
shop_pack_event15,54F21E27C14C9ED30BD3CE23DB0B2FD6,37988,36957,54F21E27C14C9ED30BD3CE23DB0B2FD6
shop_pack_event16,B340C156A66BE5BB3D16851C33A17C98,34909,33977,B340C156A66BE5BB3D16851C33A17C98
shop_pack_event17,5C2CFB610C8B2D314A64F4B48A67AE4E,38122,37081,5C2CFB610C8B2D314A64F4B48A67AE4E
shop_pack_event18,1082378F9AE1A5E3042E7DA0CD746D06,32253,31328,1082378F9AE1A5E3042E7DA0CD746D06
shop_pack_event19,F3A09C876BDBF391B2D5B6CAF8B95F53,38588,37621,F3A09C876BDBF391B2D5B6CAF8B95F53
shop_pack_event2,B2BC7389614B7F453CB0BC1D478621D1,30451,29533,B2BC7389614B7F453CB0BC1D478621D1
shop_pack_event20,4D88C81296C2DE076058673BD97910E9,33030,32053,4D88C81296C2DE076058673BD97910E9
shop_pack_event21,460E59CD884A6400E4C543E1391BA794,36446,35456,460E59CD884A6400E4C543E1391BA794
shop_pack_event22,E2AA6B7CF81939AF66A514EFFFB6F367,29942,28979,E2AA6B7CF81939AF66A514EFFFB6F367
shop_pack_event23,BEBC7C981FE19E4ABBCF580AC4480EC8,38463,37434,BEBC7C981FE19E4ABBCF580AC4480EC8
shop_pack_event24,A4F261E6688B46BEF74F197A1B933425,33015,31995,A4F261E6688B46BEF74F197A1B933425
shop_pack_event25,E272B0F6E387CDDED2F8E2C3770F0950,36478,35382,E272B0F6E387CDDED2F8E2C3770F0950
shop_pack_event26,4862DA61969727C350A93FD8AA4F5AD5,33019,32023,4862DA61969727C350A93FD8AA4F5AD5
shop_pack_event27,DCD5F7EF15337897A494CD8F83EEA05D,36473,35399,DCD5F7EF15337897A494CD8F83EEA05D
shop_pack_event28,07C6E0ACC7DECE2467E581C7149BEC03,29984,29038,07C6E0ACC7DECE2467E581C7149BEC03
shop_pack_event29,CC8FD37B05F8E8481645206A778ECE76,38484,37455,CC8FD37B05F8E8481645206A778ECE76
shop_pack_event3,9C646764B2FF1A662B1A98892B6F3758,29394,28397,9C646764B2FF1A662B1A98892B6F3758
shop_pack_event30,0868AC6C1CB7C7B350CCAA1C4EFF9E30,32988,31979,0868AC6C1CB7C7B350CCAA1C4EFF9E30
shop_pack_event31,2CB1BFA7CD91EC32F88EE65D4B2F9229,37159,36073,2CB1BFA7CD91EC32F88EE65D4B2F9229
shop_pack_event32,2C68FAE535ADBE8FAECA62A9B9E33CB6,29999,29079,2C68FAE535ADBE8FAECA62A9B9E33CB6
shop_pack_event33,28D5443BDE0FAEF8DBDC7D730E9F9269,38444,37471,28D5443BDE0FAEF8DBDC7D730E9F9269
shop_pack_event34,69073D8B007DA173DF68665C4F7E7ED7,29983,29012,69073D8B007DA173DF68665C4F7E7ED7
shop_pack_event35,BBB7F07597BEB0CFCB5FAC35746E8E83,38451,37433,BBB7F07597BEB0CFCB5FAC35746E8E83
shop_pack_event36,E0FD6285DD1552DC41B03877D07A2B60,33018,32040,E0FD6285DD1552DC41B03877D07A2B60
shop_pack_event37,3ACC1EB0915E8C3F78884064A986757D,37132,36127,3ACC1EB0915E8C3F78884064A986757D
shop_pack_event38,454840D54DB04079BB79BFBBE97FA570,34515,33475,454840D54DB04079BB79BFBBE97FA570
shop_pack_event39,2C79A99FA6A27F3423CC10AB3EC5DA18,39494,38301,2C79A99FA6A27F3423CC10AB3EC5DA18
shop_pack_event4,C6950FAB666B1EDEFDF95BFC6AEC9783,36541,35564,C6950FAB666B1EDEFDF95BFC6AEC9783
shop_pack_event40,57D835FFA1EB1E3971BBF752A0B40B5D,29989,29041,57D835FFA1EB1E3971BBF752A0B40B5D
shop_pack_event41,32401691EACCA658F029717F719EE842,38458,37483,32401691EACCA658F029717F719EE842
shop_pack_event42,535E69F46540660E44AF3F99DE121E15,34433,33348,535E69F46540660E44AF3F99DE121E15
shop_pack_event43,960BF154FC3CE039641E5D76AF3E7183,39573,38375,960BF154FC3CE039641E5D76AF3E7183
shop_pack_event44,94239C3FAD68F3207A870B014A462DE6,34421,33346,94239C3FAD68F3207A870B014A462DE6
shop_pack_event45,D91CA26A689967DBAB533186A4028CC9,39552,38272,D91CA26A689967DBAB533186A4028CC9
shop_pack_event46,D5A2D6EACE25F6853BE44B07F425C688,34647,33629,D5A2D6EACE25F6853BE44B07F425C688
shop_pack_event47,ED53973A94B2544DBEEABA89A1B827D8,39603,38398,ED53973A94B2544DBEEABA89A1B827D8
shop_pack_event48,05AA507051CA202BD39CB1881F494AE6,34424,33369,05AA507051CA202BD39CB1881F494AE6
shop_pack_event49,D98C3308299835979F2AFA4876177C79,39598,38384,D98C3308299835979F2AFA4876177C79
shop_pack_event5,21FC18F7CB8A559B63FD58575B0F5D8B,33552,32679,21FC18F7CB8A559B63FD58575B0F5D8B
shop_pack_event50,D46CC94F0A74A940A29D7B11847D804B,34506,33422,D46CC94F0A74A940A29D7B11847D804B
shop_pack_event51,FB51C24A7F2F54F8FAA8EB56A3C3C913,39556,38355,FB51C24A7F2F54F8FAA8EB56A3C3C913
shop_pack_event52,B271257BF43F0B43C52120F2997E5939,34433,33263,B271257BF43F0B43C52120F2997E5939
shop_pack_event53,7C309142F76B3493182CBB1DC497CC0B,39514,38000,7C309142F76B3493182CBB1DC497CC0B
shop_pack_event54,9B23A2B25BE3B8166BD74E92B657381F,34391,33296,9B23A2B25BE3B8166BD74E92B657381F
shop_pack_event55,0EFEE96CAA67597B0CAA5F70C3D3AA76,39528,38246,0EFEE96CAA67597B0CAA5F70C3D3AA76
shop_pack_event56,82FA11C79D9E5A04677B233F4CF1F5AC,34351,33292,82FA11C79D9E5A04677B233F4CF1F5AC
shop_pack_event57,6443B4B59B1D04F7B79F489038159F08,39410,38184,6443B4B59B1D04F7B79F489038159F08
shop_pack_event58,AD824C28CB54DBBC6D0C012D528DD1D4,30004,29071,AD824C28CB54DBBC6D0C012D528DD1D4
shop_pack_event59,1473ACC270DE8DB65035FCA7791683E2,38525,37514,1473ACC270DE8DB65035FCA7791683E2
shop_pack_event5_v450,F218FE1CDEC6F7234E1C708141160A09,35161,34287,F218FE1CDEC6F7234E1C708141160A09
shop_pack_event6,4704AA069D3EC523B8521C42A48E260F,29281,28240,4704AA069D3EC523B8521C42A48E260F
shop_pack_event60,28B37FE99B03A4761A1DF80E006BABD2,33701,32551,28B37FE99B03A4761A1DF80E006BABD2
shop_pack_event61,993C7620FF8EE28711924D6FB783E474,38555,37207,993C7620FF8EE28711924D6FB783E474
shop_pack_event62,067C89BFA39B521EC3B82E3B6964DDEF,33804,32701,067C89BFA39B521EC3B82E3B6964DDEF
shop_pack_event63,D9F35993C80D946D6E1D779EA8C185F7,38562,37362,D9F35993C80D946D6E1D779EA8C185F7
shop_pack_event64,70EEFC54B0013D325A0AC24645005143,33696,32582,70EEFC54B0013D325A0AC24645005143
shop_pack_event65,DF6D81734590E26C645BCBB27E42531F,38580,37358,DF6D81734590E26C645BCBB27E42531F
shop_pack_event66,B018B39168079DE2098AD174E9F8D48C,33681,32574,B018B39168079DE2098AD174E9F8D48C
shop_pack_event67,93A1F9F8097EC9C02655FE445CDA99FE,38550,37292,93A1F9F8097EC9C02655FE445CDA99FE
shop_pack_event68,E48EEB53FFA9F625067AC140B6189482,33696,32589,E48EEB53FFA9F625067AC140B6189482
shop_pack_event69,835BA9D739DBCFBDC2BD218BDD09636D,38607,37447,835BA9D739DBCFBDC2BD218BDD09636D
shop_pack_event6_cn,0220687B1FA98463838BA581FF47E246,29290,28193,0220687B1FA98463838BA581FF47E246
shop_pack_event7,7C5A4332AA4FE379EAE4EB038B48E0E0,36684,35705,7C5A4332AA4FE379EAE4EB038B48E0E0
shop_pack_event70,FE6DCB28A4C8C985D3460436EAB8EB84,33683,32594,FE6DCB28A4C8C985D3460436EAB8EB84
shop_pack_event71,5A5628E1F606092B9D6E89C3A6843DB8,38566,37351,5A5628E1F606092B9D6E89C3A6843DB8
shop_pack_event72,BC415D24BE385613E88FA0AD774932D8,33665,32543,BC415D24BE385613E88FA0AD774932D8
shop_pack_event73,2247619E4B9600195B474990BDD80337,38565,37304,2247619E4B9600195B474990BDD80337
shop_pack_event74,6D162BD1A633FC0923892AD4669A3904,33713,32581,6D162BD1A633FC0923892AD4669A3904
shop_pack_event75,111A8D2461CA26E1FA653BC97B52563F,38707,37466,111A8D2461CA26E1FA653BC97B52563F
shop_pack_event76,3077E249DA561375DD8C0E559697254D,33683,32531,3077E249DA561375DD8C0E559697254D
shop_pack_event77,F9C5010DACB75199286327E3685D9C14,38567,37287,F9C5010DACB75199286327E3685D9C14
shop_pack_event78,AD578A088BEE3E811FCD5927C08E7A22,33673,32515,AD578A088BEE3E811FCD5927C08E7A22
shop_pack_event79,3685681A19EBA127A2AB9A7234215967,38613,37296,3685681A19EBA127A2AB9A7234215967
shop_pack_event7_cn,B5F595C291A95562C1AF0DDF1D5FB134,36772,35665,B5F595C291A95562C1AF0DDF1D5FB134
shop_pack_event8,9CA39397C3AC9487F15C5F3C51DFECD0,29372,28413,9CA39397C3AC9487F15C5F3C51DFECD0
shop_pack_event9,91480FA8D10D228230D45507ED26624E,36642,35590,91480FA8D10D228230D45507ED26624E
shop_pack_foolsday_1,10D276C211378CA93E0BC1A793F96058,30115,29100,10D276C211378CA93E0BC1A793F96058
shop_pack_foolsday_2,01221971BBDFD746226249BF88B19F35,39067,37898,01221971BBDFD746226249BF88B19F35
shop_pack_gog_1,B1B06CDF672B95B124D2EFD99E3BDA8E,31242,30191,B1B06CDF672B95B124D2EFD99E3BDA8E
shop_pack_gog_2,F9A758B2278FD925BBAAC7F9F646D2F7,39410,38245,F9A758B2278FD925BBAAC7F9F646D2F7
shop_pack_gold_1_v490,2286785CC5B61A3DCAB810679014F36F,24877,24014,2286785CC5B61A3DCAB810679014F36F
shop_pack_gold_2_v490,622F2F64A985B3A203EA95D7B50A7AC2,29465,28607,622F2F64A985B3A203EA95D7B50A7AC2
shop_pack_gold_v450,499E365A1AA2B774A619E81014DB1178,32287,31272,499E365A1AA2B774A619E81014DB1178
shop_pack_halloween_2022,2648973125F2B2ADF4D4C58BA840027D,59472,58366,2648973125F2B2ADF4D4C58BA840027D
shop_pack_halloween_2023,62F4AB078B59E80B33610E64769F2F6A,53213,52252,62F4AB078B59E80B33610E64769F2F6A
shop_pack_halloween_2024,CA8E571C65AD88888FE0CE03C3A0C7A2,138400,136388,CA8E571C65AD88888FE0CE03C3A0C7A2
shop_pack_halloween_2025,B871B7DDA6ED0B7071C82362443AB5C5,111747,110823,B871B7DDA6ED0B7071C82362443AB5C5
shop_pack_hero6,2C553557A25F4875B4B86DF1BB8AB97F,24311,23521,2C553557A25F4875B4B86DF1BB8AB97F
shop_pack_hero_1,23EA5226336CEB77C4C01B5247CDF568,45305,44386,23EA5226336CEB77C4C01B5247CDF568
shop_pack_hero_2,24ACAE4957949480E3F100D09F128206,48008,47080,24ACAE4957949480E3F100D09F128206
shop_pack_hero_3,0B42AAF4DC850CA2997C35C5A65C2AFD,52361,51348,0B42AAF4DC850CA2997C35C5A65C2AFD
shop_pack_hero_4,B19FDC931BA048A834998CDBE4393E48,51740,50641,B19FDC931BA048A834998CDBE4393E48
shop_pack_hero_5,0976FA1CC86B56DDB8498579EAEAB31C,47375,46337,0976FA1CC86B56DDB8498579EAEAB31C
shop_pack_holiday2019,A7DDD953390FAFE4931837FB75DD0E4A,38260,37268,A7DDD953390FAFE4931837FB75DD0E4A
shop_pack_holiday_1,52E16C3930A6E89346CA22D9F3C8E745,27626,26698,52E16C3930A6E89346CA22D9F3C8E745
shop_pack_holiday_2,B9C2033107BE5BF361D79DA601D89BC4,38696,37586,B9C2033107BE5BF361D79DA601D89BC4
shop_pack_holiday_2020,FE0F22F4252FE4AA906E1D8F58A81609,64472,63504,FE0F22F4252FE4AA906E1D8F58A81609
shop_pack_holiday_2023,1DCC577F27C8522ECF4BD65022971717,63189,62023,1DCC577F27C8522ECF4BD65022971717
shop_pack_holiday_3,94A05EBE66D78547F6BAA6E827A9FF7D,44030,42639,94A05EBE66D78547F6BAA6E827A9FF7D
shop_pack_holiday_4,114F41C6A71C5A14D4601A09A13D548D,20418,19789,114F41C6A71C5A14D4601A09A13D548D
shop_pack_holiday_uni1,53964F0E2FFF0989F31502C0DF59BADD,67171,66025,53964F0E2FFF0989F31502C0DF59BADD
shop_pack_holiday_uni2,0009A6BAD14D9C941738D1020B979D00,67286,66249,0009A6BAD14D9C941738D1020B979D00
shop_pack_hotdeal_card_01,C1666F12F3EF2F8FF19EC84F09CB6F76,47796,46681,C1666F12F3EF2F8FF19EC84F09CB6F76
shop_pack_hotdeal_emblem_01,22C9840DA8082D22823F258649187E78,47273,45950,22C9840DA8082D22823F258649187E78
shop_pack_hotdeal_gold,0EBADE1A3415486C63D6657A21B6BF4F,50175,49017,0EBADE1A3415486C63D6657A21B6BF4F
shop_pack_hotdeal_mutant,EB78485697C5ED6F6E2EE33401FBFA4D,44943,43742,EB78485697C5ED6F6E2EE33401FBFA4D
shop_pack_hotdeal_rune_01,862BF130A2CCB03CB9C38BBE3F1ADEED,32038,31140,862BF130A2CCB03CB9C38BBE3F1ADEED
shop_pack_hotdeal_t2_01,6399F8153ACE86799234D2FCE1673C06,41539,40398,6399F8153ACE86799234D2FCE1673C06
shop_pack_hotdeal_t2_02,192B8C5E83D7B5662F87FB5FCE7CD5EC,44421,43163,192B8C5E83D7B5662F87FB5FCE7CD5EC
shop_pack_hotdeal_t2_bundle,6328DA5431C7B10664489EB7A1350707,42797,41637,6328DA5431C7B10664489EB7A1350707
shop_pack_hotdeal_t3_01,8A3EF578349D7D709D3D764FB13EFDEE,48452,47410,8A3EF578349D7D709D3D764FB13EFDEE
shop_pack_hotdeal_t4_01,F2D06467D3097080FF2E0EEE8D9399C7,44035,43122,F2D06467D3097080FF2E0EEE8D9399C7
shop_pack_hotdeal_t4_02,DDE9CD92CE6DAB508960E2A6DAA5BE75,40630,39668,DDE9CD92CE6DAB508960E2A6DAA5BE75
shop_pack_hotdeal_t4_03,E4E538656FA3228FAE1803FFEC4811C1,45300,44127,E4E538656FA3228FAE1803FFEC4811C1
shop_pack_hotdeal_t4_bundle,A3D29577F6ADDDD67DF8A259F21075B3,52599,51552,A3D29577F6ADDDD67DF8A259F21075B3
shop_pack_hotdeal_t4_total,81580108C777D9B711337C1D3393D422,47454,46475,81580108C777D9B711337C1D3393D422
shop_pack_hulk_1,3B55743409E3E1CD1AEF670E49B943EF,31161,30146,3B55743409E3E1CD1AEF670E49B943EF
shop_pack_hulk_2,22BEE16D13F0AF59657348269CC80C99,39247,38078,22BEE16D13F0AF59657348269CC80C99
shop_pack_independence,DEC4315D145BD8494870C88DCB81B024,42975,41483,DEC4315D145BD8494870C88DCB81B024
shop_pack_infinitywarps1,F9A4A18FC9F2E43BF971E47C8C8D1DD6,25476,24570,F9A4A18FC9F2E43BF971E47C8C8D1DD6
shop_pack_infinitywarps2,465B8DB3E19267D5B6AD870727F6B117,29204,28195,465B8DB3E19267D5B6AD870727F6B117
shop_pack_infinitywarps3,F67BD7B078F9EE4B42960333E7313CD5,50928,49564,F67BD7B078F9EE4B42960333E7313CD5
shop_pack_inhumans_1,F538A8A884672B81E36B79A9123FDABE,32309,31251,F538A8A884672B81E36B79A9123FDABE
shop_pack_inhumans_2,AAB531FE100CCF358A7E96FEA50D8571,40397,39420,AAB531FE100CCF358A7E96FEA50D8571
shop_pack_inter_1,DB262767D5ED26B1DA2D907143D01F6A,46009,44865,DB262767D5ED26B1DA2D907143D01F6A
shop_pack_inter_2,FF47AF0FB84F78A00946B6456BEC1B84,47339,46345,FF47AF0FB84F78A00946B6456BEC1B84
shop_pack_iso8_v450,D2A25468CE49489C63A622CEBF6AF54F,33341,32409,D2A25468CE49489C63A622CEBF6AF54F
shop_pack_iso8_v460,2EF6E818925840A463741942A8B5C430,33998,33026,2EF6E818925840A463741942A8B5C430
shop_pack_iso8_v460_1,5FE1F723FE1D2BFB0BE72DCD82EFE641,39033,38033,5FE1F723FE1D2BFB0BE72DCD82EFE641
shop_pack_iso8_v460_2,4DE562253D3BC1767D9F6D3D18723E05,46493,45389,4DE562253D3BC1767D9F6D3D18723E05
shop_pack_iso_awaken,3CD672DE27EB5C1B5B219337B4682067,48489,47396,3CD672DE27EB5C1B5B219337B4682067
shop_pack_iso_awaken2,5CC6A62F3C19382901E0CE968770FBA9,40978,39643,5CC6A62F3C19382901E0CE968770FBA9
shop_pack_legacy_special,CEC47B603049D16FA0A27CABDA90BB4A,28251,27320,CEC47B603049D16FA0A27CABDA90BB4A
shop_pack_limit,2DB53CD660760160DAFEECE44D78A717,33483,32538,2DB53CD660760160DAFEECE44D78A717
shop_pack_limit2,793776801C5E9EDD3DF1E1D0CD32DFBD,35269,34228,793776801C5E9EDD3DF1E1D0CD32DFBD
shop_pack_lv70_1,90B638B2D2EAD251EB0ADE41D3CC4791,42666,41750,90B638B2D2EAD251EB0ADE41D3CC4791
shop_pack_lv70_2,0DA609BE7C8A41D0E038C6B3AB177971,46810,45800,0DA609BE7C8A41D0E038C6B3AB177971
shop_pack_magic_1,1CB9AFF06A9F4EECEA2C07B92A16AB49,42968,41981,1CB9AFF06A9F4EECEA2C07B92A16AB49
shop_pack_magic_2,4A1F20BBE27267542573DB6EFAAB2115,47913,46588,4A1F20BBE27267542573DB6EFAAB2115
shop_pack_mega_uniform,A7C7E49930219A700EB966A310DCE5B0,26403,25436,A7C7E49930219A700EB966A310DCE5B0
shop_pack_mega_uniform_v410,BA1DD187E70E80602B2A3B1A53A37741,29917,29032,BA1DD187E70E80602B2A3B1A53A37741
shop_pack_mega_uniform_v450,BAB991AF7E010A9BBE31D8AEB528B9BD,29946,28990,BAB991AF7E010A9BBE31D8AEB528B9BD
shop_pack_mkraan,0A6D4C180253E48A12C6ADD856BB774E,23928,23069,0A6D4C180253E48A12C6ADD856BB774E
shop_pack_mkraan2,6B921C7EFD234BE4BE55291061D9DA17,20073,19363,6B921C7EFD234BE4BE55291061D9DA17
shop_pack_mkraan3,B3B94FA0E9A86ACEE68EEF77997EA636,23147,22335,B3B94FA0E9A86ACEE68EEF77997EA636
shop_pack_mkraan_token380,6E9E6884DCAA7CCCEF82882804912BAC,35231,34198,6E9E6884DCAA7CCCEF82882804912BAC
shop_pack_msmarvel_1,9462850EC3735C01F21B8B1CC645BA22,32340,31265,9462850EC3735C01F21B8B1CC645BA22
shop_pack_msmarvel_2,03CAC7F9EBD58931F6CBDFB4D849F446,40414,39199,03CAC7F9EBD58931F6CBDFB4D849F446
shop_pack_mutant1,621C5BC009A67E13268AF56848273692,34016,32995,621C5BC009A67E13268AF56848273692
shop_pack_mutant1_v410,DA6EFFD93F709F8E52CC1405AD3080C8,35375,34436,DA6EFFD93F709F8E52CC1405AD3080C8
shop_pack_mutant1_v450,298887F2916D8B9E678031B61E8489FD,35052,34116,298887F2916D8B9E678031B61E8489FD
shop_pack_mutant1_v500,B36D019F1CBA5054D088A8773B6273BD,42391,41272,B36D019F1CBA5054D088A8773B6273BD
shop_pack_mutant2,99665397940CF05AD5A9DE08D8E4E358,37997,36942,99665397940CF05AD5A9DE08D8E4E358
shop_pack_mutant2_v410,6C8810860BAFD61884D63555652AF54D,39312,38292,6C8810860BAFD61884D63555652AF54D
shop_pack_mutant2_v450,B06190F8999A6CD4EAF396B9EE96B701,39281,38221,B06190F8999A6CD4EAF396B9EE96B701
shop_pack_mutant2_v500,1D1718CB94B18254024B54B8C1BEB3FD,40004,39202,1D1718CB94B18254024B54B8C1BEB3FD
shop_pack_natasha,7D149C3A3A243E5B7A7EAB97290329EB,31587,30576,7D149C3A3A243E5B7A7EAB97290329EB
shop_pack_newagent1_v700,E64B048C80DDE786FB295B5EF563B4A1,35516,34444,E64B048C80DDE786FB295B5EF563B4A1
shop_pack_newagent2_v700,C48833330938235A7BA53F1AAA438984,35139,34157,C48833330938235A7BA53F1AAA438984
shop_pack_newagent3_v700,6BE675D8993862BE4C8A1A3E69EC6E2C,31663,30675,6BE675D8993862BE4C8A1A3E69EC6E2C
shop_pack_newbie_bundle,08C8306C442B24E8149F4E16C0FA4B88,30989,30099,08C8306C442B24E8149F4E16C0FA4B88
shop_pack_newyear,DA38C424E8D8FCE758D46A3F3954670F,30304,29313,DA38C424E8D8FCE758D46A3F3954670F
shop_pack_newyear_v460,ACD80DF1A48136CB9AAA623D87576643,35875,34950,ACD80DF1A48136CB9AAA623D87576643
shop_pack_new_agent,7A733E0137F9B7D674B0B876465F6D4E,41928,40578,7A733E0137F9B7D674B0B876465F6D4E
shop_pack_new_agent_s,DA578C86365E7A350C52D29746591326,12013,11356,DA578C86365E7A350C52D29746591326
shop_pack_nova,B991D985DBD8F37332A51A62B91AECE3,37115,36358,B991D985DBD8F37332A51A62B91AECE3
shop_pack_nova2,8693AD0FE7E07546F9F7D1B89162B33A,44684,43623,8693AD0FE7E07546F9F7D1B89162B33A
shop_pack_nova2_v470,C3358C53D1678722102830D8CE241F04,45450,44341,C3358C53D1678722102830D8CE241F04
shop_pack_nova_v470,E0BFD260B87B1AE6EEC1CEB0867249C8,50888,49690,E0BFD260B87B1AE6EEC1CEB0867249C8
shop_pack_odin_2,A245FDEAEB7F8D33D7D2E736AA5EE768,45070,43968,A245FDEAEB7F8D33D7D2E736AA5EE768
shop_pack_original_v460,45DF18C0707AFB0D87AB3B2EB4457E65,35882,34936,45DF18C0707AFB0D87AB3B2EB4457E65
shop_pack_phoenix,9DE9DA26C719EDC9B3E9DD9BC376CE48,26212,25422,9DE9DA26C719EDC9B3E9DD9BC376CE48
shop_pack_phoenix2,F03809165995E8FC0C8E23608C6E021A,19786,19093,F03809165995E8FC0C8E23608C6E021A
shop_pack_phoenix3,F91EB0F0DDA8E2A7363251F5CDCAF762,23338,22528,F91EB0F0DDA8E2A7363251F5CDCAF762
shop_pack_phoenix_token380,949E262EF7DFCEB65D86C58DD7404616,35202,34209,949E262EF7DFCEB65D86C58DD7404616
shop_pack_premium_t2,763458B222E47DB413A0F36E96C19015,43670,42621,763458B222E47DB413A0F36E96C19015
shop_pack_redroom_1,93ED70973FCC890E25AE752377CCCF06,33299,32191,93ED70973FCC890E25AE752377CCCF06
shop_pack_redroom_2,7F407C665B6BCAB338E9C601F8ECB13F,41035,39610,7F407C665B6BCAB338E9C601F8ECB13F
shop_pack_relay6_mutant_1,2F5D57CA514C2A9CEDDE867CEE546F9B,33128,32173,2F5D57CA514C2A9CEDDE867CEE546F9B
shop_pack_relay6_mutant_2,A0982B489EAB028029F2800C09680B43,41244,40228,A0982B489EAB028029F2800C09680B43
shop_pack_relay6_mutant_3,74D53D4A29D491FAF1CE74FA63F260A5,41694,40567,74D53D4A29D491FAF1CE74FA63F260A5
shop_pack_relay6_mutant_4,B50B7AA37E6D15B77CA3E0752279859F,40153,39011,B50B7AA37E6D15B77CA3E0752279859F
shop_pack_relay6_mutant_5,3A045B8A0B6EB9FCC68AC81F2D85B639,44460,43319,3A045B8A0B6EB9FCC68AC81F2D85B639
shop_pack_relay6_mutant_6,827AACDE03C1E34F94C135D67C83F533,53347,52292,827AACDE03C1E34F94C135D67C83F533
shop_pack_relay_v840_01,333B09EE82D96C62BEB7B169BCE607AE,44492,43529,333B09EE82D96C62BEB7B169BCE607AE
shop_pack_relay_v840_02,278E057294F0DBB2FDAAFED46C1A2A48,51869,50851,278E057294F0DBB2FDAAFED46C1A2A48
shop_pack_relay_v840_03,72F0C2258EE4C9857CCA4184856AF052,45325,44315,72F0C2258EE4C9857CCA4184856AF052
shop_pack_return_1,E2553AB6E30FB3EF23FF2327F1A2076A,45388,44247,E2553AB6E30FB3EF23FF2327F1A2076A
shop_pack_return_2,9B1D5C12293E6064AB523BF957C33EFD,50706,49827,9B1D5C12293E6064AB523BF957C33EFD
shop_pack_return_agent,A3F6028FB3E56DC79487C8230560762D,42480,41192,A3F6028FB3E56DC79487C8230560762D
shop_pack_return_agent_s,A1732FA25976ACAC8A67B7CC27AEA6C1,12824,12292,A1732FA25976ACAC8A67B7CC27AEA6C1
shop_pack_select_1000,9FDD34B762D58DFCEA0D2E83C6D2B00C,34467,33609,9FDD34B762D58DFCEA0D2E83C6D2B00C
shop_pack_special_530,C1088F5093F13D045BD8429107D2E6CC,42975,41996,C1088F5093F13D045BD8429107D2E6CC
shop_pack_special_equip_free,24CB7685A798FCE80FF81A560C879388,46294,45297,24CB7685A798FCE80FF81A560C879388
shop_pack_speed,61BDFEE1CC905D61B51424D861533D73,32749,31560,61BDFEE1CC905D61B51424D861533D73
shop_pack_speed_token380,8EFA93EC62D7266D573A68B7F4B33744,42429,41150,8EFA93EC62D7266D573A68B7F4B33744
shop_pack_speed_v410,77E9C2B6A32ED33C6142799BD754534E,38580,37536,77E9C2B6A32ED33C6142799BD754534E
shop_pack_speed_v450,8EBF5A389A236FB1CE288F1CFBE34E1D,32358,31381,8EBF5A389A236FB1CE288F1CFBE34E1D
shop_pack_speed_v480,044CFFFB592C27345AB9ACFA60C2D139,34611,33452,044CFFFB592C27345AB9ACFA60C2D139
shop_pack_spring_2026,82C1C01800AACB5AE0E4D42A3A0CD90F,122204,120760,82C1C01800AACB5AE0E4D42A3A0CD90F
shop_pack_ss_box,D172383F62A270154364A9BF696101A5,31168,30229,D172383F62A270154364A9BF696101A5
shop_pack_ss_offer,B7BD6FF39B5E7AA27BC0AB36832E794C,45716,44479,B7BD6FF39B5E7AA27BC0AB36832E794C
shop_pack_stamina_1_v490,3FAB32466C7106981B279E796FD1CEE8,31322,30513,3FAB32466C7106981B279E796FD1CEE8
shop_pack_stamina_2_v490,6E0BC81FEEF1AC0D5F8CC76FFFE06279,42236,41256,6E0BC81FEEF1AC0D5F8CC76FFFE06279
shop_pack_starter_1,D18EBB3658AFAA044967E69845CCB301,32904,31832,D18EBB3658AFAA044967E69845CCB301
shop_pack_starter_2,7DE483D0DA605AD5CABC51287FDF5841,44056,42945,7DE483D0DA605AD5CABC51287FDF5841
shop_pack_starter_comics,A07D79A8ED5A36299C71C496035317DD,36727,35724,A07D79A8ED5A36299C71C496035317DD
shop_pack_starter_comics_s,C487F3F26BD50C5DCF7E646E1BAA8821,12589,12022,C487F3F26BD50C5DCF7E646E1BAA8821
shop_pack_starter_sword,B740D29678AC162945CF03B4E5219F04,46559,45585,B740D29678AC162945CF03B4E5219F04
shop_pack_starter_sword_s,518355F493B153F3C37128E6AA96BD5B,12623,12138,518355F493B153F3C37128E6AA96BD5B
shop_pack_summer1,8225A14AA576EFB30198716735C09EFB,28078,27003,8225A14AA576EFB30198716735C09EFB
shop_pack_summer2,E072A5DF802AE8CF6942CF057E9AD784,27389,26411,E072A5DF802AE8CF6942CF057E9AD784
shop_pack_summer3,2C752B7E8769E94D0455E81A5FAE985C,28657,27636,2C752B7E8769E94D0455E81A5FAE985C
shop_pack_summer_2021,1BBA8DEB174C73951A7281ECDF40F801,46976,45585,1BBA8DEB174C73951A7281ECDF40F801
shop_pack_summer_2022,48065AA39F17A338463C67A37F26B801,47310,46030,48065AA39F17A338463C67A37F26B801
shop_pack_summer_2023,C4DB8A2A04E68EE31525A225A4A783B9,48855,47711,C4DB8A2A04E68EE31525A225A4A783B9
shop_pack_summer_2024,04A684433A33BA20572AB402FFA0D859,47610,46394,04A684433A33BA20572AB402FFA0D859
shop_pack_summer_2025,AA9265E95952D1E0161E10F9FCD3EA67,119234,116675,AA9265E95952D1E0161E10F9FCD3EA67
shop_pack_summer_2026,7E5EEAF03C8285E29EAB51BF2D7C778F,119170,116536,7E5EEAF03C8285E29EAB51BF2D7C778F
shop_pack_summer_uni1,201B9CDD93AC64314115D5FFD4ECA7E1,61743,60774,201B9CDD93AC64314115D5FFD4ECA7E1
shop_pack_superdeal,1DDF71A4FE2F2924C97F106AEB107F0C,35856,34925,1DDF71A4FE2F2924C97F106AEB107F0C
shop_pack_t3_mutant,56E6C893DFB953715D1EFC9F2560AEEC,45720,44495,56E6C893DFB953715D1EFC9F2560AEEC
shop_pack_tier2,9909294D01C27DBDCE170BC168D7313B,32441,31409,9909294D01C27DBDCE170BC168D7313B
shop_pack_tier2_advanced,50ACF03C0033CADC4B30548F6A3A6A7B,39209,38072,50ACF03C0033CADC4B30548F6A3A6A7B
shop_pack_tier2_select,9E9914D460826F033C35E472C402A034,27710,26895,9E9914D460826F033C35E472C402A034
shop_pack_tier3_v460,95431D57D409322226F3333E46FF5183,50189,48875,95431D57D409322226F3333E46FF5183
shop_pack_type_1,6AAB32E940C7987BAA513661E9C01B6D,29687,28703,6AAB32E940C7987BAA513661E9C01B6D
shop_pack_type_2,5DCD0329B6FE05789B39FBDFE6D2E16E,32339,31284,5DCD0329B6FE05789B39FBDFE6D2E16E
shop_pack_type_3,37EF72F24D61986061B48377E783D517,36870,35669,37EF72F24D61986061B48377E783D517
shop_pack_type_4,4695E61CF9A4E9919FA5BFD5BC2AFD9F,38800,37629,4695E61CF9A4E9919FA5BFD5BC2AFD9F
shop_pack_type_5,DE353D552A87FA8C2D075E286AAAF6C6,42023,40760,DE353D552A87FA8C2D075E286AAAF6C6
shop_pack_type_6,96AE0499752E29CB7D98C69B24D73D08,44265,42953,96AE0499752E29CB7D98C69B24D73D08
shop_pack_uniform,64E3FE1F8E8BCE9A3CF62CEF0FF1F490,23619,23024,64E3FE1F8E8BCE9A3CF62CEF0FF1F490
shop_pack_uniform2,A839E5F881738C80A3330BEC78E9E6B1,27313,26686,A839E5F881738C80A3330BEC78E9E6B1
shop_pack_uniform3,E630CA586B6DCB14E7A1A15B820E4FBA,18527,17963,E630CA586B6DCB14E7A1A15B820E4FBA
shop_pack_uniform3_token380,6F3623FBA836E62DB5E07CAB5CC8CDF1,35101,34080,6F3623FBA836E62DB5E07CAB5CC8CDF1
shop_pack_uniform3_v410,1C3FADB257F5CD47B12F0016937DE687,22775,22170,1C3FADB257F5CD47B12F0016937DE687
shop_pack_uniform_1,47D107FB2AA8EEF31AAA8628E45CAC35,40126,39220,47D107FB2AA8EEF31AAA8628E45CAC35
shop_pack_universal,3415BE9DA118F72705315CAD3572F7AA,33723,32590,3415BE9DA118F72705315CAD3572F7AA
shop_pack_universal_token380,5A2373F0BE03D5EC14FDCDDB9B8FEC66,43480,42262,5A2373F0BE03D5EC14FDCDDB9B8FEC66
shop_pack_universal_v410,9F4FA6D92BB1B3B3867B71F1CA579A49,43140,42005,9F4FA6D92BB1B3B3867B71F1CA579A49
shop_pack_universal_v450,69B57F0BB712C632F905F569364579FC,33370,32421,69B57F0BB712C632F905F569364579FC
shop_pack_universal_v480,C5E87A1608643E60A3960FDCBAB889AC,35670,34518,C5E87A1608643E60A3960FDCBAB889AC
shop_pack_update_7days,AD06DF8CDF3E043F275B8CEF808A36B0,55136,54171,AD06DF8CDF3E043F275B8CEF808A36B0
shop_pack_uru,FE1F9ED16DC174CF14E9B226531101B7,40697,39910,FE1F9ED16DC174CF14E9B226531101B7
shop_pack_uru02,C9506D5F424812190CAD35EC44ECFC6B,49069,48104,C9506D5F424812190CAD35EC44ECFC6B
shop_pack_uru03,EC445F15D93F1A5D51766450E696D910,48140,47247,EC445F15D93F1A5D51766450E696D910
shop_pack_uru03_token380,2D43D08F3CF3B6B7F3767DABE1CB7E2D,49111,48209,2D43D08F3CF3B6B7F3767DABE1CB7E2D
shop_pack_uru2,E5A8328FBDD5CD71F8A9CA378ECBD54B,39582,38319,E5A8328FBDD5CD71F8A9CA378ECBD54B
shop_pack_uru_equip_free,01B2C1A3637B8817A4F9C59257ACAB11,30178,29321,01B2C1A3637B8817A4F9C59257ACAB11
shop_pack_uru_v450,8AB69BC422CADDCA105B96C7866CAF2C,42890,41879,8AB69BC422CADDCA105B96C7866CAF2C
shop_pack_uru_v460,7A123F8D332E7113B3EBEDC215830495,42846,41815,7A123F8D332E7113B3EBEDC215830495
shop_pack_uru_v470,F60446BDE895C9187ECF7975EC576749,34994,34091,F60446BDE895C9187ECF7975EC576749
shop_pack_v1000_01,B77CE382D3C268D451B5656F23FC3302,32352,31150,B77CE382D3C268D451B5656F23FC3302
shop_pack_v1000_02,4FE85AEF74AE9D0216C41ED436266F52,40147,38884,4FE85AEF74AE9D0216C41ED436266F52
shop_pack_v1000_03,35EAF093019899528713453914864102,31616,30553,35EAF093019899528713453914864102
shop_pack_v1000_04,8B355EE0690D5651EA513A11B5808FDC,41767,40472,8B355EE0690D5651EA513A11B5808FDC
shop_pack_v1000_05,8CB8F29B40E6C912300A7CEE3CDC2FC1,42738,41627,8CB8F29B40E6C912300A7CEE3CDC2FC1
shop_pack_v1000_06,4D0EB8337A9D4B0A612867CBD77C9AB3,42265,41202,4D0EB8337A9D4B0A612867CBD77C9AB3
shop_pack_v1000_07,D81D54A1688D061F986FD50E6437E3EC,34265,33426,D81D54A1688D061F986FD50E6437E3EC
shop_pack_v1000_08,21D4260A25E69D70D2561A2CCB933FAC,38746,37671,21D4260A25E69D70D2561A2CCB933FAC
shop_pack_v1000_09,D09FF1496BBD77373CBA8E47DBDEACFC,43011,42091,D09FF1496BBD77373CBA8E47DBDEACFC
shop_pack_v1000_10,04AE01ED93DAE919BE32144DA6D3786E,34993,34080,04AE01ED93DAE919BE32144DA6D3786E
shop_pack_v1000_11,8D41BB0E4B125A041C2C681C0054E073,37089,36158,8D41BB0E4B125A041C2C681C0054E073
shop_pack_v1000_12,3BC08A712055E43423FDB4C4D60655E5,40405,39512,3BC08A712055E43423FDB4C4D60655E5
shop_pack_v1000_13,EAF955CF206BC52309EF1895A0FB8C1D,32343,31493,EAF955CF206BC52309EF1895A0FB8C1D
shop_pack_v1000_14,AB501D25761729EBA4DCA9B98BE534A1,27661,26605,AB501D25761729EBA4DCA9B98BE534A1
shop_pack_v1000_15,57D9AF63C16BB54226C1CC914FCD9218,39764,38493,57D9AF63C16BB54226C1CC914FCD9218
shop_pack_v1000_16,59D02616409A8D4C986BA62AFAB8D5B1,40887,39834,59D02616409A8D4C986BA62AFAB8D5B1
shop_pack_v1000_17,99209567C4F706C78FA4949171A32B3D,25934,25245,99209567C4F706C78FA4949171A32B3D
shop_pack_v1000_18,D6A25BF9027E17CAD33F0CAB30EF14CB,32345,31184,D6A25BF9027E17CAD33F0CAB30EF14CB
shop_pack_v1000_19,FE87422F5F3DCCE1369D5D2747D74CA6,40175,38896,FE87422F5F3DCCE1369D5D2747D74CA6
shop_pack_v1000_20,72170416B01B4870D0AB5E64AEC3FBFF,45884,45015,72170416B01B4870D0AB5E64AEC3FBFF
shop_pack_v1000_21,B8D4FBECA277DC45636175A0242B16FE,49302,48376,B8D4FBECA277DC45636175A0242B16FE
shop_pack_v1000_22,9C752CC4AB7FA009FCC970FF33F20C5A,46859,45652,9C752CC4AB7FA009FCC970FF33F20C5A
shop_pack_v1000_23,93FFB62AABBB74EDF99901C5B813ACC9,54832,53779,93FFB62AABBB74EDF99901C5B813ACC9
shop_pack_v1000_24,2DA1755045DD5A47272A2A738AED47F5,51460,50583,2DA1755045DD5A47272A2A738AED47F5
shop_pack_v1000_25,1B6DE312E8EB44956540A128C2D2E33A,55130,54138,1B6DE312E8EB44956540A128C2D2E33A
shop_pack_v1000_bundle_01,A19BEC4C2E945A7427F86D32D06ED4CF,49606,48460,A19BEC4C2E945A7427F86D32D06ED4CF
shop_pack_v1010_01,6FF7BE7FB142F3CF9BA531B778FB2BA3,31142,30067,6FF7BE7FB142F3CF9BA531B778FB2BA3
shop_pack_v1010_02,F7ECF61A3DFB734D5BD4F26040884484,39437,38194,F7ECF61A3DFB734D5BD4F26040884484
shop_pack_v1010_03,09D17784E09EE9C31E8B90083DA88AC4,31625,30605,09D17784E09EE9C31E8B90083DA88AC4
shop_pack_v1010_03_s,EDF5C16EB5FB09FF0DF081F1326B0FDE,12755,12121,EDF5C16EB5FB09FF0DF081F1326B0FDE
shop_pack_v1010_04,3AA5E7061CD6BDE9A88F001FAD4AC2D9,41766,40509,3AA5E7061CD6BDE9A88F001FAD4AC2D9
shop_pack_v1010_04_s,06CA1FCBD24EE7D11D4B4520599AE258,12617,12052,06CA1FCBD24EE7D11D4B4520599AE258
shop_pack_v1010_05,DF8D32E52869501EBFCF728B7EB65C68,36315,35167,DF8D32E52869501EBFCF728B7EB65C68
shop_pack_v1010_06,21C9FD32DD40E37832DBC3F8FDC40001,27664,26587,21C9FD32DD40E37832DBC3F8FDC40001
shop_pack_v1010_06_s,EA20895E79AAADE9DCDF4CD0F2BA3DAD,13086,12600,EA20895E79AAADE9DCDF4CD0F2BA3DAD
shop_pack_v1010_07,F01D307DE95BC7FB40E1568FAA386911,28228,27152,F01D307DE95BC7FB40E1568FAA386911
shop_pack_v1010_07_s,EA718DC359E577F00DBF9B4B3CF8117E,13020,12474,EA718DC359E577F00DBF9B4B3CF8117E
shop_pack_v1010_08,9B8CD6F3C3712F4D610584173E87E244,53243,52365,9B8CD6F3C3712F4D610584173E87E244
shop_pack_v1010_08_s,05707B1C9611E62D69CA73C799D3AC79,12957,12413,05707B1C9611E62D69CA73C799D3AC79
shop_pack_v1010_09,0B3EF5FDF2E30BED1351E70955A57A9F,50346,49444,0B3EF5FDF2E30BED1351E70955A57A9F
shop_pack_v1010_09_s,F9A88B9945B2508A75D5D08BD927CB71,13096,12641,F9A88B9945B2508A75D5D08BD927CB71
shop_pack_v1010_10,95D0C064B4B757C2AFC8B8661E1ACCE4,50217,49359,95D0C064B4B757C2AFC8B8661E1ACCE4
shop_pack_v1010_11,FF346EDF8974FCE13D4AB04C56A15A7E,51675,51084,FF346EDF8974FCE13D4AB04C56A15A7E
shop_pack_v1010_11_s,33F4F5400C06F29BC864DC86C4695E78,12607,12095,33F4F5400C06F29BC864DC86C4695E78
shop_pack_v1010_12,438B9E5FB2BB9EE0B76C9D3CE96563C9,30820,29750,438B9E5FB2BB9EE0B76C9D3CE96563C9
shop_pack_v1010_12_s,2218B170E56ADFF7D31E733E9B858AFC,12520,11942,2218B170E56ADFF7D31E733E9B858AFC
shop_pack_v1010_13,983EF33648AD511EDBC4972C3E2E6D07,44346,43343,983EF33648AD511EDBC4972C3E2E6D07
shop_pack_v1010_14,1243C07AA0FBF061630827073DE6D40E,33202,32199,1243C07AA0FBF061630827073DE6D40E
shop_pack_v1010_15,38FBFBF6DC0EC248BB76207D7AF053A1,33201,32209,38FBFBF6DC0EC248BB76207D7AF053A1
shop_pack_v1010_16,2B4366B74D4C439E4DA8C8477D470722,31612,30752,2B4366B74D4C439E4DA8C8477D470722
shop_pack_v1010_17,E0C92B90D56B96BB8B1C62794FFE5ACE,39502,38510,E0C92B90D56B96BB8B1C62794FFE5ACE
shop_pack_v1010_18,F3894A23FE08685EE84AA391325A904A,32167,31202,F3894A23FE08685EE84AA391325A904A
shop_pack_v1010_19,A021A9DE9B47AC86087989813EC167DC,40010,38982,A021A9DE9B47AC86087989813EC167DC
shop_pack_v1010_20,651CFDB0437C681BA3ABE904C6C2B560,43456,42278,651CFDB0437C681BA3ABE904C6C2B560
shop_pack_v1010_20_s,B06FC3B92AF61429BADF2C17693DF622,12789,12237,B06FC3B92AF61429BADF2C17693DF622
shop_pack_v1010_21,54F2836936E6AE0785514B42CF346C61,51896,50750,54F2836936E6AE0785514B42CF346C61
shop_pack_v1010_21_s,439FEEB1AD8F2C0938AF5C05B2444E9C,12520,11946,439FEEB1AD8F2C0938AF5C05B2444E9C
shop_pack_v1010_22,187E43FB77FBDCAB37DA2575D7C38DF3,33644,32464,187E43FB77FBDCAB37DA2575D7C38DF3
shop_pack_v1010_23,44E0E2FBFB395DDA1E84853EC225B4A5,44438,43283,44E0E2FBFB395DDA1E84853EC225B4A5
shop_pack_v1010_23_s,2D59C7B4A4EEAC88052024AF3C8EDE5C,12667,12122,2D59C7B4A4EEAC88052024AF3C8EDE5C
shop_pack_v1010_24,73234065282CC9C770B1655196026EAD,53185,51963,73234065282CC9C770B1655196026EAD
shop_pack_v1010_24_s,2B520841B35391DBDE98136F176A6979,12663,12177,2B520841B35391DBDE98136F176A6979
shop_pack_v1020_01,A4C98A13DD41C334EE526AFC1E808527,32287,31019,A4C98A13DD41C334EE526AFC1E808527
shop_pack_v1020_02,E9B4DACA82936312C2DC83C28AB43D52,39351,37871,E9B4DACA82936312C2DC83C28AB43D52
shop_pack_v1020_03,086DC6442E484856951454601F70F8A6,33481,32417,086DC6442E484856951454601F70F8A6
shop_pack_v1020_04,8339E697DF9C2EF609C58EDD3DE629BA,43325,42145,8339E697DF9C2EF609C58EDD3DE629BA
shop_pack_v1020_05,F03B71AAAB678988157B39FB54F72376,45436,44492,F03B71AAAB678988157B39FB54F72376
shop_pack_v1020_06,E583760229CE28D3F8B39516F843B5AD,48842,47915,E583760229CE28D3F8B39516F843B5AD
shop_pack_v1020_07,6C081398D0547C60139F91843582507E,46856,45675,6C081398D0547C60139F91843582507E
shop_pack_v1020_08,14BE8B57AFF7D876C249806F12766FB3,54833,53777,14BE8B57AFF7D876C249806F12766FB3
shop_pack_v1020_09,6EA42118ACDBDBC0B9424AA2B9B7950E,51423,50544,6EA42118ACDBDBC0B9424AA2B9B7950E
shop_pack_v1020_10,E8479CCF2ABD5FED24DC035DFBD32FAA,55068,54072,E8479CCF2ABD5FED24DC035DFBD32FAA
shop_pack_v1020_11,D9E1B66330C66F03A1AA485F538E4938,33804,32746,D9E1B66330C66F03A1AA485F538E4938
shop_pack_v1020_12,4B3EC328799F28F08B8F30A7C5378A02,40981,39872,4B3EC328799F28F08B8F30A7C5378A02
shop_pack_v1020_13,0297A2828E6C0E1548CABB0096E45ACD,35519,34576,0297A2828E6C0E1548CABB0096E45ACD
shop_pack_v1020_14,F59B506B45EC4FFFD968E7B0A1A66E0D,34265,33424,F59B506B45EC4FFFD968E7B0A1A66E0D
shop_pack_v1020_15,E56299B94330A60BC1943E24102567CA,38745,37669,E56299B94330A60BC1943E24102567CA
shop_pack_v1020_16,72D286FC3A7595C52F9F96A2353EA9B1,43011,42093,72D286FC3A7595C52F9F96A2353EA9B1
shop_pack_v1020_17,BEB1BA8421ECFBAFF4411267B5981073,31282,30284,BEB1BA8421ECFBAFF4411267B5981073
shop_pack_v1020_18,FBBD6B74BA43B13C479791CE10E8A501,38937,37803,FBBD6B74BA43B13C479791CE10E8A501
shop_pack_v1020_dice,9F344A9FAC47F3AB50DFE6897BC3414F,51441,50334,9F344A9FAC47F3AB50DFE6897BC3414F
shop_pack_v1030_01,690D13D4E1163D73AF0FE460FC0C557C,32467,31320,690D13D4E1163D73AF0FE460FC0C557C
shop_pack_v1030_02,AB2041D7282FE195D288FCC26127ABBC,40818,39533,AB2041D7282FE195D288FCC26127ABBC
shop_pack_v1030_03,B028AB7B599A13A2F3ADC9233F5C8285,35980,34952,B028AB7B599A13A2F3ADC9233F5C8285
shop_pack_v1030_04,BC1665EFFF9E7A708F424404760FD868,44679,43522,BC1665EFFF9E7A708F424404760FD868
shop_pack_v1030_05,EFC1442E7FFD918C736C7E584F90F458,22239,21535,EFC1442E7FFD918C736C7E584F90F458
shop_pack_v1030_06,C6DFEEAA013F1A52930C07DD7E1BCA7D,33510,32551,C6DFEEAA013F1A52930C07DD7E1BCA7D
shop_pack_v1030_07,00CB72E3C73733EDA106C3073C1E8D42,41909,40729,00CB72E3C73733EDA106C3073C1E8D42
shop_pack_v1030_08,7C5E1099A6C08332222D81113AA43C80,44565,43216,7C5E1099A6C08332222D81113AA43C80
shop_pack_v1030_09,870A16BD125D671D64A966CFB37700FB,46393,45247,870A16BD125D671D64A966CFB37700FB
shop_pack_v1030_10,0297CD32E82F8982F3BC7F950F50C254,42782,41779,0297CD32E82F8982F3BC7F950F50C254
shop_pack_v1030_11,42DA209AAC22D2C29590E8D836EDB035,50786,49841,42DA209AAC22D2C29590E8D836EDB035
shop_pack_v1030_12,0D659C4841A88A85EA70D367E5362791,40744,39784,0D659C4841A88A85EA70D367E5362791
shop_pack_v1030_13,ABD5D15F626ADD1673F271B522AA1BAF,49156,47950,ABD5D15F626ADD1673F271B522AA1BAF
shop_pack_v1030_14,5A5B97B1BDFC35442890D90301398CEC,37674,36741,5A5B97B1BDFC35442890D90301398CEC
shop_pack_v1030_15,C785D55383AE4904BA8012EB649902D9,44834,43799,C785D55383AE4904BA8012EB649902D9
shop_pack_v1030_16,4B3BB551F0E178D54E3FBDFE8A15DB41,37063,36036,4B3BB551F0E178D54E3FBDFE8A15DB41
shop_pack_v1030_17,A0F1ABFF073F85EF08EB7A30F4DDB5ED,47416,46193,A0F1ABFF073F85EF08EB7A30F4DDB5ED
shop_pack_v1030_18,9AFFA0C2E6131C24D4E6DC90E8D96E9F,40132,39209,9AFFA0C2E6131C24D4E6DC90E8D96E9F
shop_pack_v1030_19,3891AE04142A8AEF524E95D026D1D300,46001,44927,3891AE04142A8AEF524E95D026D1D300
shop_pack_v1030_20,5F2A7F646276B178859CEEB13880B304,34060,32992,5F2A7F646276B178859CEEB13880B304
shop_pack_v1030_21,C0E640A48075A7788BEF89D565EC94BE,35390,34378,C0E640A48075A7788BEF89D565EC94BE
shop_pack_v1030_22,214056E0653BED2746140D677B4E8112,37201,36148,214056E0653BED2746140D677B4E8112
shop_pack_v1030_23,7F53F2FECF1401A1CDB329A607E4CF95,37953,36884,7F53F2FECF1401A1CDB329A607E4CF95
shop_pack_v1030_24,F1A31DD00E09B2FF3B3BEF6ADBEF83C7,39915,38731,F1A31DD00E09B2FF3B3BEF6ADBEF83C7
shop_pack_v1030_25,6CFDB08294BE3869ECE002F4B0B62621,42139,40974,6CFDB08294BE3869ECE002F4B0B62621
shop_pack_v1030_26,F19B0EF57B64190F624BDC1891C70099,33001,31938,F19B0EF57B64190F624BDC1891C70099
shop_pack_v1030_27,1B91D8279221701CBFC59245E9B65F4D,38745,37668,1B91D8279221701CBFC59245E9B65F4D
shop_pack_v1030_28,3741F66FB839DC3B59BEA6B11636F5EA,42583,41573,3741F66FB839DC3B59BEA6B11636F5EA
shop_pack_v1030_29,78EC0B8073FD29825DAAC1FAA5EEA388,35219,34192,78EC0B8073FD29825DAAC1FAA5EEA388
shop_pack_v1030_30,D9438DE53D4B2CCCFA57CC0E998FB424,53436,52032,D9438DE53D4B2CCCFA57CC0E998FB424
shop_pack_v1030_31,4536AE5538C4F79EE96DC55E6447DF39,49125,47982,4536AE5538C4F79EE96DC55E6447DF39
shop_pack_v1030_32,90625D140D78BE5B3BB377FE1B102737,39403,38446,90625D140D78BE5B3BB377FE1B102737
shop_pack_v1030_33,0C90D24ED4F5A48885D0730E806D0D71,36971,36061,0C90D24ED4F5A48885D0730E806D0D71
shop_pack_v1030_34,6AF64F7CDCB29F8DE283A91C01CE6892,32260,31015,6AF64F7CDCB29F8DE283A91C01CE6892
shop_pack_v1030_35,4887CA17FDA55B754F75143919EFD031,39211,37837,4887CA17FDA55B754F75143919EFD031
shop_pack_v1030_36,FB54D6473FDCE95447C4448489B1F5B6,42738,41571,FB54D6473FDCE95447C4448489B1F5B6
shop_pack_v1030_37,206B46811214B24E614DFDAE239EEB2F,41698,40514,206B46811214B24E614DFDAE239EEB2F
shop_pack_v1030_38,8EF619371621D41095BAF500E74C8D69,34620,33730,8EF619371621D41095BAF500E74C8D69
shop_pack_v1030_39,F9205D45E28C1484FA6EC68AA95CCAE8,31787,30732,F9205D45E28C1484FA6EC68AA95CCAE8
shop_pack_v1030_40,C647B2C48D0C988F52FB858151ED5A5D,39385,38242,C647B2C48D0C988F52FB858151ED5A5D
shop_pack_v1030_41,8201A1B33E843E045CFE7DB8B82C5805,46784,45777,8201A1B33E843E045CFE7DB8B82C5805
shop_pack_v1030_42,522DE44927E31AA997241E408BE54B7B,50657,49719,522DE44927E31AA997241E408BE54B7B
shop_pack_v1030_43,F9E4578D1D2210AA83E220EE78AC7F26,51583,50704,F9E4578D1D2210AA83E220EE78AC7F26
shop_pack_v1030_44,2C016AD40C1538D8160F3F0BEC4F3B48,47174,46010,2C016AD40C1538D8160F3F0BEC4F3B48
shop_pack_v1030_45,38C7DD4E3075E8ECDF92C10AD97F1B78,49420,48348,38C7DD4E3075E8ECDF92C10AD97F1B78
shop_pack_v1030_46,BE95D255279F54FDFA12D843633D28FE,43112,42062,BE95D255279F54FDFA12D843633D28FE
shop_pack_v1030_bundle_01,9EBE341A91EF9AE020594D6A668AD016,50947,49873,9EBE341A91EF9AE020594D6A668AD016
shop_pack_v1030_bundle_02,F09C20D96F9BF082041F37C8C399953F,52078,50956,F09C20D96F9BF082041F37C8C399953F
shop_pack_v1030_bundle_03,5101D720B0AE4BCEDFCA369E2B4A785E,50335,49133,5101D720B0AE4BCEDFCA369E2B4A785E
shop_pack_v1030_bundle_04,709B0770C9E5E6AA019E88C6B2D376A5,51464,50411,709B0770C9E5E6AA019E88C6B2D376A5
shop_pack_v1040_01,6BACB9514415D096323542515EA0A9A8,32420,31316,6BACB9514415D096323542515EA0A9A8
shop_pack_v1040_02,696AB8245E2953BA99ADA1AD03CCDA17,40297,39059,696AB8245E2953BA99ADA1AD03CCDA17
shop_pack_v1040_03,F0C2346795C1380E822C8CFEFA037841,35976,34986,F0C2346795C1380E822C8CFEFA037841
shop_pack_v1040_04,C7FB9CD11A34D1BCADEEE833B154E8BB,44596,43434,C7FB9CD11A34D1BCADEEE833B154E8BB
shop_pack_v1040_05,CB761A8BF2311F1E6B804D05C03A43FE,34411,33460,CB761A8BF2311F1E6B804D05C03A43FE
shop_pack_v1040_06,F665578EF50EF50F8397E3D525E72201,32053,30797,F665578EF50EF50F8397E3D525E72201
shop_pack_v1040_07,D32C2AAAFC22F40827AAF7DB21C39A24,38915,37465,D32C2AAAFC22F40827AAF7DB21C39A24
shop_pack_v1040_08,2A87915198FF7D6AFFDC748257E72D48,49984,48918,2A87915198FF7D6AFFDC748257E72D48
shop_pack_v1040_09,C3F77B3E52CB8AB7E854F07C676D2158,50659,49720,C3F77B3E52CB8AB7E854F07C676D2158
shop_pack_v1040_10,DAFE8197793CFCE088C7753AE6DE5EA9,50266,49198,DAFE8197793CFCE088C7753AE6DE5EA9
shop_pack_v1040_11,7BD108D306E44DB1019C97A1EEA3917C,50034,48647,7BD108D306E44DB1019C97A1EEA3917C
shop_pack_v1040_12,BC4A56703DA750DA60C956922D6DA601,52580,51701,BC4A56703DA750DA60C956922D6DA601
shop_pack_v1040_12_s,769AEDA1AAA5A5374123134D4C2ADE98,13063,12579,769AEDA1AAA5A5374123134D4C2ADE98
shop_pack_v1050_01,EA79CE5FA26F3B94CEC636725FE497F4,37090,36152,EA79CE5FA26F3B94CEC636725FE497F4
shop_pack_v1050_02,4A15EAE9A7D4653B8D01225BC54A38BE,40515,39544,4A15EAE9A7D4653B8D01225BC54A38BE
shop_pack_v1050_03,5AAF079309E45CC69E46385C35ED6306,50482,49156,5AAF079309E45CC69E46385C35ED6306
shop_pack_v1050_04,5D1AAB7816BC4302270BEB88364EC590,51112,49757,5D1AAB7816BC4302270BEB88364EC590
shop_pack_v1050_05,D9098F1F4814FC82DBBD25DBD059FA3D,40612,39421,D9098F1F4814FC82DBBD25DBD059FA3D
shop_pack_v1050_06,E218A8D4F9B4D0B5C04AB6FDF96C5C0D,36034,35233,E218A8D4F9B4D0B5C04AB6FDF96C5C0D
shop_pack_v1050_07,106767FAE4B2C74AFF3A540900A0D0CB,36076,35269,106767FAE4B2C74AFF3A540900A0D0CB
shop_pack_v1050_08,54DDE822AA1348248E2967DC74890D63,40467,39468,54DDE822AA1348248E2967DC74890D63
shop_pack_v1050_09,AF84D53B1C239D4EA7DAE8A48687F8FE,37960,37046,AF84D53B1C239D4EA7DAE8A48687F8FE
shop_pack_v1050_10,A6D774AE5FBF60FBE4B3D604029801C5,38236,37356,A6D774AE5FBF60FBE4B3D604029801C5
shop_pack_v1050_11,8B0EC50830F31ACE863057ADFA827AD5,53417,52137,8B0EC50830F31ACE863057ADFA827AD5
shop_pack_v1050_12,0C1F97609D1F554D3B31CF670C1F5285,33875,32934,0C1F97609D1F554D3B31CF670C1F5285
shop_pack_v1050_13,BC5D8F1663211F941DCDF68F9BFDA25B,43456,42289,BC5D8F1663211F941DCDF68F9BFDA25B
shop_pack_v1050_14,489A42114A6AC576BE0E2B3558357D55,38565,37321,489A42114A6AC576BE0E2B3558357D55
shop_pack_v1050_15,D65F798A768C76A82258AD95CD6710A4,55496,54465,D65F798A768C76A82258AD95CD6710A4
shop_pack_v1050_16,B21F6C6E4EEBB15FDA51B730C53F044A,50208,49130,B21F6C6E4EEBB15FDA51B730C53F044A
shop_pack_v1050_17,C79AF827AD290031FDADB3FB1B4EBA7F,32548,31318,C79AF827AD290031FDADB3FB1B4EBA7F
shop_pack_v1050_18,C866BA394A153FC6071E1700D501D739,44715,43473,C866BA394A153FC6071E1700D501D739
shop_pack_v1050_19,CB4650E061C3E21F71FEA41FA5F64276,48612,47642,CB4650E061C3E21F71FEA41FA5F64276
shop_pack_v1050_20,D0CF5B69033BBD11D7BEADABE39BA598,53677,52773,D0CF5B69033BBD11D7BEADABE39BA598
shop_pack_v1050_21,089F78856E37F717CA132B2B66DB0D40,45884,45015,089F78856E37F717CA132B2B66DB0D40
shop_pack_v1050_22,71717EA426118569B7B6FBC14C54FAFD,49302,48377,71717EA426118569B7B6FBC14C54FAFD
shop_pack_v1050_23,463380766780A4B26CC7D2E68857C169,46859,45677,463380766780A4B26CC7D2E68857C169
shop_pack_v1050_24,86BAFE262106D0FD531FB450D4778884,56246,55129,86BAFE262106D0FD531FB450D4778884
shop_pack_v1050_25,0612225566D6D0FD77EAEDF665B85FEC,31940,31035,0612225566D6D0FD77EAEDF665B85FEC
shop_pack_v1050_26,7FF729DA0D5A6ACF6B5E6BD2CE866FCA,52560,51651,7FF729DA0D5A6ACF6B5E6BD2CE866FCA
shop_pack_v1050_27,93D9E598D3434E07648F5F78C3F149E8,55947,55019,93D9E598D3434E07648F5F78C3F149E8
shop_pack_v1050_28,E6D3A65BEEB14B050629B64228637D78,29254,28250,E6D3A65BEEB14B050629B64228637D78
shop_pack_v1050_29,D830101C1CB69BBAC5CD575567261A82,33406,32268,D830101C1CB69BBAC5CD575567261A82
shop_pack_v1050_30,85F9D4164C6CBA47EBA87AC7CEE1FE38,41181,39930,85F9D4164C6CBA47EBA87AC7CEE1FE38
shop_pack_v1050_31,3FB2F85E3F5B50D6848695F356D95BF8,31459,30452,3FB2F85E3F5B50D6848695F356D95BF8
shop_pack_v1050_32,A733855BDE8D997A4AAE12C55D5093CC,39347,38279,A733855BDE8D997A4AAE12C55D5093CC
shop_pack_v1050_33,EAE89835C1F853A35A3C6D74925C6C1F,32482,31324,EAE89835C1F853A35A3C6D74925C6C1F
shop_pack_v1050_34,551E45B006E9D0DB8AA1EC986A00D173,39843,38578,551E45B006E9D0DB8AA1EC986A00D173
shop_pack_v1050_35,BCC6CD9CD3024F7BE70671AF6C36372C,35964,34915,BCC6CD9CD3024F7BE70671AF6C36372C
shop_pack_v1050_36,8B3F8807B01A5718FC157C0CBCF3588E,44530,43277,8B3F8807B01A5718FC157C0CBCF3588E
shop_pack_v1050_37,7B8606B0BCBE076B7733AABFDDBA7CC0,34993,34080,7B8606B0BCBE076B7733AABFDDBA7CC0
shop_pack_v1050_38,6D00979C92F93FF8AB2F30CC35CB0EE7,49394,48186,6D00979C92F93FF8AB2F30CC35CB0EE7
shop_pack_v1050_39,8BB28E1DBDF5AB591D4155A9AC2F919E,34264,33451,8BB28E1DBDF5AB591D4155A9AC2F919E
shop_pack_v1050_40,650958712157DF038C56A4156C1DD0DF,38746,37670,650958712157DF038C56A4156C1DD0DF
shop_pack_v1050_41,04DCB3E574284864D22F898E3851D609,43011,42093,04DCB3E574284864D22F898E3851D609
shop_pack_v1050_42,F89E7DD1F636EC02EF7A2735B35B020A,27664,26587,F89E7DD1F636EC02EF7A2735B35B020A
shop_pack_v1050_43,2EF6F9949D0B73C6BEF984702BDCB053,43215,42047,2EF6F9949D0B73C6BEF984702BDCB053
shop_pack_v1050_44,6DB99F496F016BD351F1EC8A13E762F1,44960,43937,6DB99F496F016BD351F1EC8A13E762F1
shop_pack_v1050_45,F39761487A37BBC93CF33020C0FF03BF,25934,25266,F39761487A37BBC93CF33020C0FF03BF
shop_pack_v1050_46,E6EF0D7727BF8F04C2CCF5309A78B3C4,43708,42500,E6EF0D7727BF8F04C2CCF5309A78B3C4
shop_pack_v1050_battlepass,F748C5CC40F7EB5C43B6E441C7276A86,51155,50203,F748C5CC40F7EB5C43B6E441C7276A86
shop_pack_v1060_01,51731C8AE2EC969660A985B23970D674,32284,31078,51731C8AE2EC969660A985B23970D674
shop_pack_v1060_02,BB2F6123BC7B9DFD15BA64A763112008,39967,38593,BB2F6123BC7B9DFD15BA64A763112008
shop_pack_v1060_03,DD15F1F9447A10DBC636AC662E0F22CC,35525,34624,DD15F1F9447A10DBC636AC662E0F22CC
shop_pack_v1060_04,375F7F0ABE1F4CE62A58A4174B74C6F1,41097,40092,375F7F0ABE1F4CE62A58A4174B74C6F1
shop_pack_v1060_05,C136D98230F3722EDD58E92D9096B457,32230,31015,C136D98230F3722EDD58E92D9096B457
shop_pack_v1060_06,F13DE8FAEE9A59FB6CB768216441E625,40180,38783,F13DE8FAEE9A59FB6CB768216441E625
shop_pack_v1060_07,B51571BE542E0B5904DA33F0F85FCF0D,35601,34457,B51571BE542E0B5904DA33F0F85FCF0D
shop_pack_v1060_08,D143CF0D0D1AB4A3293179BAE791F2B2,44193,43177,D143CF0D0D1AB4A3293179BAE791F2B2
shop_pack_v1060_09,3C0487A22F2D5EDD398AF2A9E1CF27EA,37876,36884,3C0487A22F2D5EDD398AF2A9E1CF27EA
shop_pack_v1060_10,10FB6C82C1A4BE299DA726544D543FB2,35977,35023,10FB6C82C1A4BE299DA726544D543FB2
shop_pack_v1060_11,721BAA0F72A27E68B9783DA0752DC7D9,44559,43431,721BAA0F72A27E68B9783DA0752DC7D9
shop_pack_v1060_12,1E47F379A77041DE812CF282E75532AE,49388,48200,1E47F379A77041DE812CF282E75532AE
shop_pack_v1060_13,F76C49B48D38628EB2033267C0BC4071,32576,31487,F76C49B48D38628EB2033267C0BC4071
shop_pack_v1060_14,E630315EB79AA1865F6D156E7776D33D,39813,38615,E630315EB79AA1865F6D156E7776D33D
shop_pack_v1060_15,F275F4FFE25815762C2228A1B43179ED,37237,36072,F275F4FFE25815762C2228A1B43179ED
shop_pack_v1060_16,1938279DE689AF99C058EB2EC668046E,42560,41533,1938279DE689AF99C058EB2EC668046E
shop_pack_v1060_17,FC7DF7D0D7F1B59ED99E87E62451267D,42581,41551,FC7DF7D0D7F1B59ED99E87E62451267D
shop_pack_v1060_18,6157F9DB8012C0A04ADD62B7925D6603,35198,34176,6157F9DB8012C0A04ADD62B7925D6603
shop_pack_v1060_21,F2629D2B968FBE88CAA17BECDB5EFB10,39377,38406,F2629D2B968FBE88CAA17BECDB5EFB10
shop_pack_v1060_battlepass,EA3D1875A8C9C3327C61DD095CE4D93B,50313,48965,EA3D1875A8C9C3327C61DD095CE4D93B
shop_pack_v1060_bundle_01,C2CA1809F6AD7BED36DFD1D3FDCE1909,51086,49843,C2CA1809F6AD7BED36DFD1D3FDCE1909
shop_pack_v1060_bundle_02,F42AD146D7ADF242AAA927E17E9C162D,55972,54564,F42AD146D7ADF242AAA927E17E9C162D
shop_pack_v1070_01,F1011C58DC5B52A85E219ACCFEDD0C29,31445,30380,F1011C58DC5B52A85E219ACCFEDD0C29
shop_pack_v1070_02,992B88C6D5F0A9C4AA32EA06C7944D6D,39929,38779,992B88C6D5F0A9C4AA32EA06C7944D6D
shop_pack_v1070_03,A2EAFBA8075AC2D0A9F3FB9BF4DFED94,35468,34390,A2EAFBA8075AC2D0A9F3FB9BF4DFED94
shop_pack_v1070_04,21149594B88FFB5808D7DB905D5897A8,42063,41041,21149594B88FFB5808D7DB905D5897A8
shop_pack_v1070_05,7C04F900C4D5419E605FBD75ED15C423,28038,27193,7C04F900C4D5419E605FBD75ED15C423
shop_pack_v1070_06,7C923A7DF9465985ECEE808920B108F8,45660,44528,7C923A7DF9465985ECEE808920B108F8
shop_pack_v1070_06_s,BA8A58B0AF59AE44AC28D4EB5A172531,12619,12059,BA8A58B0AF59AE44AC28D4EB5A172531
shop_pack_v1070_07,2D33D6E3E41CE4C451EDD5FDFDE039C8,43693,42576,2D33D6E3E41CE4C451EDD5FDFDE039C8
shop_pack_v1070_08,CAB4D083E098F162A0FE1B538ADE298A,43630,42549,CAB4D083E098F162A0FE1B538ADE298A
shop_pack_v1070_09,AEF2947F2DF3BB3357CC3FA8B3EEF238,42067,41074,AEF2947F2DF3BB3357CC3FA8B3EEF238
shop_pack_v1070_10,944E276537FB6C6B2894A48CFA672782,41793,40990,944E276537FB6C6B2894A48CFA672782
shop_pack_v1070_10_s,15F3DF3237FAEABACFE904528342D0CF,12554,11937,15F3DF3237FAEABACFE904528342D0CF
shop_pack_v1070_11,B15BB309B549F30D9DFB048F0E69D80F,46856,45694,B15BB309B549F30D9DFB048F0E69D80F
shop_pack_v1070_12,6B2E339407EB80C37ED1319075F2F03D,32856,31734,6B2E339407EB80C37ED1319075F2F03D
shop_pack_v1070_13,8FE9FD1099EC3808E2B94903B250017F,34123,33181,8FE9FD1099EC3808E2B94903B250017F
shop_pack_v1070_14,D6AF32CD5710E1CF32663131A05A9E80,32220,31161,D6AF32CD5710E1CF32663131A05A9E80
shop_pack_v1070_15,731641ADAE6E455C2D1F32FA7A84A289,39951,38652,731641ADAE6E455C2D1F32FA7A84A289
shop_pack_v1070_16,A582BD36119C097DFD236FA8358473D8,36966,36078,A582BD36119C097DFD236FA8358473D8
shop_pack_v1070_17,9E6A9205F4655C2D82FC20F2CF70A50A,43102,42070,9E6A9205F4655C2D82FC20F2CF70A50A
shop_pack_v1070_18,8AC7801C39FAB505971C8E11BAADB27C,42902,41825,8AC7801C39FAB505971C8E11BAADB27C
shop_pack_v1070_19,1C792C5E5267A5F49E26C785207A9C0F,51963,50827,1C792C5E5267A5F49E26C785207A9C0F
shop_pack_v1070_19_s,EEBECB4E702EB23ACEE8A4C7C0CFD6B7,12536,11960,EEBECB4E702EB23ACEE8A4C7C0CFD6B7
shop_pack_v1070_20,0BDE271A05BCE58D32F27A642B698F53,35974,34929,0BDE271A05BCE58D32F27A642B698F53
shop_pack_v1070_20_s,6A9E51AE7C2C134FCA2A8B7714115099,12582,12000,6A9E51AE7C2C134FCA2A8B7714115099
shop_pack_v1070_21,29B11B5C8A591B546E124FFD94C8E858,44489,43238,29B11B5C8A591B546E124FFD94C8E858
shop_pack_v1070_22,854F50CDD208DCED42504F492C27A3DD,31996,30868,854F50CDD208DCED42504F492C27A3DD
shop_pack_v1070_23,C0B48C1353D2B727E5C946EDCDDC25F6,40330,39047,C0B48C1353D2B727E5C946EDCDDC25F6
shop_pack_v1070_24,0EAEAC3C7EC0C7E82D13012FA3069F60,50118,49166,0EAEAC3C7EC0C7E82D13012FA3069F60
shop_pack_v1070_25,CD21A8E09A8A251F0994507AB72B0087,39725,38641,CD21A8E09A8A251F0994507AB72B0087
shop_pack_v1070_26,C93CB2573EB14DDDFC747F17DC607548,49441,48338,C93CB2573EB14DDDFC747F17DC607548
shop_pack_v1070_27,311FCBF7257FBBDF9AD3E97D98E4B9BD,40488,39517,311FCBF7257FBBDF9AD3E97D98E4B9BD
shop_pack_v1070_28,69D7E847B21151C6820DD21113945E4C,29496,28620,69D7E847B21151C6820DD21113945E4C
shop_pack_v1070_battlepass,C59F3E3D65CD8BC4101EB3293489A6C6,44564,43521,C59F3E3D65CD8BC4101EB3293489A6C6
shop_pack_v1070_bundle_set_01,9F6466D36759F2BCFDD0B266C9F025BC,42516,41326,9F6466D36759F2BCFDD0B266C9F025BC
shop_pack_v1070_bundle_set_02,897DC0F251BF28A7B9918EB1844AE961,37394,36451,897DC0F251BF28A7B9918EB1844AE961
shop_pack_v1080_01,EBF90F2C8CBDA4495FBE7E3402908ED9,32211,31208,EBF90F2C8CBDA4495FBE7E3402908ED9
shop_pack_v1080_02,0344B5284F8DD664BFB97B6A59A5E48A,39855,38855,0344B5284F8DD664BFB97B6A59A5E48A
shop_pack_v1080_03,CFDD54A1FB42E348D9D63CAFA31BCD2F,35967,34978,CFDD54A1FB42E348D9D63CAFA31BCD2F
shop_pack_v1080_04,ACB57A19E91E9D91682EF54C2E697EDC,44560,43418,ACB57A19E91E9D91682EF54C2E697EDC
shop_pack_v1080_05,0C7BDCB587303B22AABD960B4F445BD6,37107,36083,0C7BDCB587303B22AABD960B4F445BD6
shop_pack_v1080_06,6317CDBD4530BA88FEE08DB43918CC50,40510,39486,6317CDBD4530BA88FEE08DB43918CC50
shop_pack_v1080_07,A9F05B9BD70D22E2C6A3967BB3946471,46914,45924,A9F05B9BD70D22E2C6A3967BB3946471
shop_pack_v1080_08,A3BA2FDE39E479B38DD2A5E0F0CC3547,32442,31312,A3BA2FDE39E479B38DD2A5E0F0CC3547
shop_pack_v1080_09,FF44AC31D161D9DBBFCCD144730072E8,39818,38588,FF44AC31D161D9DBBFCCD144730072E8
shop_pack_v1080_10,D580834E2F830FE9D98D522C66F7F56F,35520,34485,D580834E2F830FE9D98D522C66F7F56F
shop_pack_v1080_11,04FF40F5CE3C29C633B276789B980E77,51891,50706,04FF40F5CE3C29C633B276789B980E77
shop_pack_v1080_12,46C7213EAC21A5F1E31ECEBDB5680724,50080,48988,46C7213EAC21A5F1E31ECEBDB5680724
shop_pack_v1080_13,6956355222C7748CA8BA35B7D41F5181,31984,30788,6956355222C7748CA8BA35B7D41F5181
shop_pack_v1080_14,3002FD8C9C91F01E1B1D4C6F9A2E0F14,39309,37979,3002FD8C9C91F01E1B1D4C6F9A2E0F14
shop_pack_v1080_15,F746BEC1936D2F42462A9F64D53EB60B,33001,31939,F746BEC1936D2F42462A9F64D53EB60B
shop_pack_v1080_16,7B52B0EE2867ED060400395C8BDA8993,35600,34481,7B52B0EE2867ED060400395C8BDA8993
shop_pack_v1080_17,F7666FCB5C3666C214ADED787B8C1D4C,36941,35746,F7666FCB5C3666C214ADED787B8C1D4C
shop_pack_v1080_battlepass,71D2B2DB0B2E8A9CFAB0ECADE261F222,49105,47883,71D2B2DB0B2E8A9CFAB0ECADE261F222
shop_pack_v1080_bundle_01,E702A68C2E0F246ABFC51E3779F23D38,50216,48969,E702A68C2E0F246ABFC51E3779F23D38
shop_pack_v1090_01,3F0BCF5769C582A5A5EFA8FFE92EFEB0,32175,31145,3F0BCF5769C582A5A5EFA8FFE92EFEB0
shop_pack_v1090_02,F862F81E3C9B8BD8ABE90D289F32C36B,39883,38792,F862F81E3C9B8BD8ABE90D289F32C36B
shop_pack_v1090_03,C81A428A8A4FE14452A24970078ACB17,37969,36919,C81A428A8A4FE14452A24970078ACB17
shop_pack_v1090_04,552E60942E4DDB4744FAFAF4B289ECBD,49593,48494,552E60942E4DDB4744FAFAF4B289ECBD
shop_pack_v1090_05,D5FAEE57DBE7CFA66F1020D73BC1ADCA,51097,50054,D5FAEE57DBE7CFA66F1020D73BC1ADCA
shop_pack_v1090_06,64D92C188B344A9D97A1DD515E119359,50249,49167,64D92C188B344A9D97A1DD515E119359
shop_pack_v1090_07,72145C9C1863A04192EB59C3D64B68BF,54234,53161,72145C9C1863A04192EB59C3D64B68BF
shop_pack_v1090_08,C8AE1E964A0DA7E3AB7719CC0F73E31F,26157,25414,C8AE1E964A0DA7E3AB7719CC0F73E31F
shop_pack_v1090_09,F604ACDD4E04A34FDECA5C354F503689,31361,30421,F604ACDD4E04A34FDECA5C354F503689
shop_pack_v1090_10,7222F2C6938F0A57C6CD749B64BCFF3E,33665,32649,7222F2C6938F0A57C6CD749B64BCFF3E
shop_pack_v1090_11,F75388EBEDC3A091ECDFA94CA02B3D1A,25668,25025,F75388EBEDC3A091ECDFA94CA02B3D1A
shop_pack_v1090_12,2132BB1EC0002CBD5366024E1367A8AF,39434,38356,2132BB1EC0002CBD5366024E1367A8AF
shop_pack_v1090_13,9B524869075F307845F05E57E9A9ADBD,35853,34817,9B524869075F307845F05E57E9A9ADBD
shop_pack_v1090_14,217C0DFF6901842DB0228B8D1FA32280,16344,15584,217C0DFF6901842DB0228B8D1FA32280
shop_pack_v1090_15,F06EF2F21F9AD06C6CFDBF420F878F02,25998,25142,F06EF2F21F9AD06C6CFDBF420F878F02
shop_pack_v1090_16,0CACB45452FBEF9140F7042B0DDE61AF,26451,25781,0CACB45452FBEF9140F7042B0DDE61AF
shop_pack_v1090_17,9AC3706A031C11C8B983ACBED6C103E2,35188,34316,9AC3706A031C11C8B983ACBED6C103E2
shop_pack_v1090_18,64948012F625B187C26085F7C80F373F,32834,31773,64948012F625B187C26085F7C80F373F
shop_pack_v1090_19,F61711E58374C80E5E9A79D3D5020A4F,29137,28187,F61711E58374C80E5E9A79D3D5020A4F
shop_pack_v1090_1_battlepass,D3985478F8DA5DFF173032249A9D1831,52821,51783,D3985478F8DA5DFF173032249A9D1831
shop_pack_v1090_20,140BFCE5E651CFB1EC5CE004D6D10DBA,44722,43705,140BFCE5E651CFB1EC5CE004D6D10DBA
shop_pack_v1090_21,B75E8D3EB8D1E0C6FEFD74C719F749AD,26718,25792,B75E8D3EB8D1E0C6FEFD74C719F749AD
shop_pack_v1090_22,CBA62BC1B188F08F455FAEACA75763B8,26458,25606,CBA62BC1B188F08F455FAEACA75763B8
shop_pack_v1090_23,D7FE567DFBDD13DDE3664BA6C522BFAB,45598,44638,D7FE567DFBDD13DDE3664BA6C522BFAB
shop_pack_v1090_24,14AC866244C6A657747FEB7050D42BE6,37088,36173,14AC866244C6A657747FEB7050D42BE6
shop_pack_v1090_25,F89227C5A42D2DD0DEA3693DB4FD2FBF,47824,46525,F89227C5A42D2DD0DEA3693DB4FD2FBF
shop_pack_v1090_26,332BA2DF0E06062B88B283D2FFA76978,44205,43127,332BA2DF0E06062B88B283D2FFA76978
shop_pack_v1090_27,DA22E303171B3EF8222D10552F91C3E2,33962,32877,DA22E303171B3EF8222D10552F91C3E2
shop_pack_v1090_28,64FFC10476D5E63636EE295A773F3B20,34363,33421,64FFC10476D5E63636EE295A773F3B20
shop_pack_v1090_29,1925F8F6805207079AC68E5EDD39D031,40773,39729,1925F8F6805207079AC68E5EDD39D031
shop_pack_v1090_2_battlepass,22C3930E1899E796FD37195551668BCB,53922,53036,22C3930E1899E796FD37195551668BCB
shop_pack_v1090_30,A08A80AE6788A4CE4538135872B3E5EB,27593,26707,A08A80AE6788A4CE4538135872B3E5EB
shop_pack_v1090_31,C571E5043E619884A7BA1993F47A8058,59143,57783,C571E5043E619884A7BA1993F47A8058
shop_pack_v1090_32,D12A2731F98042CCF545B72E0294D57F,32717,31549,D12A2731F98042CCF545B72E0294D57F
shop_pack_v1090_33,1E4E1BE63CB1C0358A3CD91BDFAA487D,40121,38801,1E4E1BE63CB1C0358A3CD91BDFAA487D
shop_pack_v1090_34,DBDD6E131BB2B922D3B77A8952DE37E7,56891,55744,DBDD6E131BB2B922D3B77A8952DE37E7
shop_pack_v1090_35,B0FCE0CB9D48FE1F3B65BB932455891E,53833,52892,B0FCE0CB9D48FE1F3B65BB932455891E
shop_pack_v1090_36,2B85242116EF3308202569E6DE1AC458,37188,36052,2B85242116EF3308202569E6DE1AC458
shop_pack_v1090_37,36480AC130DE991EFC78E9E47140C658,28168,27334,36480AC130DE991EFC78E9E47140C658
shop_pack_v1090_38,38C80BDC317E94A6166F259BAE1B2864,47965,46442,38C80BDC317E94A6166F259BAE1B2864
shop_pack_v1090_39,582EF6A02A9308E597AA187816E8DD0F,47101,45798,582EF6A02A9308E597AA187816E8DD0F
shop_pack_v1090_40,92774403A7B887B834B3D962304961D2,42814,41680,92774403A7B887B834B3D962304961D2
shop_pack_v1090_41,98C5FEC3B33404BC860C62360A0E646A,47106,45940,98C5FEC3B33404BC860C62360A0E646A
shop_pack_v1090_42,03247B3D83D213B092F36D9DB17E843C,53068,51736,03247B3D83D213B092F36D9DB17E843C
shop_pack_v1090_43,FFED53FA118CF6CC3E960F7085579CB0,37390,36163,FFED53FA118CF6CC3E960F7085579CB0
shop_pack_v1090_44,631363651F16022CB4BE4D96D6FA7364,50209,49130,631363651F16022CB4BE4D96D6FA7364
shop_pack_v1090_45,1A77D23D05904F7E2D91E9352B6C15F7,43841,42730,1A77D23D05904F7E2D91E9352B6C15F7
shop_pack_v1090_46,E7C137B57BAA4A844BED8539CD101BD8,45834,44758,E7C137B57BAA4A844BED8539CD101BD8
shop_pack_v1090_47,E48508C8CADEF34D5F7F0A2816BD067D,43398,42340,E48508C8CADEF34D5F7F0A2816BD067D
shop_pack_v1090_48,05B70AE9DF41D94F794120AD31719770,45048,43829,05B70AE9DF41D94F794120AD31719770
shop_pack_v1090_49,5F48622618E2C2354C490920F21BDA2D,34029,32805,5F48622618E2C2354C490920F21BDA2D
shop_pack_v1090_bundle_01,C1100643E557F9E4EDDA6BBE1A3A0023,42276,41244,C1100643E557F9E4EDDA6BBE1A3A0023
shop_pack_v1090_bundle_02,D67896B4C89E624099D18C63C8D8B51F,44253,43253,D67896B4C89E624099D18C63C8D8B51F
shop_pack_v1090_bundle_03,2E7C5BF4521F9AB67C597EC3749822B1,41178,40308,2E7C5BF4521F9AB67C597EC3749822B1
shop_pack_v1090_bundle_04,A1F87BE80F821BF7EDC057D49F47F354,47726,46646,A1F87BE80F821BF7EDC057D49F47F354
shop_pack_v1090_bundle_05,3B59448FF5FD1AD0E92B8139BBE50261,48753,47692,3B59448FF5FD1AD0E92B8139BBE50261
shop_pack_v1100_01,C1F85115B7747D0F2B41D6E14AB14E43,32592,31574,C1F85115B7747D0F2B41D6E14AB14E43
shop_pack_v1100_02,2E95C9B48EB2237BE423D119A618548A,40214,39119,2E95C9B48EB2237BE423D119A618548A
shop_pack_v1100_03,6DCE202487944FAFE3B995ED16540235,37932,36828,6DCE202487944FAFE3B995ED16540235
shop_pack_v1100_04,61BF1D337A7E664F6AE34A191724A836,42708,41538,61BF1D337A7E664F6AE34A191724A836
shop_pack_v1100_05,6A642C06AC00E5CD781AA5BC3C785EA4,41553,40381,6A642C06AC00E5CD781AA5BC3C785EA4
shop_pack_v1100_06,906B83D6A16F95110CE22F9A66E59B91,49900,48775,906B83D6A16F95110CE22F9A66E59B91
shop_pack_v1100_07,F42FADEB9E37F249577F1D20184BFBBD,36437,35534,F42FADEB9E37F249577F1D20184BFBBD
shop_pack_v1100_08,ABAEB001E9E0029409F2C58D172BEAB4,56784,55599,ABAEB001E9E0029409F2C58D172BEAB4
shop_pack_v1100_09,3E328DBF4AC774CD4F1D50DC8633C1CE,55486,54366,3E328DBF4AC774CD4F1D50DC8633C1CE
shop_pack_v1100_10,B5232DF8F7D8DBF288E2AF3E3466457A,58001,57011,B5232DF8F7D8DBF288E2AF3E3466457A
shop_pack_v1100_11,678FB1201E26999A594E800D8BFB5AA5,31452,30472,678FB1201E26999A594E800D8BFB5AA5
shop_pack_v1100_12,860BC3DCC0A9A55605E478929D4867B5,39947,38775,860BC3DCC0A9A55605E478929D4867B5
shop_pack_v1100_13,0117498EB75330E0FA298548CB4DB2B3,42813,41643,0117498EB75330E0FA298548CB4DB2B3
shop_pack_v1100_14,767CCC6C9FE0063DC79062C652D6BC9B,47076,45846,767CCC6C9FE0063DC79062C652D6BC9B
shop_pack_v1100_15,8062AF770BADD2F5AA2D4435B347BC86,32947,31852,8062AF770BADD2F5AA2D4435B347BC86
shop_pack_v1100_16,0EE91560267C67084D7AAA9029EB1EBC,41099,39896,0EE91560267C67084D7AAA9029EB1EBC
shop_pack_v1100_17,CEDEA22295BF5BD8FDD3BCB5715DD39B,25453,24514,CEDEA22295BF5BD8FDD3BCB5715DD39B
shop_pack_v1100_18,D36A71E4A7A563715CCA998A5C417360,41266,40109,D36A71E4A7A563715CCA998A5C417360
shop_pack_v1100_19,7ABDCA8C766D84A574A23AA189B29949,51084,49727,7ABDCA8C766D84A574A23AA189B29949
shop_pack_v1100_bundle_01,9AE1715880872B21F72992A9D11C57BE,49506,48294,9AE1715880872B21F72992A9D11C57BE
shop_pack_v1100_bundle_02,DA47FC5D0F56A8CF3BBD7E8DA40421A0,55421,53944,DA47FC5D0F56A8CF3BBD7E8DA40421A0
shop_pack_v1110_01,FE7D4CF5C30313F03EE6994D2148ADD2,32245,31162,FE7D4CF5C30313F03EE6994D2148ADD2
shop_pack_v1110_02,341C1443868FEDE32E927C195C9AE872,40103,39009,341C1443868FEDE32E927C195C9AE872
shop_pack_v1110_03,2882CEECBEF5B0CF2ECB7FC1A8B26841,42818,41743,2882CEECBEF5B0CF2ECB7FC1A8B26841
shop_pack_v1110_04,40FBAE9CBE0D362650BD3F70987C9B0E,47123,45999,40FBAE9CBE0D362650BD3F70987C9B0E
shop_pack_v1110_05,E8EE63938BD839C4B17E348AAF5A8C62,32244,31111,E8EE63938BD839C4B17E348AAF5A8C62
shop_pack_v1110_06,ED8397292B01E47128F04EF73D255AE8,40277,39032,ED8397292B01E47128F04EF73D255AE8
shop_pack_v1110_07,B64A606597430CC1356929A797F42316,37941,36928,B64A606597430CC1356929A797F42316
shop_pack_v1110_08,256AEABBAB1544BC7555340285F8FB8E,30303,29491,256AEABBAB1544BC7555340285F8FB8E
shop_pack_v1110_09,40EB1BFF533EC8D35F65BA45113DDE50,48991,48103,40EB1BFF533EC8D35F65BA45113DDE50
shop_pack_v1110_10,9C3E19DBBAE6CD63790BF06E92FA57A6,52348,51164,9C3E19DBBAE6CD63790BF06E92FA57A6
shop_pack_v1110_11,6BAC90525F2C596037196FCC9B1962CC,43841,42725,6BAC90525F2C596037196FCC9B1962CC
shop_pack_v1110_12,5A30875BFE12F4A2969DA8466921AD8C,36970,36102,5A30875BFE12F4A2969DA8466921AD8C
shop_pack_v1110_13,F1DA5E0CE349029AE432014B9F999EF0,43024,41978,F1DA5E0CE349029AE432014B9F999EF0
shop_pack_v1110_14,9E920A9B68FA581FDB5D1C6B44FE70DF,53004,52079,9E920A9B68FA581FDB5D1C6B44FE70DF
shop_pack_v1120_01,599EA7692E5DE1CE4D99E8478E00D4AC,32384,31285,599EA7692E5DE1CE4D99E8478E00D4AC
shop_pack_v1120_02,D07B0BD663FA0563054AFCFCDAC2F45D,39740,38514,D07B0BD663FA0563054AFCFCDAC2F45D
shop_pack_v1120_03,CC12585A3E4B3BC3DBA5FEEBED61D20A,42802,41697,CC12585A3E4B3BC3DBA5FEEBED61D20A
shop_pack_v1120_04,F4C2EE6C7AFFD70E6882680048223C63,47080,45883,F4C2EE6C7AFFD70E6882680048223C63
shop_pack_v1120_05,559210500D5605B1EC1E2F3350307E69,50464,49455,559210500D5605B1EC1E2F3350307E69
shop_pack_v1120_06,D521FD3F0DA6980A1157290761530FB0,46197,45258,D521FD3F0DA6980A1157290761530FB0
shop_pack_v1120_07,010E91596CFC1A87CFC36E9E58608CB4,54796,53656,010E91596CFC1A87CFC36E9E58608CB4
shop_pack_v1120_08,85E8E21B35F5FCFF27DD3A78C8D9D110,35790,34846,85E8E21B35F5FCFF27DD3A78C8D9D110
shop_pack_v1120_09,CF5ABF9B6BBE91EF4D38F0E3BF2C758C,34075,33065,CF5ABF9B6BBE91EF4D38F0E3BF2C758C
shop_pack_v1120_10,644A454DEF5807C1E697D6F6F5F17B5A,41882,40849,644A454DEF5807C1E697D6F6F5F17B5A
shop_pack_v1120_11,9FED2FA32EB16E02A18AEA80AEA6E859,39500,38507,9FED2FA32EB16E02A18AEA80AEA6E859
shop_pack_v1120_12,A192CF148FEAC1FA27984FDF854EB4F6,44355,43408,A192CF148FEAC1FA27984FDF854EB4F6
shop_pack_v1120_13,8ECD0D1B58C5ED7D38B6EC7245F1B46F,40713,39754,8ECD0D1B58C5ED7D38B6EC7245F1B46F
shop_pack_v1120_14,D020BB6DEEFFFE76E3CA895D999900D1,50659,49737,D020BB6DEEFFFE76E3CA895D999900D1
shop_pack_v1120_15,43821111A1CB350BB440EE8BA8A59C4D,49127,48029,43821111A1CB350BB440EE8BA8A59C4D
shop_pack_v1120_16,AD5EB67915853E8259801D6B8F2D847D,40294,39418,AD5EB67915853E8259801D6B8F2D847D
shop_pack_v1120_17,8D98AB5822034FAC22705F84796A13ED,46629,45824,8D98AB5822034FAC22705F84796A13ED
shop_pack_v1120_18,A58FEFF9E843543452178B3134E91387,42205,40918,A58FEFF9E843543452178B3134E91387
shop_pack_v1120_19,94928583D5C2811B9CEECCEF2E3591D9,49074,47975,94928583D5C2811B9CEECCEF2E3591D9
shop_pack_v1120_20,C7A8286A55E3CD97F93047874A4CE91C,41554,40258,C7A8286A55E3CD97F93047874A4CE91C
shop_pack_v1120_21,10FA2FB9A309BDD0BBE166F9A326A964,35981,35020,10FA2FB9A309BDD0BBE166F9A326A964
shop_pack_v1120_22,B1701B96A652931CCFA4AC779B45E1AD,43503,42308,B1701B96A652931CCFA4AC779B45E1AD
shop_pack_v1120_23,CBF41FB3E4FAE22A030DF7DD6742DF97,47464,46257,CBF41FB3E4FAE22A030DF7DD6742DF97
shop_pack_v1120_24,D05B726DB82314655DA97D76EE1F5B86,45880,44905,D05B726DB82314655DA97D76EE1F5B86
shop_pack_v1120_25,C1E1A4BC105C30E8E6CA3B92CAB7DD1B,32366,31121,C1E1A4BC105C30E8E6CA3B92CAB7DD1B
shop_pack_v1120_26,ACE960D21535A8A7FC3A45162D17412E,39661,38167,ACE960D21535A8A7FC3A45162D17412E
shop_pack_v1120_27,9EF7CE94CFDCD99A68B47F199C2AEE0F,54969,54148,9EF7CE94CFDCD99A68B47F199C2AEE0F
shop_pack_v1120_28,3EC5AA700408526085B3A50E5F0DCDE8,37941,36852,3EC5AA700408526085B3A50E5F0DCDE8
shop_pack_v1130_01,A9E30908AD68926F2818B01AD2AB86D8,32312,31207,A9E30908AD68926F2818B01AD2AB86D8
shop_pack_v1130_02,0AF8802BE72BE7AABFA9166488EA8966,39614,38414,0AF8802BE72BE7AABFA9166488EA8966
shop_pack_v1130_03,E7829C78EC007B186B2D8F1A2E87C47E,42363,41278,E7829C78EC007B186B2D8F1A2E87C47E
shop_pack_v1130_04,C8AAFD3118A67398A815F86F95635601,47063,45951,C8AAFD3118A67398A815F86F95635601
shop_pack_v1130_05,922514E46E554F2ED029BA7E275D5AF9,31531,30552,922514E46E554F2ED029BA7E275D5AF9
shop_pack_v1130_06,B0F53E1542C7178E6514B51AB59D47E5,39538,38501,B0F53E1542C7178E6514B51AB59D47E5
shop_pack_v1130_07,DFBC96E0843E9E296E2B44B7B18836EF,37968,36977,DFBC96E0843E9E296E2B44B7B18836EF
shop_pack_v1130_08,C5CBE44A73A2D80E635FEBE0D8E59681,48751,47614,C5CBE44A73A2D80E635FEBE0D8E59681
shop_pack_v1130_09,FF18F7EC7B8519A78E9DDF6224A8DA4E,54962,54136,FF18F7EC7B8519A78E9DDF6224A8DA4E
shop_pack_v1130_10,5EDF6DD9C8B719907D2112421A69AF87,42102,40967,5EDF6DD9C8B719907D2112421A69AF87
shop_pack_v1130_11,DEF463FC297EE7007C76AB24EF9CDC97,45914,44792,DEF463FC297EE7007C76AB24EF9CDC97
shop_pack_v1130_12,0517C7A0BAF51570E58B869BC6694F94,51603,50733,0517C7A0BAF51570E58B869BC6694F94
shop_pack_v1130_13,BEF1AD604AACD42D24F86B145479F2A7,52419,51509,BEF1AD604AACD42D24F86B145479F2A7
shop_pack_v1130_14,D94A658F1A38EA31500A924EA9947AAB,53246,52102,D94A658F1A38EA31500A924EA9947AAB
shop_pack_v1130_15,9EA93D8B2936467F0DA21AC5028B9CD3,48426,47306,9EA93D8B2936467F0DA21AC5028B9CD3
shop_pack_v1130_16,3C8152C8262AE74D8869033C372A5C1D,45627,44667,3C8152C8262AE74D8869033C372A5C1D
shop_pack_v1130_17,8224EF18E3CFE70BDC87DE25F3B9B2B3,29044,28020,8224EF18E3CFE70BDC87DE25F3B9B2B3
shop_pack_v1130_18,E9BAE6E679B470FF1390CB5455F259DD,33488,32453,E9BAE6E679B470FF1390CB5455F259DD
shop_pack_v1130_19,74F2127F50E741D96D1AE184F49CA252,36200,35073,74F2127F50E741D96D1AE184F49CA252
shop_pack_v1130_20,43362D32C2491002B40B1AAC7F852869,36217,35123,43362D32C2491002B40B1AAC7F852869
shop_pack_v1130_21,1087433E5A4411931227C98B7E29F081,35844,34821,1087433E5A4411931227C98B7E29F081
shop_pack_v1130_22,B610CED3EC8F5BA6E9ADBCC41C6B4E2E,54223,53051,B610CED3EC8F5BA6E9ADBCC41C6B4E2E
shop_pack_v1130_23,48204C79653BAC9AF32CF882987D030F,55160,54222,48204C79653BAC9AF32CF882987D030F
shop_pack_v1130_24,71A493DE77E97272D83E7631D8353E33,53234,52209,71A493DE77E97272D83E7631D8353E33
shop_pack_v1130_battlepass,59C6AD278DE5F70B1654063EB35E2CD3,51329,50281,59C6AD278DE5F70B1654063EB35E2CD3
shop_pack_v1130_bundle_01,9C43E33072A8ABCC6A2D59A650CBEA52,57683,56845,9C43E33072A8ABCC6A2D59A650CBEA52
shop_pack_v1130_bundle_02,EF126078E62236931867D58A1F3BCE58,54665,53549,EF126078E62236931867D58A1F3BCE58
shop_pack_v1140_01,650BFAFCE4977438DF9827B5D83FEBEA,31896,30777,650BFAFCE4977438DF9827B5D83FEBEA
shop_pack_v1140_02,EB0A2127B1C5C33F4CDFDB807C807CC3,39947,38663,EB0A2127B1C5C33F4CDFDB807C807CC3
shop_pack_v1140_03,05716A455FA6B367FE0DF34C9FCC32DE,42835,41788,05716A455FA6B367FE0DF34C9FCC32DE
shop_pack_v1140_04,E8A8C750CD4153433A27B8DC87E0E273,47091,46016,E8A8C750CD4153433A27B8DC87E0E273
shop_pack_v1140_05,22F09454AE09B08C352BB66467A2DD1A,31375,30379,22F09454AE09B08C352BB66467A2DD1A
shop_pack_v1140_06,5208A496909DC176D5DD325248259C87,39083,38003,5208A496909DC176D5DD325248259C87
shop_pack_v1140_07,627F53F6027C9C451572313875BFAC75,49898,48819,627F53F6027C9C451572313875BFAC75
shop_pack_v1140_08,F7C92985EA53DA7F863DE0F789AEDB80,50208,49155,F7C92985EA53DA7F863DE0F789AEDB80
shop_pack_v1140_09,1EC7645EE672FA3665C5DBE48F50F4A6,43185,42187,1EC7645EE672FA3665C5DBE48F50F4A6
shop_pack_v1140_10,7F6B0A9AD13306E92133768164B9C603,51620,50597,7F6B0A9AD13306E92133768164B9C603
shop_pack_v1140_11,C08CA5FFB7B65CB99B0E658F58506297,44951,43656,C08CA5FFB7B65CB99B0E658F58506297
shop_pack_v1140_12,C802638E65FDE72F8717DDC1E5FE9428,53191,52125,C802638E65FDE72F8717DDC1E5FE9428
shop_pack_v1140_13,C1F8EA8DBA33F71D62F9FD775FDD7DEA,29147,28190,C1F8EA8DBA33F71D62F9FD775FDD7DEA
shop_pack_v1140_14,874543190CBC6A0CD1CFCBAE3F75D431,26023,25201,874543190CBC6A0CD1CFCBAE3F75D431
shop_pack_v1140_15,CA510670109FDEF169F74FDE8F1825F3,38611,37747,CA510670109FDEF169F74FDE8F1825F3
shop_pack_v1140_16,619D9BF175AEC57218F78D094D8B545C,40468,39495,619D9BF175AEC57218F78D094D8B545C
shop_pack_v1140_17,7859583169A7A24048161874CE029AE0,39099,38104,7859583169A7A24048161874CE029AE0
shop_pack_v1140_18,2AA94A28EF37BEEEB2493E42ADB2F1EE,35076,34289,2AA94A28EF37BEEEB2493E42ADB2F1EE
shop_pack_v1140_19,81EB9A6164D640CFA70BA6C2DB96C909,38136,37267,81EB9A6164D640CFA70BA6C2DB96C909
shop_pack_v1140_20,2DD98D2D9B3CC4312DD6323E8B2A0B58,35145,34406,2DD98D2D9B3CC4312DD6323E8B2A0B58
shop_pack_v1140_21,D97119E0FC616F1DDD7837A847D115F3,38224,37394,D97119E0FC616F1DDD7837A847D115F3
shop_pack_v1140_22,C89B06F8265ACEC3AE10640460F4890A,46142,45038,C89B06F8265ACEC3AE10640460F4890A
shop_pack_v1140_23,D641986F3510A5FEAFF73C7B0407833B,59077,57691,D641986F3510A5FEAFF73C7B0407833B
shop_pack_v1140_24,5DF4A7066EFE3770FF54045E0F58C374,52354,51213,5DF4A7066EFE3770FF54045E0F58C374
shop_pack_v1140_25,F7B6C763CFBF943D1055CE7B7DC2DA5B,54210,53262,F7B6C763CFBF943D1055CE7B7DC2DA5B
shop_pack_v1140_26,D34DFAD9813B557121AE4E2747378CF0,54208,53306,D34DFAD9813B557121AE4E2747378CF0
shop_pack_v1140_27,CC927B71DD9A567FE224B145436AD4C2,48734,47896,CC927B71DD9A567FE224B145436AD4C2
shop_pack_v1140_28,3D3F95B1BB40275F869BABC893459C0C,48276,46934,3D3F95B1BB40275F869BABC893459C0C
shop_pack_v1140_29,D740058AD06B2A453F097FC7C3E2E6FA,34547,33506,D740058AD06B2A453F097FC7C3E2E6FA
shop_pack_v1140_30,378BACCF11AD3847394BAD1DFAA88260,48080,46963,378BACCF11AD3847394BAD1DFAA88260
shop_pack_v1140_31,5C00B32AEFCB8423610B21D520C2BA92,43126,42175,5C00B32AEFCB8423610B21D520C2BA92
shop_pack_v1140_32,1072F8ABA55B21EF849CC9477A429C13,43073,42033,1072F8ABA55B21EF849CC9477A429C13
shop_pack_v1140_33,94EAAE17E205D61FCD732A449479B900,46582,45640,94EAAE17E205D61FCD732A449479B900
shop_pack_v1140_34,6A2A1891B4F17F4BEF10D14D268453D1,45611,44572,6A2A1891B4F17F4BEF10D14D268453D1
shop_pack_v1140_35,531412E44C1BD4EA95CCA0C90BADC517,32961,31989,531412E44C1BD4EA95CCA0C90BADC517
shop_pack_v1140_36,E3697A177BFCA07D8F718FC586F1022C,33488,32453,E3697A177BFCA07D8F718FC586F1022C
shop_pack_v1140_37,82DB3D2F96EE7F0CDA7BFA78160ED4AC,36373,35247,82DB3D2F96EE7F0CDA7BFA78160ED4AC
shop_pack_v1140_38,E454A65F49C3F75194330D8454E0B060,36390,35294,E454A65F49C3F75194330D8454E0B060
shop_pack_v1140_39,8467AE7A8BF9F93441C55A5A851149DC,35842,34833,8467AE7A8BF9F93441C55A5A851149DC
shop_pack_v1140_battlepass,37FEF4137AB2F9626F295ECD7504B1EB,51157,50204,37FEF4137AB2F9626F295ECD7504B1EB
shop_pack_v1140_bundle_01,65ABDEC3D153C5691B9D427AB0105AAB,47773,46769,65ABDEC3D153C5691B9D427AB0105AAB
shop_pack_v1140_bundle_02,8FAA689E5480A0379FC318356C8D42AA,47890,46919,8FAA689E5480A0379FC318356C8D42AA
shop_pack_v1150_01,7ADA85DD6735D9E20EB02C7E511BACCE,46650,45358,7ADA85DD6735D9E20EB02C7E511BACCE
shop_pack_v1150_02,08C3A3077ED435B71243829F14B6A549,47809,46809,08C3A3077ED435B71243829F14B6A549
shop_pack_v1150_03,CDCFC1756AA822ADEED2B2734E13B26B,31876,30786,CDCFC1756AA822ADEED2B2734E13B26B
shop_pack_v1150_04,325AA8725C3E6477CB26B4B1D9E2B58C,39216,37918,325AA8725C3E6477CB26B4B1D9E2B58C
shop_pack_v1150_05,70D6446167D4DE338EDBB55B8EA368E8,42829,41742,70D6446167D4DE338EDBB55B8EA368E8
shop_pack_v1150_06,8605307CE37BB8E6A70BF9B78FEDC9D9,47080,45885,8605307CE37BB8E6A70BF9B78FEDC9D9
shop_pack_v1150_07,8690B8FCCBCB57C765A895262333CF57,32120,31317,8690B8FCCBCB57C765A895262333CF57
shop_pack_v1150_08,DCB3039588A115B2946F27BCB0BB6623,40730,39812,DCB3039588A115B2946F27BCB0BB6623
shop_pack_v1150_09,AE80199E6CDA10921757B4EB3ED7055D,37986,37041,AE80199E6CDA10921757B4EB3ED7055D
shop_pack_v1150_10,23BD632FFE48F1618E713A35D75C8247,40065,39154,23BD632FFE48F1618E713A35D75C8247
shop_pack_v1150_11,B42C9D31A670FB58DB17EB6E018518FD,39201,38145,B42C9D31A670FB58DB17EB6E018518FD
shop_pack_v1150_12,69B92BF806A76404AC601C17520B4629,41974,40887,69B92BF806A76404AC601C17520B4629
shop_pack_v1150_13,9680D6E409D0ED591373ACFC7F8AFBFE,49365,48227,9680D6E409D0ED591373ACFC7F8AFBFE
shop_pack_v1150_14,6D2B413CA95219008F05303E66257554,52267,51029,6D2B413CA95219008F05303E66257554
shop_pack_v1150_15,4C2E7B9FCE55160698E490BC48E3FA2E,32523,31381,4C2E7B9FCE55160698E490BC48E3FA2E
shop_pack_v1150_16,0517F2A6CDC9C8A75AFC6C0CBB2A9A9C,40122,38911,0517F2A6CDC9C8A75AFC6C0CBB2A9A9C
shop_pack_v1150_17,599B3724EF587AB9D0D13DED8DD69773,56446,55133,599B3724EF587AB9D0D13DED8DD69773
shop_pack_v1150_bundle_01,F845D1EDB30F975488CF865307288832,48872,47783,F845D1EDB30F975488CF865307288832
shop_pack_v1150_bundle_02,A8A56BE01C484551E825C7312B062B04,53480,52442,A8A56BE01C484551E825C7312B062B04
shop_pack_v1160_01,6E4E8F9B0EA0F578A1DFDF0048E1B16B,33441,32474,6E4E8F9B0EA0F578A1DFDF0048E1B16B
shop_pack_v1160_02,53966CEBB6C538503B2294E7AC41D212,41112,39994,53966CEBB6C538503B2294E7AC41D212
shop_pack_v1160_03,2B1E8FE69FAA6479999A3032E6375C2B,42609,41525,2B1E8FE69FAA6479999A3032E6375C2B
shop_pack_v1160_04,434B492FD4D953D7828755A3640F0870,47104,45963,434B492FD4D953D7828755A3640F0870
shop_pack_v1160_05,017E8561C8C270702BD0038863B9157A,51423,50160,017E8561C8C270702BD0038863B9157A
shop_pack_v1160_06,0922B70AF39FE377C505BCF49A5D4010,46512,45370,0922B70AF39FE377C505BCF49A5D4010
shop_pack_v1160_07,17013FDE911A5399F4984EEBE36FA3C4,23298,22321,17013FDE911A5399F4984EEBE36FA3C4
shop_pack_v1160_07_s,2BC4C1CBAD936AF90366A050308CCE9B,12399,11804,2BC4C1CBAD936AF90366A050308CCE9B
shop_pack_v1160_08,4D9275EFC4626DAB5EE11189D911AB19,27664,26614,4D9275EFC4626DAB5EE11189D911AB19
shop_pack_v1160_08_s,ED22B5F1624D34F28E6BAF542F209117,12400,11825,ED22B5F1624D34F28E6BAF542F209117
shop_pack_v1160_09,C858B5CC7D8FB2C39670BC2CEBF81152,39404,38154,C858B5CC7D8FB2C39670BC2CEBF81152
shop_pack_v1160_10,71D26463FE250B126FB656B9A1380A60,42781,41766,71D26463FE250B126FB656B9A1380A60
shop_pack_v1160_11,9C50A2EEC6344883CA7717CE809BBA1B,47087,46052,9C50A2EEC6344883CA7717CE809BBA1B
shop_pack_v1160_12,28AF9FDF18A2FD26D4C12B2D099BB76E,53248,52080,28AF9FDF18A2FD26D4C12B2D099BB76E
shop_pack_v1160_13,B3666CD1E9D0BCA265ED1743EF306009,47664,46605,B3666CD1E9D0BCA265ED1743EF306009
shop_pack_v1160_14,A8ADECB2230058CCA37CDE55C34AFD55,44225,43324,A8ADECB2230058CCA37CDE55C34AFD55
shop_pack_v1160_15,012629F00F0E4F6744DF30B4C2E1CACE,31931,30819,012629F00F0E4F6744DF30B4C2E1CACE
shop_pack_v1160_16,71C045F625E8B5254E4AB090FB366FB8,39288,38052,71C045F625E8B5254E4AB090FB366FB8
shop_pack_v1160_17,F4CFED28DAC5CF1E6A09E5BAE0CA678E,37944,36963,F4CFED28DAC5CF1E6A09E5BAE0CA678E
shop_pack_v1160_1_battlepass,AEFA650073451E99D0B3661A46F9FCA5,49008,47848,AEFA650073451E99D0B3661A46F9FCA5
shop_pack_v1160_2_battlepass,0263404CEDC84BE79BF3FF0E40401ACE,52195,51102,0263404CEDC84BE79BF3FF0E40401ACE
shop_pack_v1160_bundle_01,543E65862DE38576BE2C73C1E5F8D07E,55526,54414,543E65862DE38576BE2C73C1E5F8D07E
shop_pack_v1160_bundle_02,5B30AA83FF29391C1FA6630F2EC5A4A5,49532,48414,5B30AA83FF29391C1FA6630F2EC5A4A5
shop_pack_v1160_bundle_03,5955537842780819D3FA1F7D09FAD00B,58736,57686,5955537842780819D3FA1F7D09FAD00B
shop_pack_v1170_01,79BBE0C3F7F4AA46B36A7721559B1218,32681,31783,79BBE0C3F7F4AA46B36A7721559B1218
shop_pack_v1170_02,C99A918A9F80956BAF2CEE07AFA17F43,40981,39979,C99A918A9F80956BAF2CEE07AFA17F43
shop_pack_v1170_03,42211C0DDBD37AD6A8367F5FD2C3DC93,42607,41571,42211C0DDBD37AD6A8367F5FD2C3DC93
shop_pack_v1170_04,680CED418A89425B43EE3905AF238CC8,47093,45986,680CED418A89425B43EE3905AF238CC8
shop_pack_v1170_05,1E213EBDAC5C16CB09A816AB19C081FD,32715,31628,1E213EBDAC5C16CB09A816AB19C081FD
shop_pack_v1170_06,95E41BFDE524990E9F8BF50085B9AAFB,40620,39427,95E41BFDE524990E9F8BF50085B9AAFB
shop_pack_v1170_07,7596EA73872B3894DDD80D37B8A03296,37932,36846,7596EA73872B3894DDD80D37B8A03296
shop_pack_v1170_08,C142008CD92BA6034C80C1C694521118,36646,35529,C142008CD92BA6034C80C1C694521118
shop_pack_v1170_09,D66C9C30E664970EF86EEDB6848759EA,35274,34269,D66C9C30E664970EF86EEDB6848759EA
shop_pack_v1170_10,38F0718C6325F9FAC60912C9A64CFBD7,29390,28470,38F0718C6325F9FAC60912C9A64CFBD7
shop_pack_v1170_11,AFF6D1C17A88DC3D6C5C409CF454F950,31293,30381,AFF6D1C17A88DC3D6C5C409CF454F950
shop_pack_v1170_12,A4CCCBB57B59FD02EB81B7F1C28BE9B5,43283,42257,A4CCCBB57B59FD02EB81B7F1C28BE9B5
shop_pack_v1170_13,F305827017EF8E82D700CD95DA6CDFC9,49428,47980,F305827017EF8E82D700CD95DA6CDFC9
shop_pack_v1170_14,6C4F7233E9D055D2746AE8978899F707,52343,51311,6C4F7233E9D055D2746AE8978899F707
shop_pack_v1170_15,2EF714423EE735553DD4FA9740BA064D,50829,49770,2EF714423EE735553DD4FA9740BA064D
shop_pack_v1170_16,B6C1A38ACFC1E697C1FCA600BA7129CE,53646,52875,B6C1A38ACFC1E697C1FCA600BA7129CE
shop_pack_v1170_16_s,F427A8E027D996765135C6B13C91A442,12558,11988,F427A8E027D996765135C6B13C91A442
shop_pack_v1170_17,B3A64C9D7AF27B655DF80FD4FC36AB94,57921,56752,B3A64C9D7AF27B655DF80FD4FC36AB94
shop_pack_v1170_17_s,B800F14A5EE3A6E0FA97990E97CE96B5,12569,12025,B800F14A5EE3A6E0FA97990E97CE96B5
shop_pack_v1170_18,CAED7C0598D53745DB3A9862FE09BFC0,54034,53198,CAED7C0598D53745DB3A9862FE09BFC0
shop_pack_v1170_18_s,97191FB9B9A2E473E7F2D3D481FC1C24,12567,12023,97191FB9B9A2E473E7F2D3D481FC1C24
shop_pack_v1170_bundle_set_01,858C5FFD784E6F37FAAC3555B0A76456,63000,62047,858C5FFD784E6F37FAAC3555B0A76456
shop_pack_v1180_01,A03E244CB39059835B49FCC048AC01FE,31739,30853,A03E244CB39059835B49FCC048AC01FE
shop_pack_v1180_02,BCC78FE91F33C9653D939CE8F63BF028,40071,39097,BCC78FE91F33C9653D939CE8F63BF028
shop_pack_v1180_03,D3A5B6E7BAC477A557C6D9D46C9ECBBA,37983,37038,D3A5B6E7BAC477A557C6D9D46C9ECBBA
shop_pack_v1180_04,4E1DF3FCFD5FC3F9508F96A5260FECA7,32425,31433,4E1DF3FCFD5FC3F9508F96A5260FECA7
shop_pack_v1180_05,EDF34A6DFEA71A697EA8BB100F61F0CE,40035,38952,EDF34A6DFEA71A697EA8BB100F61F0CE
shop_pack_v1180_06,7706C8FFA3EEBAC444EA6E443F8D24E5,42612,41504,7706C8FFA3EEBAC444EA6E443F8D24E5
shop_pack_v1180_07,DF5EEC473EEFE1710474C31D8E2E8EE0,47105,45931,DF5EEC473EEFE1710474C31D8E2E8EE0
shop_pack_v1180_08,A572D7D4624C181ECFA47CF46A494AF4,27664,26612,A572D7D4624C181ECFA47CF46A494AF4
shop_pack_v1180_09,209FDE4894DBF9970A6C6BAA6456F564,33792,32754,209FDE4894DBF9970A6C6BAA6456F564
shop_pack_v1180_10,12D2699758276805BADDC1308CB5F29F,45283,44121,12D2699758276805BADDC1308CB5F29F
shop_pack_v1180_11,3C54F2B65904791484559537D322A3CB,44968,43783,3C54F2B65904791484559537D322A3CB
shop_pack_v1180_12,01B5E2BA8AADB8CEF25D7576BA9F59BB,43369,42276,01B5E2BA8AADB8CEF25D7576BA9F59BB
shop_pack_v1180_13,427917B27ACD41D50BE7D3C7044B0241,44951,43681,427917B27ACD41D50BE7D3C7044B0241
shop_pack_v1180_14,B7C0CED69D6E2CFD00CA7E59E84855B8,48809,47752,B7C0CED69D6E2CFD00CA7E59E84855B8
shop_pack_v1180_15,B0DFD16289F5AE4FAAEBDBBB7A05C9BD,50357,49236,B0DFD16289F5AE4FAAEBDBBB7A05C9BD
shop_pack_v1180_16,196A281380DBF413460F871BF6670CFF,55153,54104,196A281380DBF413460F871BF6670CFF
shop_pack_v1180_17,7AF10D0B166D737AEB0D2AAB2A1AD114,32556,31628,7AF10D0B166D737AEB0D2AAB2A1AD114
shop_pack_v1180_18,215D43366845B5B1ED0A4DEFBC7AE755,27610,26851,215D43366845B5B1ED0A4DEFBC7AE755
shop_pack_v1180_19,C0C562F17DE1DBC6C5E6445FE7A3E8C5,43013,42105,C0C562F17DE1DBC6C5E6445FE7A3E8C5
shop_pack_v1180_20,C77A2220A3D3D48AC22D9BBAC0957FD0,48343,47326,C77A2220A3D3D48AC22D9BBAC0957FD0
shop_pack_v1180_21,13C998BBB49E1A705C57A90BC031AB91,36777,35811,13C998BBB49E1A705C57A90BC031AB91
shop_pack_v1180_22,34CAAB1674641312AC4BAFD54DF79A1F,44388,43232,34CAAB1674641312AC4BAFD54DF79A1F
shop_pack_v1180_23,50ABA9F7B606EF7A8EB8821DD60AD5D4,42209,40946,50ABA9F7B606EF7A8EB8821DD60AD5D4
shop_pack_v1180_24,A67780D5AF3362232C5ECEF580FCCF18,47286,46191,A67780D5AF3362232C5ECEF580FCCF18
shop_pack_v1180_25,8B5E624C95C2829F20266243A10DEFA8,48876,47832,8B5E624C95C2829F20266243A10DEFA8
shop_pack_v1180_26,4E1F0D4D286B8D45E404018A01F9CC6C,40508,39587,4E1F0D4D286B8D45E404018A01F9CC6C
shop_pack_v1180_27,448E003721840825F9808BD06028A239,46513,45372,448E003721840825F9808BD06028A239
shop_pack_v1180_28,689851066A7FB948C6880755690A8FC4,42336,41419,689851066A7FB948C6880755690A8FC4
shop_pack_v1180_29,B53986F6F1D6EBA600B35455839D386D,46060,45006,B53986F6F1D6EBA600B35455839D386D
shop_pack_v1180_30,A52505632E54EDA40D559333208A2144,39578,38537,A52505632E54EDA40D559333208A2144
shop_pack_v1180_31,E4B7D5F5321E669EFB78A9CDE041DDAD,35788,34869,E4B7D5F5321E669EFB78A9CDE041DDAD
shop_pack_v1180_32,9A29428D798BE0642D8C3E3CA1938CF0,55491,54572,9A29428D798BE0642D8C3E3CA1938CF0
shop_pack_v1180_33,A2107CC42DBAB1663C7336DC72C8D7EF,37883,36928,A2107CC42DBAB1663C7336DC72C8D7EF
shop_pack_v1180_34,52268801B5EF58025E808E85C4BDB971,53479,52402,52268801B5EF58025E808E85C4BDB971
shop_pack_v1180_35,AD0C29BDBE6A85BACBFB3BA5B670250E,51678,50464,AD0C29BDBE6A85BACBFB3BA5B670250E
shop_pack_v1180_36,192B957FB35416CFA8470E46F096D7C9,42139,41050,192B957FB35416CFA8470E46F096D7C9
shop_pack_v1180_37,D6219FF9223C040E87822CD68F259944,41165,40120,D6219FF9223C040E87822CD68F259944
shop_pack_v1180_38,B61C7E943F11E7A0A1A799E6DA0DBDE2,46691,45666,B61C7E943F11E7A0A1A799E6DA0DBDE2
shop_pack_v1180_39,50AE6E94EB861A3B4D3A614AD9E7462C,49975,48947,50AE6E94EB861A3B4D3A614AD9E7462C
shop_pack_v1180_40,6805F455CECBC88BC205E495EFA453AE,31763,30804,6805F455CECBC88BC205E495EFA453AE
shop_pack_v1180_41,BD975DB40FFA11143C8234394E620ABF,39422,38291,BD975DB40FFA11143C8234394E620ABF
shop_pack_v1180_42,B719C358C7E91B1B7B22559A11577C5D,46650,45360,B719C358C7E91B1B7B22559A11577C5D
shop_pack_v1180_bundle_01,5D02481DA0D6F1E0BA600CD2FB1864C7,42099,41103,5D02481DA0D6F1E0BA600CD2FB1864C7
shop_pack_v1180_bundle_02,FF94C3D0E0899D50AD06BACDD1B9075F,48345,47344,FF94C3D0E0899D50AD06BACDD1B9075F
shop_pack_v1180_bundle_03,4BE7E2377D69FE3CA253B3832F4580B4,53477,52440,4BE7E2377D69FE3CA253B3832F4580B4
shop_pack_v1190_01,63FBE4F0DD86E2BD6317AB3615789543,33265,32310,63FBE4F0DD86E2BD6317AB3615789543
shop_pack_v1190_02,789913C30ECCC3B4EEA66793348083CA,40668,39625,789913C30ECCC3B4EEA66793348083CA
shop_pack_v1190_03,CB874A9148862C1691BB4413CE025673,42602,41546,CB874A9148862C1691BB4413CE025673
shop_pack_v1190_04,47B761943A86C4C190C123DA6B2B998D,47095,45999,47B761943A86C4C190C123DA6B2B998D
shop_pack_v1190_05,3B79F7C94192A4EF1E2B633058347AD2,32474,31509,3B79F7C94192A4EF1E2B633058347AD2
shop_pack_v1190_06,E05FDA33D54310B6843B17F8B818D1BE,40198,39286,E05FDA33D54310B6843B17F8B818D1BE
shop_pack_v1190_07,A38DAA0688AB010A6BEC6F82718EC265,37943,37019,A38DAA0688AB010A6BEC6F82718EC265
shop_pack_v1190_08,EFC6C615C50B2A19939A9D8E9812CFBB,56410,55144,EFC6C615C50B2A19939A9D8E9812CFBB
shop_pack_v1190_09,A79CCB8B55830F215C86CC5C6ADAE99C,43522,42699,A79CCB8B55830F215C86CC5C6ADAE99C
shop_pack_v1190_10,1D933E895825DAF4E132DEB31E6F49C3,39116,38252,1D933E895825DAF4E132DEB31E6F49C3
shop_pack_v1190_11,DD5EE2AE091CB88B213F0AC0AB16C542,42271,41194,DD5EE2AE091CB88B213F0AC0AB16C542
shop_pack_v1190_12,75CB293E8BB5E8F95FB39488F3104418,52503,51392,75CB293E8BB5E8F95FB39488F3104418
shop_pack_v1190_13,27AD910828043AF0C52E9DB6CC35D5FF,43316,42224,27AD910828043AF0C52E9DB6CC35D5FF
shop_pack_v1190_14,4C7489B07DAE8A41F2781AA2B680DCC8,50791,49732,4C7489B07DAE8A41F2781AA2B680DCC8
shop_pack_v1190_15,3F0EC065297B98C686338173A400B69A,48953,47793,3F0EC065297B98C686338173A400B69A
shop_pack_v1190_16,BFD9639331E7ED6912367FF4F222D5AF,47811,46829,BFD9639331E7ED6912367FF4F222D5AF
shop_pack_v1190_bundle_01,26A626708B2B306C631905C4B8195DEB,55443,54432,26A626708B2B306C631905C4B8195DEB
shop_pack_v1190_bundle_02,0E203FC24CAB8F62FD3D1ED9B0ACE0BE,57106,56017,0E203FC24CAB8F62FD3D1ED9B0ACE0BE
shop_pack_v1200_01,AA6157B5AD88CCCE3FDDE5CEC5B910B4,32567,31448,AA6157B5AD88CCCE3FDDE5CEC5B910B4
shop_pack_v1200_02,8A575CB5D05804CF0D31C1CFE331FBAF,39926,38740,8A575CB5D05804CF0D31C1CFE331FBAF
shop_pack_v1200_03,D14D8CB43513C0851365863828102B59,42795,41697,D14D8CB43513C0851365863828102B59
shop_pack_v1200_04,EED5B92D143BB99641913079F12E3B71,47051,45870,EED5B92D143BB99641913079F12E3B71
shop_pack_v1200_05,129A69DF672634FCC0ED1FEA32CE081C,32262,31152,129A69DF672634FCC0ED1FEA32CE081C
shop_pack_v1200_06,925C2FB4638610817B6EA6BCA865B4A8,40218,39048,925C2FB4638610817B6EA6BCA865B4A8
shop_pack_v1200_07,102F65F194EBC2B300589ECFC4FEA0D9,37954,36938,102F65F194EBC2B300589ECFC4FEA0D9
shop_pack_v1200_08,C1B4E445E2DB49E139A9B1E3E483B2CD,53515,52371,C1B4E445E2DB49E139A9B1E3E483B2CD
shop_pack_v1200_09,AE18CC6351D7C81CB66221207AD27019,29044,28020,AE18CC6351D7C81CB66221207AD27019
shop_pack_v1200_10,837AA45266A9B939C4D2A14348158109,41959,40780,837AA45266A9B939C4D2A14348158109
shop_pack_v1200_11,6F175BFE17CFCA0100B4A05F3ECE8FD2,43299,42188,6F175BFE17CFCA0100B4A05F3ECE8FD2
shop_pack_v1200_12,7FC25CC016B32F539397DC5EBC1E4E7F,43814,42678,7FC25CC016B32F539397DC5EBC1E4E7F
shop_pack_v1200_13,E27756FB918CDF4BDF5643F492996C06,36581,35609,E27756FB918CDF4BDF5643F492996C06
shop_pack_v1200_14,693F3BD47102163BADFB515914C6E3C8,50002,48794,693F3BD47102163BADFB515914C6E3C8
shop_pack_v1200_15,C140A882EF2B8580161E957705A1FC6B,49567,48448,C140A882EF2B8580161E957705A1FC6B
shop_pack_v1200_16,E2B8AF86C3619D74AC5EEF11650F74E4,48533,47537,E2B8AF86C3619D74AC5EEF11650F74E4
shop_pack_v1200_17,A27909798E3B85DB76E7AEA6DB9DF535,52137,51149,A27909798E3B85DB76E7AEA6DB9DF535
shop_pack_v1200_18,BA2FE4C3A2F054421619019CC2BDA9DD,49454,48370,BA2FE4C3A2F054421619019CC2BDA9DD
shop_pack_v1200_19,23CC30EE91CC5F82A6CB6A94C60E6197,53095,51877,23CC30EE91CC5F82A6CB6A94C60E6197
shop_pack_v1200_20,191BE482348ED8B183975BA0B723E31F,45691,44589,191BE482348ED8B183975BA0B723E31F
shop_pack_v1200_21,8A243C0C32AC43C5CF3EF0FF726F093F,46946,45915,8A243C0C32AC43C5CF3EF0FF726F093F
shop_pack_v1200_22,20D0E2AC132708DF1E0EB1579F332A39,52391,51202,20D0E2AC132708DF1E0EB1579F332A39
shop_pack_v1200_23,EB09EE6562A689470DEA1E0DFD76077A,48057,46867,EB09EE6562A689470DEA1E0DFD76077A
shop_pack_v1200_24,05BE2706BDB55AE2476E00D9C43FD99B,20806,19983,05BE2706BDB55AE2476E00D9C43FD99B
shop_pack_v1200_25,770411EBD2272ED1BB9A74E8C1BEBA9C,24839,23973,770411EBD2272ED1BB9A74E8C1BEBA9C
shop_pack_v1200_26,02F38BAB9A357773AA9468FBDD12C7E4,29469,28505,02F38BAB9A357773AA9468FBDD12C7E4
shop_pack_v1200_27,CF59430F92E21217F2144CB5A2D4F9C4,35896,34873,CF59430F92E21217F2144CB5A2D4F9C4
shop_pack_v1200_28,345583CA3EF6821F793FB13896E1CBC2,41654,40500,345583CA3EF6821F793FB13896E1CBC2
shop_pack_v1200_29,CA75EA563D07AC890888A6B484FE78DB,45268,44383,CA75EA563D07AC890888A6B484FE78DB
shop_pack_v1200_30,AA4A93EFA8633F6E12C8BEAD7BD7FFC0,50559,49716,AA4A93EFA8633F6E12C8BEAD7BD7FFC0
shop_pack_v1200_bundle_01,B920C3061F40AE4C390DC15A22FD243E,56388,55260,B920C3061F40AE4C390DC15A22FD243E
shop_pack_v1200_bundle_02,5643842A9CAD54606FAD4C5231E084B7,57206,56136,5643842A9CAD54606FAD4C5231E084B7
shop_pack_v1200_token_pass,D06089F1FDA048987ACABF70B39993A6,52095,51037,D06089F1FDA048987ACABF70B39993A6
shop_pack_v1210_01,578BE59688A8BA513FCBF9A811DD3E0A,32267,31172,578BE59688A8BA513FCBF9A811DD3E0A
shop_pack_v1210_02,B3FAECCDE648A25D0AAEFFB6DA19DE61,40001,38809,B3FAECCDE648A25D0AAEFFB6DA19DE61
shop_pack_v1210_03,3D30E3329124031E2A7ACCA21C900FB2,42588,41468,3D30E3329124031E2A7ACCA21C900FB2
shop_pack_v1210_04,92294E832A4AAEDB6246872AC487444D,47109,45896,92294E832A4AAEDB6246872AC487444D
shop_pack_v1210_05,FBF7977CF2005BCE0310D2AEA850A192,32383,31472,FBF7977CF2005BCE0310D2AEA850A192
shop_pack_v1210_06,F17B5D16B8ECA068E4A470281E860C18,40364,39438,F17B5D16B8ECA068E4A470281E860C18
shop_pack_v1210_07,36F7C330054E4F347DD20FBE2555CFB8,41582,40560,36F7C330054E4F347DD20FBE2555CFB8
shop_pack_v1210_08,DBB4E9813D5782883608419236067CEB,43014,42108,DBB4E9813D5782883608419236067CEB
shop_pack_v1210_09,BF9844C6883AFF6D2AEE1A0CF7F3EC96,46931,45989,BF9844C6883AFF6D2AEE1A0CF7F3EC96
shop_pack_v1210_10,90DB1610038DEC51F3D6D09838A59E67,47622,46323,90DB1610038DEC51F3D6D09838A59E67
shop_pack_v1210_11,3FD79D354706719AC129BE9BA8490874,37134,36057,3FD79D354706719AC129BE9BA8490874
shop_pack_v1210_12,4C229CFE85CAE6B1AF7E8E73E1A72971,48227,47086,4C229CFE85CAE6B1AF7E8E73E1A72971
shop_pack_v1210_13,EF76D110DCE25E2D8F74158538FEAC35,48209,47039,EF76D110DCE25E2D8F74158538FEAC35
shop_pack_v1210_14,D6D35085704FE4EF7E17C7398D3A626A,48250,47147,D6D35085704FE4EF7E17C7398D3A626A
shop_pack_v1210_15,91CFD3B741F9C26E2C178B1E9470EA4E,35973,35067,91CFD3B741F9C26E2C178B1E9470EA4E
shop_pack_v1210_16,D721C19A1BAE6CE6809C95A95AAD0259,43527,42468,D721C19A1BAE6CE6809C95A95AAD0259
shop_pack_v1210_17,BD279454EF9366059EA2E2E5FE9ABF70,49511,48312,BD279454EF9366059EA2E2E5FE9ABF70
shop_pack_v1210_18,F39DAB006CC4F6D0EBEA0B65F892CD98,52897,51748,F39DAB006CC4F6D0EBEA0B65F892CD98
shop_pack_v1210_19,ECFCEDF31F8D9952100C132BFBC345C6,50476,49473,ECFCEDF31F8D9952100C132BFBC345C6
shop_pack_v1210_20,346AE3FAC80F48D311DB4DF7967914DB,43186,42188,346AE3FAC80F48D311DB4DF7967914DB
shop_pack_v1210_21,E781DADC72E2FC76FB55A3D661A940BC,43565,42613,E781DADC72E2FC76FB55A3D661A940BC
shop_pack_v1210_22,D0DAF9368FE213FDFEC1C694AE35E805,48186,46692,D0DAF9368FE213FDFEC1C694AE35E805
shop_pack_v1210_23,6EA7CC5D60C0EC920C8D3E153FFF7ACA,29748,28838,6EA7CC5D60C0EC920C8D3E153FFF7ACA
shop_pack_v1210_24,8BD31141AFAEF2F82861BA7D4DFCA886,57182,56168,8BD31141AFAEF2F82861BA7D4DFCA886
shop_pack_v1210_25,8059130029F7E733525634E84B6AE87E,55298,54122,8059130029F7E733525634E84B6AE87E
shop_pack_v1210_bundle_01,EBC648B144732E39EFC1F18267CF4BC6,53002,51809,EBC648B144732E39EFC1F18267CF4BC6
shop_pack_v1210_bundle_02,DEA0D2CE7E472A9063B33068EA7438B8,46679,45630,DEA0D2CE7E472A9063B33068EA7438B8
shop_pack_v1210_bundle_03,129ECB4E28C77E049AAD355BC8287839,55736,54563,129ECB4E28C77E049AAD355BC8287839
shop_pack_v1210_bundle_04,F4BED79F080155CB13E7B8C3E60B0C50,52631,51333,F4BED79F080155CB13E7B8C3E60B0C50
shop_pack_v1220_01,88D403F8D6D7AB53C2672D37A164CBA3,31855,30718,88D403F8D6D7AB53C2672D37A164CBA3
shop_pack_v1220_02,CF69F75338AEF527205944C0A50B24D1,39571,38169,CF69F75338AEF527205944C0A50B24D1
shop_pack_v1220_06,E750F117364CFCFB0597AE9849E49DD4,49969,48830,E750F117364CFCFB0597AE9849E49DD4
shop_pack_v1220_07,EA2B7955C9A3498E5A917512FB6C88F1,49969,48811,EA2B7955C9A3498E5A917512FB6C88F1
shop_pack_v1220_08,2A74C09171DA7A848A7BE9EC662DA50A,42589,41551,2A74C09171DA7A848A7BE9EC662DA50A
shop_pack_v1220_09,1BBCBB447C989FC7989D07B996911F3A,47109,46044,1BBCBB447C989FC7989D07B996911F3A
shop_pack_v1220_10,3FE6B198B55C1890666ED058DC3E8782,36752,35794,3FE6B198B55C1890666ED058DC3E8782
shop_pack_v1220_11,65A353B02691D150EF6CB3C702FC808A,44016,42928,65A353B02691D150EF6CB3C702FC808A
shop_pack_v1220_12,FEB2EABAC94E829FDFF991CAF76EBD87,51953,50867,FEB2EABAC94E829FDFF991CAF76EBD87
shop_pack_v1220_13,DCBCFF06138C36B701D84DC2B738A7F2,47438,46377,DCBCFF06138C36B701D84DC2B738A7F2
shop_pack_v1220_14,BA534CB55CD35172F20A01AE5A459434,42158,41030,BA534CB55CD35172F20A01AE5A459434
shop_pack_v1220_17,708882BFC387732EF5A54AE6EBA224D9,44454,43468,708882BFC387732EF5A54AE6EBA224D9
shop_pack_v1220_18,94B10DA2377E385D66889989C4F696AA,51183,49677,94B10DA2377E385D66889989C4F696AA
shop_pack_v1220_19,5CEEDD353C18492BBDB551765F7D0ADA,46967,45854,5CEEDD353C18492BBDB551765F7D0ADA
shop_pack_v1220_20,BC038953DC1E9E7492528AB56B6B9AB9,37936,37022,BC038953DC1E9E7492528AB56B6B9AB9
shop_pack_v1220_21,3735F748B6AA99B5A0121C57F6D28B1B,48627,47444,3735F748B6AA99B5A0121C57F6D28B1B
shop_pack_v1220_22,AB971FF9E2D950D6B854B9F1916DE1C1,29044,28018,AB971FF9E2D950D6B854B9F1916DE1C1
shop_pack_v1220_23,DE339292CCD7F7E0B4A92A74C9783B6D,35672,34541,DE339292CCD7F7E0B4A92A74C9783B6D
shop_pack_v1220_24,8CED9BFF4F23CDF7389767B03A7B08CE,35692,34566,8CED9BFF4F23CDF7389767B03A7B08CE
shop_pack_v1220_25,FD1CBE14F2ED0BE04D37A80AC1C406BB,33924,32897,FD1CBE14F2ED0BE04D37A80AC1C406BB
shop_pack_v1220_26,375AF8455646917E60B54815B8296A34,35843,34836,375AF8455646917E60B54815B8296A34
shop_pack_v1220_27,058201709218BBFE8418E6F0AED45F10,56451,55264,058201709218BBFE8418E6F0AED45F10
shop_pack_v1220_28,E49EC3D2A4068055C32BB7152E9D9322,56181,55042,E49EC3D2A4068055C32BB7152E9D9322
shop_pack_v1220_29,FA6980A89BA2412341A74B03A1ABFE82,48434,47493,FA6980A89BA2412341A74B03A1ABFE82
shop_pack_v1220_31,658148FE102B5E5E71A54E30B65D88EA,26264,25570,658148FE102B5E5E71A54E30B65D88EA
shop_pack_v1220_32,E8E81BFB5252FD72F49E9F3FF5F47B59,25040,24058,E8E81BFB5252FD72F49E9F3FF5F47B59
shop_pack_v1220_33,047AEC8B3E0F2DC1090DC2CB84C447F8,22871,22193,047AEC8B3E0F2DC1090DC2CB84C447F8
shop_pack_v1220_34,8C1F318114881234E0224A13B35EC26C,16088,15322,8C1F318114881234E0224A13B35EC26C
shop_pack_v1220_35,C6AADD9ED20B83E0964F9094711FD54C,22073,21257,C6AADD9ED20B83E0964F9094711FD54C
shop_pack_v1220_36,0ECAAEAB4D371222742CB87E27EB7995,23883,23041,0ECAAEAB4D371222742CB87E27EB7995
shop_pack_v1220_37,252A5C2D1A3F5425F463036296967662,22854,22193,252A5C2D1A3F5425F463036296967662
shop_pack_v1220_38,3F6C03A324362199DD8AF758A77DD63F,22176,21484,3F6C03A324362199DD8AF758A77DD63F
shop_pack_v1220_39,0C9A2C0DA5D382B3C3B1BD07F2949157,37448,36552,0C9A2C0DA5D382B3C3B1BD07F2949157
shop_pack_v1220_40,893B6990BAC7E31B6CBEF3F14AFE46F2,47561,46488,893B6990BAC7E31B6CBEF3F14AFE46F2
shop_pack_v1220_41,596DADE314B2AE66327D4A0F1E484214,49377,48188,596DADE314B2AE66327D4A0F1E484214
shop_pack_v1220_42,52A305CE924FDBD038216D73EAC1B1F8,50955,49784,52A305CE924FDBD038216D73EAC1B1F8
shop_pack_v1220_43,FD1E2DF9C034ECB415700DFFFFBE3E32,52363,51277,FD1E2DF9C034ECB415700DFFFFBE3E32
shop_pack_v1220_battlepass,7C14CD14B4B70C608F17F813A1F7D064,52485,51580,7C14CD14B4B70C608F17F813A1F7D064
shop_pack_v1220_bundle_02,33BEA8DC39D8F4374EC44CDD6ADB00BE,55187,54091,33BEA8DC39D8F4374EC44CDD6ADB00BE
shop_pack_v1220_bundle_03,77979E241616711B1F676939FF5B532C,53636,52678,77979E241616711B1F676939FF5B532C
shop_pack_v1220_bundle_04,6A5E574ED6A88EDDEDE73CDBCC0C231E,54695,53366,6A5E574ED6A88EDDEDE73CDBCC0C231E
shop_pack_v1220_bundle_05,946DEC38ADD84C22F6076C8C5D6288EE,53280,52188,946DEC38ADD84C22F6076C8C5D6288EE
shop_pack_v1220_bundle_06,2C097E06BA63E69C6ABC754A6F1424D2,52368,51277,2C097E06BA63E69C6ABC754A6F1424D2
shop_pack_v1220_bundle_07,29A7E9D1454A8A3ADF18E2B1D384F137,39074,37968,29A7E9D1454A8A3ADF18E2B1D384F137
shop_pack_v1220_bundle_08,3369FB33A4C7FFD892C856FB0CBB4042,29947,28979,3369FB33A4C7FFD892C856FB0CBB4042
shop_pack_v1220_bundle_09,84D1D493A23B9D0CDD85D68CFFA56433,44370,43382,84D1D493A23B9D0CDD85D68CFFA56433
shop_pack_v1220_bundle_10,4A7EA09780872F0F148AE15D9D2B49A2,54479,53309,4A7EA09780872F0F148AE15D9D2B49A2
shop_pack_v360,FD152F2ED2B0F3D40B2FF547E27CB14F,35488,34342,FD152F2ED2B0F3D40B2FF547E27CB14F
shop_pack_v64011,D8A8D1EB90214B6B995926943D311B54,32537,31442,D8A8D1EB90214B6B995926943D311B54
shop_pack_v64012,834CF629124C9A43335218D6DCBA25AF,40424,39351,834CF629124C9A43335218D6DCBA25AF
shop_pack_v64020,8E032F199C0AB7B09064D18EB44276E0,39868,38682,8E032F199C0AB7B09064D18EB44276E0
shop_pack_v64030,0134BFF85167DC592E9E029096DF0945,44988,44018,0134BFF85167DC592E9E029096DF0945
shop_pack_v64041,8E04B1B9A8D5D450C2E91D7FE577591A,31369,30422,8E04B1B9A8D5D450C2E91D7FE577591A
shop_pack_v64042,EA4A13170F2E9A0735DD2A32D961AE0D,39915,38938,EA4A13170F2E9A0735DD2A32D961AE0D
shop_pack_v64051,FDCB6884D1E518CB8D97242397DB1A51,31584,30549,FDCB6884D1E518CB8D97242397DB1A51
shop_pack_v64052,EBD18242A0F2FEC12213AB4C9D8C6D15,39607,38582,EBD18242A0F2FEC12213AB4C9D8C6D15
shop_pack_v64061,3C36CEE35D99D79834DAD1C7C41A5BAD,33051,31885,3C36CEE35D99D79834DAD1C7C41A5BAD
shop_pack_v64062,C7CCBD688E9725457D7AF78085DF0EF3,38981,37818,C7CCBD688E9725457D7AF78085DF0EF3
shop_pack_v64070,2C5FE48EC82072B7F343ED5E35E39901,34740,33693,2C5FE48EC82072B7F343ED5E35E39901
shop_pack_v650_01,A992B0CC4A7A72815BB6A045B6E56211,31797,30680,A992B0CC4A7A72815BB6A045B6E56211
shop_pack_v650_02,1066702B78F1527C1A071909C3B220CE,40004,38793,1066702B78F1527C1A071909C3B220CE
shop_pack_v650_03,7987A56695CDA9E6E09661278621AC50,35081,33963,7987A56695CDA9E6E09661278621AC50
shop_pack_v650_04,E28A3431C21F2BCBE0E467089BDD4D0F,42663,41547,E28A3431C21F2BCBE0E467089BDD4D0F
shop_pack_v650_05,CC88E63C9E2E720D57D3597E93B02B92,29111,28164,CC88E63C9E2E720D57D3597E93B02B92
shop_pack_v650_06,C4B32A206B95B7164C7FCFEFC7EC5D54,38852,37821,C4B32A206B95B7164C7FCFEFC7EC5D54
shop_pack_v650_07,4EA214AE78D1B44D50126201152643EE,31081,30221,4EA214AE78D1B44D50126201152643EE
shop_pack_v650_08,341890F3922221FDBF4A9B4CEEB0A34E,39051,37992,341890F3922221FDBF4A9B4CEEB0A34E
shop_pack_v650_09,B9048756B4E736B5004F146DE18AC06B,33680,32661,B9048756B4E736B5004F146DE18AC06B
shop_pack_v650_10,7F4B94DBCFDFD2EB5F1CCB5FDEC1106D,33825,32952,7F4B94DBCFDFD2EB5F1CCB5FDEC1106D
shop_pack_v650_11,B264A52AF96397BAD529780CC926DD8F,30019,29195,B264A52AF96397BAD529780CC926DD8F
shop_pack_v650_12,B17AE6B7DE2154445EF175D045212D73,33426,32554,B17AE6B7DE2154445EF175D045212D73
shop_pack_v650_13,9EB6BC293B8CE4B8B6AC941BAE70B30E,47200,46287,9EB6BC293B8CE4B8B6AC941BAE70B30E
shop_pack_v650_14,9126BE8477CAA660DA38B512264C2198,49314,48404,9126BE8477CAA660DA38B512264C2198
shop_pack_v650_15,E929D084840BA67E96787D71068EDCC3,45298,44395,E929D084840BA67E96787D71068EDCC3
shop_pack_v650_16,83092A4801363E18B304EFB6D1CB2D7F,48009,47084,83092A4801363E18B304EFB6D1CB2D7F
shop_pack_v650_17,57381C38D80238644E21DF1EE84B66F2,52356,51369,57381C38D80238644E21DF1EE84B66F2
shop_pack_v650_18,A880D2560BB441035606E2D46EF0F6BB,51734,50664,A880D2560BB441035606E2D46EF0F6BB
shop_pack_v650_19,019BAC2961E943C626528CFC72FB5376,47373,46333,019BAC2961E943C626528CFC72FB5376
shop_pack_v650_20,5D891A513121986E868CD931BC1207F9,39368,38232,5D891A513121986E868CD931BC1207F9
shop_pack_v650_21,76F712CD76831B03A74A7A1F1F65C06D,48651,47316,76F712CD76831B03A74A7A1F1F65C06D
shop_pack_v650_22,61A458772D2A8DE74996EF807AB787D1,56147,55252,61A458772D2A8DE74996EF807AB787D1
shop_pack_v650_23,CDEA3E407E60DEC20512489A6FC23847,56195,55137,CDEA3E407E60DEC20512489A6FC23847
shop_pack_v650_24,2B5DC753F54A7C87B924F6E6332C304F,29798,29078,2B5DC753F54A7C87B924F6E6332C304F
shop_pack_v650_25,A548AB0B34C4B6EEEC35CD9638B56E9B,29794,29029,A548AB0B34C4B6EEEC35CD9638B56E9B
shop_pack_v650_26,8EE1C23F75BC497A52EE797EE84F94C7,29815,29074,8EE1C23F75BC497A52EE797EE84F94C7
shop_pack_v650_27,80212DAD4E21D1FFB08F8E8997E78ADA,31676,30836,80212DAD4E21D1FFB08F8E8997E78ADA
shop_pack_v650_28,3AD4339E85C2B12F6BD67740E99BC26C,42390,41268,3AD4339E85C2B12F6BD67740E99BC26C
shop_pack_v650_29,D48C715E35B4AD1E57A67B44F07C5843,15187,14361,D48C715E35B4AD1E57A67B44F07C5843
shop_pack_v650_30,621AE998017E9404F5662FFE84AD8DF7,17451,16745,621AE998017E9404F5662FFE84AD8DF7
shop_pack_v650_31,C689270E66A99943D701A59EF141FA89,21258,20594,C689270E66A99943D701A59EF141FA89
shop_pack_v650_32,18B92996CB42CB0F6511C3F890218E19,30220,29311,18B92996CB42CB0F6511C3F890218E19
shop_pack_v650_33,EFCC30F4F8B7437BEE81042BFB62E4CD,33471,32508,EFCC30F4F8B7437BEE81042BFB62E4CD
shop_pack_v650_34,EA5EF6F026A21A589E953B59221D8BC5,33442,32561,EA5EF6F026A21A589E953B59221D8BC5
shop_pack_v650_35,8D20C66AA62533B52886DE13711828E1,44093,42997,8D20C66AA62533B52886DE13711828E1
shop_pack_v650_36,6C8D227923AB8E407C3C28E4470716CA,29768,29020,6C8D227923AB8E407C3C28E4470716CA
shop_pack_v660_01,E62EA514DE308C84904D6A3731134821,31314,30341,E62EA514DE308C84904D6A3731134821
shop_pack_v660_02,949963BC0A5E762F4EB1487FD2306FCE,39143,37946,949963BC0A5E762F4EB1487FD2306FCE
shop_pack_v660_03,ACD7591D7E4E2F67F3846E79BD70E441,39965,39047,ACD7591D7E4E2F67F3846E79BD70E441
shop_pack_v660_04,60B3BC0AF51943FC0EA372F2D1C5E895,38996,37918,60B3BC0AF51943FC0EA372F2D1C5E895
shop_pack_v660_05,6C087620A1E77524D530CFC4949C9011,33156,32239,6C087620A1E77524D530CFC4949C9011
shop_pack_v660_06,9A3BEFA2B718AB3963CB9F3C34C74CF0,41421,40473,9A3BEFA2B718AB3963CB9F3C34C74CF0
shop_pack_v660_07,FF9C0AE97614D4F8FF946313B59AB470,42929,41904,FF9C0AE97614D4F8FF946313B59AB470
shop_pack_v660_08,496F442B5C450698A6C40A56B5DC9669,42928,41824,496F442B5C450698A6C40A56B5DC9669
shop_pack_v660_09,71093C46ADDBCAD5E3A954AFAAFFED93,42763,41711,71093C46ADDBCAD5E3A954AFAAFFED93
shop_pack_v670_1,A2CC85608EC797D73B6077AE547D47DE,40332,39268,A2CC85608EC797D73B6077AE547D47DE
shop_pack_v670_2,D3EA695DF9D8E7C2680A7B0E8B057D4A,48829,47536,D3EA695DF9D8E7C2680A7B0E8B057D4A
shop_pack_v670_3,19A108B83C5F0B263A9A8FA87D0C0C44,32344,31375,19A108B83C5F0B263A9A8FA87D0C0C44
shop_pack_v670_4,E57E43DC76B059787E24718E5A9E47E4,39767,38649,E57E43DC76B059787E24718E5A9E47E4
shop_pack_v670_5,7F0611E8A43D1B7A4374AC0BF9F93041,32336,31349,7F0611E8A43D1B7A4374AC0BF9F93041
shop_pack_v670_6,F55A92ED18DE883D971FB5EF53F56FDD,40238,39127,F55A92ED18DE883D971FB5EF53F56FDD
shop_pack_v670_7,D95ECE2761DE1F60E7590CEEF3470826,31257,30285,D95ECE2761DE1F60E7590CEEF3470826
shop_pack_v680_01,BC8E6F64A823EFA79BA07226C1D43471,32303,31301,BC8E6F64A823EFA79BA07226C1D43471
shop_pack_v680_02,22F3F4F979A8F389B1F7D4FE066BFB5E,39716,38605,22F3F4F979A8F389B1F7D4FE066BFB5E
shop_pack_v680_03,952BCEEB3F5318BC1E1B53B6547307BC,24160,23467,952BCEEB3F5318BC1E1B53B6547307BC
shop_pack_v680_04,36AD790784672BE805DCE09095EF659D,42083,41238,36AD790784672BE805DCE09095EF659D
shop_pack_v680_05,728B5CC95DC109E74880119CB183004E,32090,31085,728B5CC95DC109E74880119CB183004E
shop_pack_v680_06,EF8A22184B7C1FA9B44B8E421E0A8C5B,39329,38203,EF8A22184B7C1FA9B44B8E421E0A8C5B
shop_pack_v680_07,24172CD9C2F8B8A694F6AF196E5A9740,31504,30348,24172CD9C2F8B8A694F6AF196E5A9740
shop_pack_v680_08,2298EBA327D66335DC364CCF7CD7857E,38986,37546,2298EBA327D66335DC364CCF7CD7857E
shop_pack_v680_09,B2BE6A2C8964115181768E13F5D8CB2D,31851,30854,B2BE6A2C8964115181768E13F5D8CB2D
shop_pack_v680_10,F404DF747912FDF3D2F3D1FE1A42E356,39449,38366,F404DF747912FDF3D2F3D1FE1A42E356
shop_pack_v680_11,37949C068F969B6EA252E1AC6F6E79EA,36194,35049,37949C068F969B6EA252E1AC6F6E79EA
shop_pack_v680_12,47BCE33CAE38B9015C52FDEA4748D991,34554,33591,47BCE33CAE38B9015C52FDEA4748D991
shop_pack_v680_13,5BB9BA1F0C78D9D0D05E40F6C66471F3,34183,33128,5BB9BA1F0C78D9D0D05E40F6C66471F3
shop_pack_v690_01,734D5396FEC5532711C2FA45D642AAB5,31255,30186,734D5396FEC5532711C2FA45D642AAB5
shop_pack_v690_02,A3AF9FDD4A9906E58CB65720FFD72B94,39610,38288,A3AF9FDD4A9906E58CB65720FFD72B94
shop_pack_v690_03,450EE5A77A6E5A42ABEB027EBBFB1DAD,30867,30009,450EE5A77A6E5A42ABEB027EBBFB1DAD
shop_pack_v690_04,780640EDC30B83D9604E4E177DE4BD8F,39552,38517,780640EDC30B83D9604E4E177DE4BD8F
shop_pack_v690_05,DB8B6A1906767ACA7000FC6B53097EA9,31754,30763,DB8B6A1906767ACA7000FC6B53097EA9
shop_pack_v690_06,405EDFCACD279A1D1C0427A0EF6345DE,39418,38317,405EDFCACD279A1D1C0427A0EF6345DE
shop_pack_v690_07,94E470F15E89D42BE7B0DDFBC178E13E,31620,30601,94E470F15E89D42BE7B0DDFBC178E13E
shop_pack_v690_08,FC66DA3FA2066C7746F813254C80A144,39573,38373,FC66DA3FA2066C7746F813254C80A144
shop_pack_v700_01,9FDE66ABCE0D780B3F925D0125983737,31070,30217,9FDE66ABCE0D780B3F925D0125983737
shop_pack_v700_02,DFF9A105FE21FD6881A38F9E431EDA8A,39522,38525,DFF9A105FE21FD6881A38F9E431EDA8A
shop_pack_v700_03,F9199C9777FBB21E8C6CEF1C9A077A22,31652,30588,F9199C9777FBB21E8C6CEF1C9A077A22
shop_pack_v700_04,807FD16993C8BE6DDFF2DD4853E76C12,39540,38372,807FD16993C8BE6DDFF2DD4853E76C12
shop_pack_v700_05,2E327ACB4C56E8FA092844AA5A1A5F09,31233,30230,2E327ACB4C56E8FA092844AA5A1A5F09
shop_pack_v700_06,F238614A4005730540A5179E942013DD,39016,37910,F238614A4005730540A5179E942013DD
shop_pack_v700_07,4385D75689623FD29236F09021ECFD75,43161,42055,4385D75689623FD29236F09021ECFD75
shop_pack_v700_08,13E1C47A4F2200A960470F34CAB5A9B3,31276,30382,13E1C47A4F2200A960470F34CAB5A9B3
shop_pack_v700_09,E97A51B7CA1A3DDFBCDB1B2AC2864725,39257,38240,E97A51B7CA1A3DDFBCDB1B2AC2864725
shop_pack_v700_10,911801CDA814E0FE92FD26856F090A39,47175,46261,911801CDA814E0FE92FD26856F090A39
shop_pack_v700_11,9398C6B58FF3D41C8A7D32A82CD927D6,46202,45276,9398C6B58FF3D41C8A7D32A82CD927D6
shop_pack_v700_12,8EC8B0C42479C01E2770A3F90E51166F,39656,38793,8EC8B0C42479C01E2770A3F90E51166F
shop_pack_v700_13,246CCCB48295F6B44C7D92AF5496A88D,32514,31597,246CCCB48295F6B44C7D92AF5496A88D
shop_pack_v700_14,50B1732441A68BFAF0BE1A1CECAAC915,41716,40665,50B1732441A68BFAF0BE1A1CECAAC915
shop_pack_v700_15,F11D19B9C37458D4067B71C6FD119DF8,26502,25765,F11D19B9C37458D4067B71C6FD119DF8
shop_pack_v700_16,F4A16C84EC9F46196B9A21E0322BED4C,34359,33509,F4A16C84EC9F46196B9A21E0322BED4C
shop_pack_v700_17,C0BEF9EA781A3E8B4BA2AC1C44E04193,44593,43634,C0BEF9EA781A3E8B4BA2AC1C44E04193
shop_pack_v700_18,92A46E50FE14C2645414C9692B853FA5,29261,28288,92A46E50FE14C2645414C9692B853FA5
shop_pack_v700_19,C956D58820A5CB795F1676523E08B09A,29884,28989,C956D58820A5CB795F1676523E08B09A
shop_pack_v700_20,8F74C11D7DCB6D24BFC31CBDABB23FCF,26509,25688,8F74C11D7DCB6D24BFC31CBDABB23FCF
shop_pack_v700_21,895A99AEDCBCF658A33CA4F20FC40568,34820,34074,895A99AEDCBCF658A33CA4F20FC40568
shop_pack_v700_22,49C9BFF10613C75F8317BD157B6C3AF5,39460,38781,49C9BFF10613C75F8317BD157B6C3AF5
shop_pack_v710_01,DAF008880176DA3B294E449ED1927987,42395,41569,DAF008880176DA3B294E449ED1927987
shop_pack_v710_02,44AA114A19A1E9E9DD8983D1220D3817,31747,30726,44AA114A19A1E9E9DD8983D1220D3817
shop_pack_v710_03,0A363966ECBFC7C85A250572D63BB6D3,39802,38686,0A363966ECBFC7C85A250572D63BB6D3
shop_pack_v710_04,BA244A2D0B71EF52F1C3531112DE3B2E,30865,29863,BA244A2D0B71EF52F1C3531112DE3B2E
shop_pack_v710_05,33961323C0D4DC63182546437673BCB5,39826,38519,33961323C0D4DC63182546437673BCB5
shop_pack_v710_06,6571BEED8597A58BB7192F293B45FD71,31899,30920,6571BEED8597A58BB7192F293B45FD71
shop_pack_v710_07,1EFBB53F0D29599D64055A943CE33C09,39167,38074,1EFBB53F0D29599D64055A943CE33C09
shop_pack_v720_01,FAD0E488765CC9A6A110763B055FB102,31920,30895,FAD0E488765CC9A6A110763B055FB102
shop_pack_v720_02,A3479AF81A7861433162C7478A44FC59,40173,39059,A3479AF81A7861433162C7478A44FC59
shop_pack_v720_03,F8B55E629C898BA24B753BF33A53649F,32005,31033,F8B55E629C898BA24B753BF33A53649F
shop_pack_v720_04,48AFE452ECC3FAFFF26C12D0B7D0051A,40680,39674,48AFE452ECC3FAFFF26C12D0B7D0051A
shop_pack_v720_05,217FE2A5363186966110D7328CCAC954,30795,29842,217FE2A5363186966110D7328CCAC954
shop_pack_v720_06,39BC3EBB56D66D168D6116906978BAFF,39349,38289,39BC3EBB56D66D168D6116906978BAFF
shop_pack_v720_07,9BBCAE9E8BE04BE51EB819EFE075B933,39533,38480,9BBCAE9E8BE04BE51EB819EFE075B933
shop_pack_v720_08,469B15E78DC99C2EEEB5C9C9630F7E81,46807,45632,469B15E78DC99C2EEEB5C9C9630F7E81
shop_pack_v720_09,418A2D9CE945BA5D853BDE2C8AE5947B,48271,47346,418A2D9CE945BA5D853BDE2C8AE5947B
shop_pack_v720_10,4640837F4807CCABD07A4BE6ADD5BB85,40611,39590,4640837F4807CCABD07A4BE6ADD5BB85
shop_pack_v720_11,94F3255885006967EB10878047DC0B60,39479,38182,94F3255885006967EB10878047DC0B60
shop_pack_v720_12,D28CE9227BEDC16637D6AA83E10E211D,31850,30710,D28CE9227BEDC16637D6AA83E10E211D
shop_pack_v720_13,78B8970DD5605A20CEBC6388375A93F8,40148,38914,78B8970DD5605A20CEBC6388375A93F8
shop_pack_v730_01,03FD370B1B011BBE6E4F081FA3C6811B,32479,31411,03FD370B1B011BBE6E4F081FA3C6811B
shop_pack_v730_02,50D09DB9CDB92AE54083BFF09F359D9E,40570,39364,50D09DB9CDB92AE54083BFF09F359D9E
shop_pack_v730_03,5C5182F6D5F1768E349EB5F7D15D0D03,31850,30846,5C5182F6D5F1768E349EB5F7D15D0D03
shop_pack_v730_04,8903C44631981A4A59F44627AA20682F,39941,38846,8903C44631981A4A59F44627AA20682F
shop_pack_v730_05,C30B7F4CB2E09BEA30CD40E7C6F2FB19,31628,30646,C30B7F4CB2E09BEA30CD40E7C6F2FB19
shop_pack_v730_06,8220AA00E5ECC9E050D642833A1C5F3C,39833,38636,8220AA00E5ECC9E050D642833A1C5F3C
shop_pack_v730_07,C8532BCF3AEADB3A33D516B1C4A9407C,47116,45947,C8532BCF3AEADB3A33D516B1C4A9407C
shop_pack_v730_08,65C36CA1D90DE9C8CB72A5C1ADDC832E,37284,36394,65C36CA1D90DE9C8CB72A5C1ADDC832E
shop_pack_v740_01,5FBC3A26E18D63ADF2A24F7AE145090D,32137,31024,5FBC3A26E18D63ADF2A24F7AE145090D
shop_pack_v740_02,5B560C901415259D6D4EEDDB72EF66C5,40554,39240,5B560C901415259D6D4EEDDB72EF66C5
shop_pack_v740_03,C1647EFE98BB9D746173A5818F6836B1,31292,30287,C1647EFE98BB9D746173A5818F6836B1
shop_pack_v740_04,FCC86415D03C0B084D9D4FC3D29EEAB7,40255,39067,FCC86415D03C0B084D9D4FC3D29EEAB7
shop_pack_v740_05,2D57F6D70BB23A053524F13A0B8A212B,31831,30790,2D57F6D70BB23A053524F13A0B8A212B
shop_pack_v740_06,980F78DA08FCF9F4043951C21BFB9A3B,40334,39093,980F78DA08FCF9F4043951C21BFB9A3B
shop_pack_v740_07,FCE3E04AD7BC0F85D88EAA40B4CF3165,32050,31001,FCE3E04AD7BC0F85D88EAA40B4CF3165
shop_pack_v740_08,362EA52C1D8B604A6BFFC7F087A7C826,40632,39469,362EA52C1D8B604A6BFFC7F087A7C826
shop_pack_v740_09,D7EEC7D62A2B8F986EF928CEB7FBF923,35233,34324,D7EEC7D62A2B8F986EF928CEB7FBF923
shop_pack_v740_10,38B2AE65409A7EE40156590FAD98D97F,39556,38491,38B2AE65409A7EE40156590FAD98D97F
shop_pack_v740_11,37EFDFEB744682ADC4DA9CC0F718E01B,34056,33033,37EFDFEB744682ADC4DA9CC0F718E01B
shop_pack_v740_12,B7634A54437BED3B1B4C9D5806A2F4B9,19108,18176,B7634A54437BED3B1B4C9D5806A2F4B9
shop_pack_v740_13,EA336EF3E57B225E04EE2D59A46CF5B9,30463,29470,EA336EF3E57B225E04EE2D59A46CF5B9
shop_pack_v740_14,E89F6C7B62994A5D4ACF45CF23C81BCE,32073,31034,E89F6C7B62994A5D4ACF45CF23C81BCE
shop_pack_v750_01,0AC3A3B7B7DC1D881DB61F2335CE10E7,38449,37097,0AC3A3B7B7DC1D881DB61F2335CE10E7
shop_pack_v750_02,9E76025081438ED0104ECE3229232722,32070,30956,9E76025081438ED0104ECE3229232722
shop_pack_v750_03,008A52E88D7503F5474426177B1BB9EB,41110,39887,008A52E88D7503F5474426177B1BB9EB
shop_pack_v750_04,B7750A699A16F8EF76AF4A620E309FB0,32656,31628,B7750A699A16F8EF76AF4A620E309FB0
shop_pack_v750_05,CD07582B5E33BC071055D95811F91907,41264,40087,CD07582B5E33BC071055D95811F91907
shop_pack_v750_06,7E0AC1009AB8B66269191755CAF5B828,32351,31261,7E0AC1009AB8B66269191755CAF5B828
shop_pack_v750_07,2884979CE8DD0137E2EC5C6C059321A6,40414,39284,2884979CE8DD0137E2EC5C6C059321A6
shop_pack_v750_08,3F1B3FF28AFCF1A26A43DA105EAA10C0,21162,20401,3F1B3FF28AFCF1A26A43DA105EAA10C0
shop_pack_v750_09,1A9F8D93855F0DAA4CE1DE641ECE3B75,26899,25874,1A9F8D93855F0DAA4CE1DE641ECE3B75
shop_pack_v750_10,60C79B25A4F47558A78AF8855196B09E,24336,23517,60C79B25A4F47558A78AF8855196B09E
shop_pack_v750_11,F282DC8EF35BB387781D91D4C7167AD6,28835,27801,F282DC8EF35BB387781D91D4C7167AD6
shop_pack_v750_12,728D7E6C64BA32359F0CF7EC0B31959A,28491,27432,728D7E6C64BA32359F0CF7EC0B31959A
shop_pack_v760_01,03B1968162A6EA6E594ED39905ED6B34,32191,31133,03B1968162A6EA6E594ED39905ED6B34
shop_pack_v760_02,AD779F8EBE75442432F50ADAC3C39479,40408,39198,AD779F8EBE75442432F50ADAC3C39479
shop_pack_v760_03,291CC2AA4915D748AAD062EC2A5E1D30,31055,30063,291CC2AA4915D748AAD062EC2A5E1D30
shop_pack_v760_04,09731AE98DA5DBDF2B1E3F43529BAC51,38607,37291,09731AE98DA5DBDF2B1E3F43529BAC51
shop_pack_v760_05,0152A5BEDD28B924914C59E771C7B980,32383,31227,0152A5BEDD28B924914C59E771C7B980
shop_pack_v760_06,4774C6E608E19CBEE01F43846C02AB00,40792,39403,4774C6E608E19CBEE01F43846C02AB00
shop_pack_v760_07,4FC28E1D6D750A503B5C2D660FF65015,47175,46258,4FC28E1D6D750A503B5C2D660FF65015
shop_pack_v760_08,1FC571E1C9DA89910D5C80CC7F9404D5,48326,47341,1FC571E1C9DA89910D5C80CC7F9404D5
shop_pack_v760_09,D002A4F83C63BDAB2104320E8109A841,50987,50072,D002A4F83C63BDAB2104320E8109A841
shop_pack_v760_10,CF00B815A10CB9C24D75448BBBD93A7E,21159,20424,CF00B815A10CB9C24D75448BBBD93A7E
shop_pack_v760_11,D41A3AE1124EFE7A37927FE7F890CF8A,26899,25873,D41A3AE1124EFE7A37927FE7F890CF8A
shop_pack_v760_12,509B02D1B86BCE796C78A8E93EEB5D8D,24337,23519,509B02D1B86BCE796C78A8E93EEB5D8D
shop_pack_v760_13,07069453E2F03E2733F13A9006F38E84,28835,27800,07069453E2F03E2733F13A9006F38E84
shop_pack_v760_14,ECDC22F5D70B46F2B9EC7894531D12EF,28491,27434,ECDC22F5D70B46F2B9EC7894531D12EF
shop_pack_v760_15,724C2D7E8656A75DF9EDE3C44593A116,59382,57908,724C2D7E8656A75DF9EDE3C44593A116
shop_pack_v760_16,9C772380C1704830CA876CBAAB860EA0,59314,57898,9C772380C1704830CA876CBAAB860EA0
shop_pack_v760_17,26EA7EB256AC373D7BD8FDDFC49E2B7F,59314,57866,26EA7EB256AC373D7BD8FDDFC49E2B7F
shop_pack_v760_18,017E645AE7B85D281B1BF4AB823454CF,59385,57938,017E645AE7B85D281B1BF4AB823454CF
shop_pack_v760_19,A5FE23EDFB41E4D537291D164E77B4CA,41631,40517,A5FE23EDFB41E4D537291D164E77B4CA
shop_pack_v760_20,9A68ECB00C10B33D8ACE7E9EE894618B,33744,32770,9A68ECB00C10B33D8ACE7E9EE894618B
shop_pack_v760_21,7933BC0CF97162B8A2C0EF3F8B85A954,33866,32985,7933BC0CF97162B8A2C0EF3F8B85A954
shop_pack_v760_22,0947C38F97D6D66721AFB19D350AF1EB,45563,44529,0947C38F97D6D66721AFB19D350AF1EB
shop_pack_v760_23,6DD54A81D4FF44D567B25A376D4F833A,42595,41094,6DD54A81D4FF44D567B25A376D4F833A
shop_pack_v760_24,DDD5D401FE3CF8E7B2779157DBB53D98,42930,41722,DDD5D401FE3CF8E7B2779157DBB53D98
shop_pack_v760_25,1DB9C97F11065B19521BCBE9DC665C22,43267,42049,1DB9C97F11065B19521BCBE9DC665C22
shop_pack_v760_26,5FF27FA4433FD48E7C800A38251410AE,42804,41393,5FF27FA4433FD48E7C800A38251410AE
shop_pack_v760_27,DB59C8AA494C6DA6FBB2C97F87401591,44813,43814,DB59C8AA494C6DA6FBB2C97F87401591
shop_pack_v760_28,721F76256CF7DA1CD4549F8EF1A692A8,35136,34088,721F76256CF7DA1CD4549F8EF1A692A8
shop_pack_v760_29,142B840DDC3F866D42A30C9BC88B067F,39019,38047,142B840DDC3F866D42A30C9BC88B067F
shop_pack_v760_30,D3AAAB2466E9EB7EB7E616AD3CC2483F,39364,38428,D3AAAB2466E9EB7EB7E616AD3CC2483F
shop_pack_v760_31,5D014789BBA123976A4B745E752E92B6,32077,31001,5D014789BBA123976A4B745E752E92B6
shop_pack_v760_32,B1D276CCF65ED94073F4A0CB13FDD80A,39021,37954,B1D276CCF65ED94073F4A0CB13FDD80A
shop_pack_v770_01,B9E7A18202778AB7A4C0EDE27A94E283,32730,31729,B9E7A18202778AB7A4C0EDE27A94E283
shop_pack_v770_02,30C344C4352FBA3B623D464F52E6D2FC,40344,39121,30C344C4352FBA3B623D464F52E6D2FC
shop_pack_v770_05,5B26B4AE905D049309C1EADCC18947D1,31992,30962,5B26B4AE905D049309C1EADCC18947D1
shop_pack_v770_06,9BC902BA456EE46351BE659C1E3C96D3,39919,38645,9BC902BA456EE46351BE659C1E3C96D3
shop_pack_v770_07,E6AFF6CFCEF00DCC9E5FCA3CB4550AD7,31757,30751,E6AFF6CFCEF00DCC9E5FCA3CB4550AD7
shop_pack_v770_08,23B144AB426044D8C933CCC6858EF89B,40836,39717,23B144AB426044D8C933CCC6858EF89B
shop_pack_v780_01,0CF16CB451E2200506CABC1AA277E743,32563,31601,0CF16CB451E2200506CABC1AA277E743
shop_pack_v780_02,3DCE53A0BF433132AA9103E04A524559,40847,39792,3DCE53A0BF433132AA9103E04A524559
shop_pack_v780_03,B23430014809994F52AA816C7415EB6A,45824,44765,B23430014809994F52AA816C7415EB6A
shop_pack_v780_04,C311A5B45CAF5B3D9FB9CD8A0A1D7073,27848,26817,C311A5B45CAF5B3D9FB9CD8A0A1D7073
shop_pack_v780_05,A65217BDB9DFEEF1DC8F30DEC523193B,31800,30766,A65217BDB9DFEEF1DC8F30DEC523193B
shop_pack_v780_06,78A7DB785DFA33F4A7EBC947F266CF5D,40126,38859,78A7DB785DFA33F4A7EBC947F266CF5D
shop_pack_v780_07,8BCC95EBCAEE76A228D0BB39894DE140,33493,32692,8BCC95EBCAEE76A228D0BB39894DE140
shop_pack_v780_08,75A06E4CA7AA71686F29E644D7272268,33692,32601,75A06E4CA7AA71686F29E644D7272268
shop_pack_v780_09,1704CED7140DC057834D6446F134E086,38613,37440,1704CED7140DC057834D6446F134E086
shop_pack_v780_10,6CE4E82C4F97734C0A70D9D0CCF9D0A8,33318,32307,6CE4E82C4F97734C0A70D9D0CCF9D0A8
shop_pack_v780_11,CC5153AB61B530D019CD167377578809,40889,39767,CC5153AB61B530D019CD167377578809
shop_pack_v780_12,94509B0B2783A2EB4B932C07AFB919DF,42396,41548,94509B0B2783A2EB4B932C07AFB919DF
shop_pack_v790_01,041A0F506D0183D1E5BEA00CE28894C7,32244,31216,041A0F506D0183D1E5BEA00CE28894C7
shop_pack_v790_02,8AEC146EB5EB75F7BE219015D6FFC4EA,40481,39361,8AEC146EB5EB75F7BE219015D6FFC4EA
shop_pack_v790_03,D8FB2CFB9EA8EADE9DAD51D0BE9680D4,33696,32574,D8FB2CFB9EA8EADE9DAD51D0BE9680D4
shop_pack_v790_04,CAB7C0F6A7C322E66C067480F4A9AA17,38660,37465,CAB7C0F6A7C322E66C067480F4A9AA17
shop_pack_v790_05,3F874EF745AB6525526A47017AA90EEE,46459,45403,3F874EF745AB6525526A47017AA90EEE
shop_pack_v790_06,24E6F95707F7510862F815B841F594A0,31048,30022,24E6F95707F7510862F815B841F594A0
shop_pack_v790_07,3482A56C35A3A3E59CAFF36EF6702F40,39503,38158,3482A56C35A3A3E59CAFF36EF6702F40
shop_pack_v790_08,E2D95CAD6009268720A4717AC047EB28,32371,31324,E2D95CAD6009268720A4717AC047EB28
shop_pack_v790_09,D04BA58E59E8303816C808BEF290D3EA,40627,39308,D04BA58E59E8303816C808BEF290D3EA
shop_pack_v800_01,96D98AA15BD3F051A4CE418C0C681209,33845,32748,96D98AA15BD3F051A4CE418C0C681209
shop_pack_v800_02,F1403211D288586D85D2998C7C838BA5,42071,40859,F1403211D288586D85D2998C7C838BA5
shop_pack_v800_03,6B5D10B29CAF7E49ED45B073BE684C85,31194,30328,6B5D10B29CAF7E49ED45B073BE684C85
shop_pack_v800_04,BFBE1DD6D0655592F3C7B8E0E4613112,40137,39018,BFBE1DD6D0655592F3C7B8E0E4613112
shop_pack_v800_05,126F6F6367E2FB036D883685615D9C6A,31286,30277,126F6F6367E2FB036D883685615D9C6A
shop_pack_v800_06,C1D7DC8DE921FFE2DAB48693DE0C883F,40207,39010,C1D7DC8DE921FFE2DAB48693DE0C883F
shop_pack_v800_07,AAFF2D71E63A1F06B798B5A6D696FD19,32642,31555,AAFF2D71E63A1F06B798B5A6D696FD19
shop_pack_v800_08,59B822AF69CFECF03BD08521E7D775D3,40797,39569,59B822AF69CFECF03BD08521E7D775D3
shop_pack_v800_09,A19DD1087174AF068A84E4B20146EFD3,33690,32538,A19DD1087174AF068A84E4B20146EFD3
shop_pack_v800_10,FB7807C57BF1059681C6A15406AEE91F,38675,37403,FB7807C57BF1059681C6A15406AEE91F
shop_pack_v800_11,1596BBD44377F2C516D04DCC9960B7F2,33689,32569,1596BBD44377F2C516D04DCC9960B7F2
shop_pack_v800_12,7644862D84EB4F477CBE076F2EC18DB9,38666,37505,7644862D84EB4F477CBE076F2EC18DB9
shop_pack_v800_13,F61A02571D805C642EE65C73A9C44EB8,59392,57905,F61A02571D805C642EE65C73A9C44EB8
shop_pack_v800_14,79B98F6D101DF40BB80532E4C9E23FEF,59341,57898,79B98F6D101DF40BB80532E4C9E23FEF
shop_pack_v800_15,5D254EE3890FAE8F5462F382D9F4A43E,47172,46251,5D254EE3890FAE8F5462F382D9F4A43E
shop_pack_v800_16,9914B63912E1DF5D13F97B5D66EFF1E3,50306,49359,9914B63912E1DF5D13F97B5D66EFF1E3
shop_pack_v800_17,6B16BF9EE1922F281345D727AFDA8382,35524,34522,6B16BF9EE1922F281345D727AFDA8382
shop_pack_v810_01,64C00E909E82397F39E8A98427B23649,31991,30921,64C00E909E82397F39E8A98427B23649
shop_pack_v810_02,EBDB69BD6D0A3BEDCE70D051CA270892,40587,39508,EBDB69BD6D0A3BEDCE70D051CA270892
shop_pack_v810_03,6FA2D5D8448647823EB567060E2A9591,31590,30436,6FA2D5D8448647823EB567060E2A9591
shop_pack_v810_04,6B185BF901781839299B70622DFCE7EF,39755,38276,6B185BF901781839299B70622DFCE7EF
shop_pack_v810_05,8E49B6A689C8DCFDB3D786B3422B823A,30998,30146,8E49B6A689C8DCFDB3D786B3422B823A
shop_pack_v810_06,BB332C7FCFE9C84ADE9A190E07CD403A,39550,38590,BB332C7FCFE9C84ADE9A190E07CD403A
shop_pack_v810_07,AAD90CD0F64271902346C07AC992D1DF,33463,32353,AAD90CD0F64271902346C07AC992D1DF
shop_pack_v810_08,3FDC431790FC3E3B8A0C1ED53210B332,38554,37261,3FDC431790FC3E3B8A0C1ED53210B332
shop_pack_v810_09,F14A55A4825404DADCC787389B2E875E,31299,30242,F14A55A4825404DADCC787389B2E875E
shop_pack_v810_10,3DBB078098B7FD05440CC95CA0429DE5,39716,38547,3DBB078098B7FD05440CC95CA0429DE5
shop_pack_v810_11,BB70023DC2A2784EECCDF380C18543A3,32941,31861,BB70023DC2A2784EECCDF380C18543A3
shop_pack_v810_12,61267A719A1544B87CA0CBCA3F3B4FA8,33036,32083,61267A719A1544B87CA0CBCA3F3B4FA8
shop_pack_v810_13,CCDC40FE16BDFABAEF824ACA967393DB,40703,39647,CCDC40FE16BDFABAEF824ACA967393DB
shop_pack_v820_01,643FB6FF23B8CDBA246AC66EA6A387D4,32109,31095,643FB6FF23B8CDBA246AC66EA6A387D4
shop_pack_v820_02,F156806E8028B0A0DDBAD7401C5A5A29,40130,39007,F156806E8028B0A0DDBAD7401C5A5A29
shop_pack_v820_03,3605DCAAA3C4776EEEC009AE7E151841,32212,31142,3605DCAAA3C4776EEEC009AE7E151841
shop_pack_v820_04,5079C3D084AE3CA8110634BD3FFDEC3E,38729,37557,5079C3D084AE3CA8110634BD3FFDEC3E
shop_pack_v820_05,46896A6B76D9BF2DDA69C8BCCF7084D0,32146,31249,46896A6B76D9BF2DDA69C8BCCF7084D0
shop_pack_v820_06,54313D94C5084917BD91F8E20FD88B18,40609,39658,54313D94C5084917BD91F8E20FD88B18
shop_pack_v820_07,730F79411D22D3DFC562E9B870603AF4,33467,32360,730F79411D22D3DFC562E9B870603AF4
shop_pack_v820_08,F82087A2AFFFACC321649ACC81B1853D,38445,37296,F82087A2AFFFACC321649ACC81B1853D
shop_pack_v830_01,62240288FB844E3BF3C647743BA83B74,31491,30444,62240288FB844E3BF3C647743BA83B74
shop_pack_v830_02,5D43FE6E8FCA6CA876F75ED99681DFE9,39784,38622,5D43FE6E8FCA6CA876F75ED99681DFE9
shop_pack_v830_03,98B84B0E719596BDDF69F8A18F9A7C04,31915,30798,98B84B0E719596BDDF69F8A18F9A7C04
shop_pack_v830_04,34D2B11EFAA008D8086941D4B7D619AD,40349,39058,34D2B11EFAA008D8086941D4B7D619AD
shop_pack_v830_05,61C83BC041B0ECB2F6B84BD86B9426A3,32209,31192,61C83BC041B0ECB2F6B84BD86B9426A3
shop_pack_v830_06,AAE953F860E601F1E5B5B6BAAC7ED6CB,39822,38723,AAE953F860E601F1E5B5B6BAAC7ED6CB
shop_pack_v830_07,DF0E004B7E947EF6BC48B5D55B3A6D1F,31602,30605,DF0E004B7E947EF6BC48B5D55B3A6D1F
shop_pack_v830_08,6D27C3F1EDA10E4770EE5DA0ED737E2F,41572,40358,6D27C3F1EDA10E4770EE5DA0ED737E2F
shop_pack_v830_09,3B204CEACEC4FFF0B4266A02052A58A3,44568,43489,3B204CEACEC4FFF0B4266A02052A58A3
shop_pack_v830_10,435BA2991D8DCDDEEF5022D11EAB508F,30370,29293,435BA2991D8DCDDEEF5022D11EAB508F
shop_pack_v830_11,60E31477E317C33AC7E1BAA8DC98F34F,36550,35644,60E31477E317C33AC7E1BAA8DC98F34F
shop_pack_v830_12,4C9B425C51F6133C856D140B360EA4CE,47409,46333,4C9B425C51F6133C856D140B360EA4CE
shop_pack_v830_13,54C9A4BF98C950A7333842C72E06CAD8,37097,35903,54C9A4BF98C950A7333842C72E06CAD8
shop_pack_v840_01,F18ECA15A1AD68AE77F59B6490F02258,31892,30913,F18ECA15A1AD68AE77F59B6490F02258
shop_pack_v840_02,6E56178C590DE96097E57954B01369A7,39748,38634,6E56178C590DE96097E57954B01369A7
shop_pack_v840_03,B342F09425FB6F811719EBF3E25D58F5,32059,31187,B342F09425FB6F811719EBF3E25D58F5
shop_pack_v840_04,B7B250DB5FF7805C7D5DF58BB70F549F,39389,38388,B7B250DB5FF7805C7D5DF58BB70F549F
shop_pack_v840_05,06741020F17AA5249DED05E4BF5C0A1A,32493,31428,06741020F17AA5249DED05E4BF5C0A1A
shop_pack_v840_06,C54E9DC22D2BB9A1D9743C24A7F62132,40018,38643,C54E9DC22D2BB9A1D9743C24A7F62132
shop_pack_v840_07,77841AD89224F967CBCA2B60C6FE874A,47850,46549,77841AD89224F967CBCA2B60C6FE874A
shop_pack_v840_08,7C5B8A6F7345EECBCE2A2058DC7B7EC1,31611,30580,7C5B8A6F7345EECBCE2A2058DC7B7EC1
shop_pack_v840_09,7258F1026BD903019A8454A4C57A30E7,41746,40513,7258F1026BD903019A8454A4C57A30E7
shop_pack_v840_10,759FE8B4DC14E9BB0F11684D3B4CBCEF,32222,31178,759FE8B4DC14E9BB0F11684D3B4CBCEF
shop_pack_v840_11,674C6F22C2EEEF84E1ACCE147AE50EAC,39673,38470,674C6F22C2EEEF84E1ACCE147AE50EAC
shop_pack_v850_01,6D55D11C9AE2033B1F1938D92A7FAB58,32523,31580,6D55D11C9AE2033B1F1938D92A7FAB58
shop_pack_v850_02,3D72989A6DA321D8EF0A665F828C609F,39707,38588,3D72989A6DA321D8EF0A665F828C609F
shop_pack_v850_03,82265A5DE2DDC2EA8D6F7DC2898C593D,32261,31200,82265A5DE2DDC2EA8D6F7DC2898C593D
shop_pack_v850_04,2A6730073A5AF511B7C8A9C5C136913E,39630,38386,2A6730073A5AF511B7C8A9C5C136913E
shop_pack_v850_05,55BEB92F1C8E5D82F66DA43D01251F30,31597,30556,55BEB92F1C8E5D82F66DA43D01251F30
shop_pack_v850_06,99530A5E482DC66A5EB326FADB6EDAC8,41683,40346,99530A5E482DC66A5EB326FADB6EDAC8
shop_pack_v850_07,1A8AA168CB134CA428486154A67B5FD4,31484,30551,1A8AA168CB134CA428486154A67B5FD4
shop_pack_v850_08,9E18EEA081DF4C5314151138F1CD6A99,39607,38511,9E18EEA081DF4C5314151138F1CD6A99
shop_pack_v850_09,37D6C82976ED53836D1EA84B57780859,31316,30395,37D6C82976ED53836D1EA84B57780859
shop_pack_v850_10,6A48A5C3C30EB3AF9857B65CF6629400,39054,37905,6A48A5C3C30EB3AF9857B65CF6629400
shop_pack_v850_11,255CF9669008993D8B138A0FBC9D181F,39765,38783,255CF9669008993D8B138A0FBC9D181F
shop_pack_v850_12,F00EF60741B0D67579812F9B9B58B123,45666,44520,F00EF60741B0D67579812F9B9B58B123
shop_pack_v850_13,C3EAD829799C668FD7AA43277105C931,39136,38169,C3EAD829799C668FD7AA43277105C931
shop_pack_v850_14,70EAA64B7F8A2E9FE13E24EFD54715E0,45574,44480,70EAA64B7F8A2E9FE13E24EFD54715E0
shop_pack_v850_15,C9CDC0C64D5331F6C65A7A5F7784D2D4,48336,47412,C9CDC0C64D5331F6C65A7A5F7784D2D4
shop_pack_v850_16,9A302F457A1E43A26E2C1733CE45DDBF,46817,45893,9A302F457A1E43A26E2C1733CE45DDBF
shop_pack_v850_17,B5D05CB5C0E59837AFBC9C8D5F620628,27190,26324,B5D05CB5C0E59837AFBC9C8D5F620628
shop_pack_v850_18,83F9E2AB1169B172EC70E675B4E7AC1B,30176,29241,83F9E2AB1169B172EC70E675B4E7AC1B
shop_pack_v850_19,E89CB6496D1E933D4BF1AF934BE026C1,24430,23527,E89CB6496D1E933D4BF1AF934BE026C1
shop_pack_v860_01,7FE03FE79A29BD5BB47AAC2D7175E93B,32156,31121,7FE03FE79A29BD5BB47AAC2D7175E93B
shop_pack_v860_02,2A9D8ACD1536CD7AE146B64FB049B089,39553,38411,2A9D8ACD1536CD7AE146B64FB049B089
shop_pack_v860_03,F48A0DB2C28C24D04B5881FFFCADDEA1,39391,38512,F48A0DB2C28C24D04B5881FFFCADDEA1
shop_pack_v860_04,133C2F4A3105BE7325A6474FBFF7FE61,40892,39775,133C2F4A3105BE7325A6474FBFF7FE61
shop_pack_v860_05,30120F2120701E9D7750BAAC8F0DD12F,46449,45355,30120F2120701E9D7750BAAC8F0DD12F
shop_pack_v860_06,9045E2BC4235371F7EE53F8BF18419D3,32254,31198,9045E2BC4235371F7EE53F8BF18419D3
shop_pack_v860_07,B282E605F8F15D559385CCA319D2C74D,41895,40581,B282E605F8F15D559385CCA319D2C74D
shop_pack_v860_08,2FC72F980465199693EAABECB67636D6,32312,31281,2FC72F980465199693EAABECB67636D6
shop_pack_v860_09,DF6B1C98FB0E0CDD8F22A21CB17647C8,39419,38254,DF6B1C98FB0E0CDD8F22A21CB17647C8
shop_pack_v860_10,960D290BBBF53DE5C482602990753AEF,30454,29437,960D290BBBF53DE5C482602990753AEF
shop_pack_v860_11,528F6D778D6FFFC5AB1DE723EF5F398A,41004,39898,528F6D778D6FFFC5AB1DE723EF5F398A
shop_pack_v860_12,757E486E1292969FDD6931F2D964A6E7,44473,43264,757E486E1292969FDD6931F2D964A6E7
shop_pack_v860_1213,D9C0EDDE981A2A61845F865213EE5D34,53396,52125,D9C0EDDE981A2A61845F865213EE5D34
shop_pack_v860_13,F5B548AD43A3D94566BFC825F385461A,45827,44638,F5B548AD43A3D94566BFC825F385461A
shop_pack_v860_14,8C819E10BE950CA2B2070C18C4663293,31720,30728,8C819E10BE950CA2B2070C18C4663293
shop_pack_v860_15,8F54BEF480774A0BBF28C440BBED6CD3,39806,38609,8F54BEF480774A0BBF28C440BBED6CD3
shop_pack_v860_16,B2D0B10F81BF8071A913A0C6A57CBF8A,32338,31355,B2D0B10F81BF8071A913A0C6A57CBF8A
shop_pack_v860_17,0E1DD8AEF03748477EE998E8D6E2D780,39309,38259,0E1DD8AEF03748477EE998E8D6E2D780
shop_pack_v860_18,E3C48B06212086020D6661D2CC916257,39713,38689,E3C48B06212086020D6661D2CC916257
shop_pack_v870_01,125826A63FD06C2CC37DA7FD6E689A5A,36777,35701,125826A63FD06C2CC37DA7FD6E689A5A
shop_pack_v870_01_s,BCCBD285A839CC95455E28BD2CDD74E4,12766,12121,BCCBD285A839CC95455E28BD2CDD74E4
shop_pack_v870_02,D1C2C38DD1E478A798D6EF3644EB7E2E,35904,34926,D1C2C38DD1E478A798D6EF3644EB7E2E
shop_pack_v870_02_s,5D13B910906CAE36625CD4B6449879F0,12576,11963,5D13B910906CAE36625CD4B6449879F0
shop_pack_v870_03,459FB8A15A2348B9FA5DE410464C3E32,34582,33534,459FB8A15A2348B9FA5DE410464C3E32
shop_pack_v870_03_s,0B305DD32D4B79613D678D0B026D91AA,12754,12138,0B305DD32D4B79613D678D0B026D91AA
shop_pack_v870_04,A4647BB41A2AF757097616AA8289EDC5,34557,33523,A4647BB41A2AF757097616AA8289EDC5
shop_pack_v870_04_s,7BDD0F13D1C4F79723A748C5DB079AA6,12756,12121,7BDD0F13D1C4F79723A748C5DB079AA6
shop_pack_v870_05,B794BEB2EB35542DD9FE08A3C8FBEFAC,35401,34297,B794BEB2EB35542DD9FE08A3C8FBEFAC
shop_pack_v870_05_s,4D8E2A9C2B9A4CB0CF673B7FC5DA1A44,12519,11893,4D8E2A9C2B9A4CB0CF673B7FC5DA1A44
shop_pack_v870_06,CD1D3F4CBE180D1FB93DBBA805D46C6A,35661,34640,CD1D3F4CBE180D1FB93DBBA805D46C6A
shop_pack_v870_06_s,5EC8EBA897684006D2DD8A761343FFBD,12539,11945,5EC8EBA897684006D2DD8A761343FFBD
shop_pack_v870_07,CD003D33D6117F5BDA53C29F174E2BD0,31581,30621,CD003D33D6117F5BDA53C29F174E2BD0
shop_pack_v870_07_s,1B0E6BFC39D53B0672F87126651637E1,12554,11996,1B0E6BFC39D53B0672F87126651637E1
shop_pack_v870_08,59BC64EE9AC813C6E9A5D08071AD7C3D,38852,37859,59BC64EE9AC813C6E9A5D08071AD7C3D
shop_pack_v870_08_s,3C2779CB8B18D66E7C4933E1FAFC8151,12539,11945,3C2779CB8B18D66E7C4933E1FAFC8151
shop_pack_v870_09,57F19079F1383238790DF1FCA88EAED1,33095,32204,57F19079F1383238790DF1FCA88EAED1
shop_pack_v870_10,B8D9E2467802A1CF2F1C0F9816A76BF2,42313,41294,B8D9E2467802A1CF2F1C0F9816A76BF2
shop_pack_v870_11,862C5D948CF9C8F4264D341F854D5B5F,34753,33825,862C5D948CF9C8F4264D341F854D5B5F
shop_pack_v870_11_s,77C4196A860D66640D7E4B4AA83E5E7F,12766,12121,77C4196A860D66640D7E4B4AA83E5E7F
shop_pack_v870_12,9E183E2BF1F8BB4BB69B160D5E2BB241,46858,45827,9E183E2BF1F8BB4BB69B160D5E2BB241
shop_pack_v870_12_s,8858518654021CF5778E7519975E1DFC,12546,11945,8858518654021CF5778E7519975E1DFC
shop_pack_v870_13,69DC0B0301013DCCF60BE8843DF7D8C9,32284,31120,69DC0B0301013DCCF60BE8843DF7D8C9
shop_pack_v870_14,805B87192B400912D3E000FA8A2B09CD,39845,38387,805B87192B400912D3E000FA8A2B09CD
shop_pack_v870_15,D29DE3369D05308C5DDC5874A803E909,31924,30716,D29DE3369D05308C5DDC5874A803E909
shop_pack_v870_16,EE8CA61FF2066A54D807AB4C5F8A2A00,39133,37504,EE8CA61FF2066A54D807AB4C5F8A2A00
shop_pack_v870_17,61170823062E86C9FA2590901453E846,31576,30540,61170823062E86C9FA2590901453E846
shop_pack_v870_18,D834298120D30CE5DD3A777DB65178AB,41725,40466,D834298120D30CE5DD3A777DB65178AB
shop_pack_v870_19,06BC8FC52AD64A8328A2407C84567900,32569,31578,06BC8FC52AD64A8328A2407C84567900
shop_pack_v870_20,FB87DC10DAD0233DA893ECCEA5A2BDAC,39829,38734,FB87DC10DAD0233DA893ECCEA5A2BDAC
shop_pack_v870_21,B206903D49523988B53B8045AF3386D7,31883,30890,B206903D49523988B53B8045AF3386D7
shop_pack_v870_22,51EE7B279FE039C684826BEEE320EEE2,39090,37994,51EE7B279FE039C684826BEEE320EEE2
shop_pack_v870_23,D0F8EB138B50E64AE63F7D399D27B7BD,32340,31337,D0F8EB138B50E64AE63F7D399D27B7BD
shop_pack_v870_24,632EBDC79DDFE6289936BBD3B6C01F13,39319,38276,632EBDC79DDFE6289936BBD3B6C01F13
shop_pack_v870_25,FC86F7E0DB77993C4E4045D8F270A1BB,41674,40695,FC86F7E0DB77993C4E4045D8F270A1BB
shop_pack_v870_26,77DF16046846A0F33D49BE7E08170290,29996,29036,77DF16046846A0F33D49BE7E08170290
shop_pack_v870_thumnail_01,247D1A76007A234D4FC41B8FFF20853E,49252,47924,247D1A76007A234D4FC41B8FFF20853E
shop_pack_v880_01,3AEB44E43648B0EE0226A98D97906C3A,32677,31593,3AEB44E43648B0EE0226A98D97906C3A
shop_pack_v880_02,69E6C089AA9786C299690DDDA3203B60,39898,38676,69E6C089AA9786C299690DDDA3203B60
shop_pack_v880_03,1A7A5590294241217DA9FF5C6CC8837C,32217,31167,1A7A5590294241217DA9FF5C6CC8837C
shop_pack_v880_04,345E7EDC067B8E47EBBC7A124C86B141,39617,38481,345E7EDC067B8E47EBBC7A124C86B141
shop_pack_v880_05,8FF9780BBDC74AA79D9D9CFD12441FF8,32012,30967,8FF9780BBDC74AA79D9D9CFD12441FF8
shop_pack_v880_06,683372E0B7C8311CAB88180F3C4FCF82,41927,40680,683372E0B7C8311CAB88180F3C4FCF82
shop_pack_v880_07,C02A9C799BC3608759B57D0CF752ADAD,32219,31190,C02A9C799BC3608759B57D0CF752ADAD
shop_pack_v880_08,B5B7F7A862E11C8C5D6C4A75028C3D3D,40269,39189,B5B7F7A862E11C8C5D6C4A75028C3D3D
shop_pack_v880_09,1A9000C054CF02C65868A0FCB98BBC19,32249,31225,1A9000C054CF02C65868A0FCB98BBC19
shop_pack_v880_10,343536FF1B5F3065712B272E60EC88FA,39561,38401,343536FF1B5F3065712B272E60EC88FA
shop_pack_v880_11,20A03F3704B80925D286ED7D1DE10685,29043,27972,20A03F3704B80925D286ED7D1DE10685
shop_pack_v880_12,F880DF757AB49866001D797931101024,34630,33474,F880DF757AB49866001D797931101024
shop_pack_v880_13,A582F59D9DCCB98FF223179502513D49,37042,35951,A582F59D9DCCB98FF223179502513D49
shop_pack_v880_14,1E47505ADBAC1C5D97A795F2B74EC8AD,41429,40219,1E47505ADBAC1C5D97A795F2B74EC8AD
shop_pack_v880_15,816CB258FCAC856675C32C0F2C01592D,35009,33933,816CB258FCAC856675C32C0F2C01592D
shop_pack_v880_16,97C2EF65935655CCE9F7A5E264AB0CB2,47376,46299,97C2EF65935655CCE9F7A5E264AB0CB2
shop_pack_v890_01,B5073613EF9E8D55F36AB86D52C625A3,31433,30485,B5073613EF9E8D55F36AB86D52C625A3
shop_pack_v890_02,AC6A62FE054E29778E3F8922B70FBC09,39338,38224,AC6A62FE054E29778E3F8922B70FBC09
shop_pack_v890_03,B213A7541C9DBFE1CDA5256546C5C2F5,32134,31067,B213A7541C9DBFE1CDA5256546C5C2F5
shop_pack_v890_04,343216C91825E4C72B00F89A2806FAAF,39505,38138,343216C91825E4C72B00F89A2806FAAF
shop_pack_v890_05,22158733BA17D0FA3F0F08C0767F9245,40825,40082,22158733BA17D0FA3F0F08C0767F9245
shop_pack_v890_05_s,56773A48407808F3436BC564B1EDCAA3,12440,11794,56773A48407808F3436BC564B1EDCAA3
shop_pack_v890_06,75F6A5AB989033531B6C3B9859C448D3,52290,51101,75F6A5AB989033531B6C3B9859C448D3
shop_pack_v890_07,0E4182069BD62F2278DA7DB8DDA63147,47343,46166,0E4182069BD62F2278DA7DB8DDA63147
shop_pack_v890_08,53F7D1B11E33AF47AD52FB19E6BFABC3,52155,50948,53F7D1B11E33AF47AD52FB19E6BFABC3
shop_pack_v890_09,77F03C685625E55557DE1C4995BD19D9,42613,41636,77F03C685625E55557DE1C4995BD19D9
shop_pack_v890_10,C4F5A6576E1C0ADFFF97451DEBF0CA4F,32185,31085,C4F5A6576E1C0ADFFF97451DEBF0CA4F
shop_pack_v890_11,07F4CB4D6C602489AFF4D8F1866DF185,39628,38452,07F4CB4D6C602489AFF4D8F1866DF185
shop_pack_v890_12,6F1A3BAAEE45B01EA054268F0B2CF093,32139,31080,6F1A3BAAEE45B01EA054268F0B2CF093
shop_pack_v890_13,AF4BA5BAA53FA7C0F45FAAFF63F54A68,39768,38629,AF4BA5BAA53FA7C0F45FAAFF63F54A68
shop_pack_v890_14,B3D79F7ABBC670636DE15C51A83F3D7E,31334,30389,B3D79F7ABBC670636DE15C51A83F3D7E
shop_pack_v890_15,DC9B6F1DA2F464A57CF8BFA355A1D31D,39122,38024,DC9B6F1DA2F464A57CF8BFA355A1D31D
shop_pack_v890_16,7C8CC12585C05FAD98F882E5992CD59C,40880,39661,7C8CC12585C05FAD98F882E5992CD59C
shop_pack_v890_17,3E9EE9DA60CCE2ECD577DFD33C47EE11,47250,46255,3E9EE9DA60CCE2ECD577DFD33C47EE11
shop_pack_v890_18,2E48E56DCB17FB0552726CB136F9F869,50183,49197,2E48E56DCB17FB0552726CB136F9F869
shop_pack_v890_19,51DB410D5DF61280FCE446DE45285639,54681,53616,51DB410D5DF61280FCE446DE45285639
shop_pack_v890_20,3DBC0CB5C517D3ED42C062507CAD2583,53613,52595,3DBC0CB5C517D3ED42C062507CAD2583
shop_pack_v890_21,887ACBA89CCED1E523BFF0C44983242E,37322,36292,887ACBA89CCED1E523BFF0C44983242E
shop_pack_v890_22,787A1EF120A51AAEFE506D0021079728,33657,32654,787A1EF120A51AAEFE506D0021079728
shop_pack_v890_23,C7EC35CBC8325680F57792A370A5FF37,38252,37136,C7EC35CBC8325680F57792A370A5FF37
shop_pack_v890_24,A9C0E212146058A2B6F3C1E779DA0C46,40485,39414,A9C0E212146058A2B6F3C1E779DA0C46
shop_pack_v890_25,C54227DB00DA22D1382D96D4A6E1FD2F,45985,45006,C54227DB00DA22D1382D96D4A6E1FD2F
shop_pack_v890_26,1FE65945949A7F5DFB62D606E3AE4D33,59185,57788,1FE65945949A7F5DFB62D606E3AE4D33
shop_pack_v890_27,FC7E2E27D4C0965C9ED41CB01ECFBCC3,59209,57817,FC7E2E27D4C0965C9ED41CB01ECFBCC3
shop_pack_v890_28,D6D5FB66ED7B3A5F97B4BF70B2FA3577,45142,44099,D6D5FB66ED7B3A5F97B4BF70B2FA3577
shop_pack_v890_29,90671AD3EB6884EB77BCD6AE67070B30,45122,44116,90671AD3EB6884EB77BCD6AE67070B30
shop_pack_v890_30,ADCCF2C8D134963F8963DD4C37ECD243,31628,30568,ADCCF2C8D134963F8963DD4C37ECD243
shop_pack_v890_31,10ACD84D650739461F1DBD498912FC7E,41713,40389,10ACD84D650739461F1DBD498912FC7E
shop_pack_v890_32,007A7C976F3F0FC033142977DF0738E8,31626,30617,007A7C976F3F0FC033142977DF0738E8
shop_pack_v890_33,72A91CD9648490267408854113952BB6,41695,40522,72A91CD9648490267408854113952BB6
shop_pack_v900_01,900FDD1EB8C04F49A9859702F175731C,32323,31243,900FDD1EB8C04F49A9859702F175731C
shop_pack_v900_02,D1E03C1EEA225E3E447E5C914AA3ABD4,40169,39023,D1E03C1EEA225E3E447E5C914AA3ABD4
shop_pack_v900_03,A42792004ACAAD204877C2ADE765D1A9,47197,46272,A42792004ACAAD204877C2ADE765D1A9
shop_pack_v900_04,24BA513B7D5FE970F0D7FB6E34FB518A,50307,49358,24BA513B7D5FE970F0D7FB6E34FB518A
shop_pack_v900_05,88F3DDF1FC67775801A4FBF44A0DA982,31600,30547,88F3DDF1FC67775801A4FBF44A0DA982
shop_pack_v900_06,EB5AB2D2D2D6121842E7650C89A84BEB,41569,40332,EB5AB2D2D2D6121842E7650C89A84BEB
shop_pack_v900_07,22160CAE17C0863FBD6888221F6904D3,26478,25566,22160CAE17C0863FBD6888221F6904D3
shop_pack_v900_08,D91BEA5182AF3F67A654D07F88C9DA07,35398,34439,D91BEA5182AF3F67A654D07F88C9DA07
shop_pack_v900_09,D2D89C31EA0B02E68D6A7598D6CA31BB,38569,37484,D2D89C31EA0B02E68D6A7598D6CA31BB
shop_pack_v900_10,860E17042A35F91642BA1891D080142C,34070,33008,860E17042A35F91642BA1891D080142C
shop_pack_v900_11,91792CEA5CF6ACB74E196338F8098A92,42364,41327,91792CEA5CF6ACB74E196338F8098A92
shop_pack_v900_12,8C3D4442966654D2978C762E62FB88CF,43123,42127,8C3D4442966654D2978C762E62FB88CF
shop_pack_v900_13,EEE865CD9AA2EEAD207FA47AC52D18F8,47669,46616,EEE865CD9AA2EEAD207FA47AC52D18F8
shop_pack_v900_14,E35613786F089E99E137C8F09685CB77,50269,49189,E35613786F089E99E137C8F09685CB77
shop_pack_v900_15,16FCBE5DB4CB53E75BBDA5E050B4F1D0,32572,31548,16FCBE5DB4CB53E75BBDA5E050B4F1D0
shop_pack_v900_16,E8225A56002376B4F05A0547D56526B6,39400,38291,E8225A56002376B4F05A0547D56526B6
shop_pack_v900_17,0E1D35C17965249488E709E80043E674,38976,37899,0E1D35C17965249488E709E80043E674
shop_pack_v900_18,27C72DCC81CC96D980822F02D595F0EE,49756,48804,27C72DCC81CC96D980822F02D595F0EE
shop_pack_v900_19,45AA26511C91467C54E2ADB38153044D,26315,25506,45AA26511C91467C54E2ADB38153044D
shop_pack_v900_20,5DEDA576F56D3D7067E6C44E856B7132,55640,54708,5DEDA576F56D3D7067E6C44E856B7132
shop_pack_v900_21,0B9AA2A61F8883526033009DEF5EC4B6,44509,43338,0B9AA2A61F8883526033009DEF5EC4B6
shop_pack_v900_22,EEE95C90182EA6DFC461E62AEE3EEE3D,34252,33053,EEE95C90182EA6DFC461E62AEE3EEE3D
shop_pack_v900_23,6B982CF6EB55B885E6ADB19E73D27A49,45442,44481,6B982CF6EB55B885E6ADB19E73D27A49
shop_pack_v900_23_25,E4047E418E031DEF7C6DBC7961F4CFDE,53888,52864,E4047E418E031DEF7C6DBC7961F4CFDE
shop_pack_v900_24,A8BE2360143A2309021773340F2EF44F,42355,41353,A8BE2360143A2309021773340F2EF44F
shop_pack_v900_25,FC20D9B857817CF3CE979495DA1E3D45,46868,45664,FC20D9B857817CF3CE979495DA1E3D45
shop_pack_v910_01,FA4E114B1BE87A91118DBF0FAA732AA1,47195,46026,FA4E114B1BE87A91118DBF0FAA732AA1
shop_pack_v910_02,A71110B67CFBC5E378414A49F88ED1E6,40695,39754,A71110B67CFBC5E378414A49F88ED1E6
shop_pack_v910_03,C6C1481AA0328122D60490438C84D111,49560,48405,C6C1481AA0328122D60490438C84D111
shop_pack_v910_04,CA7FB2BFD358D728BB838B5576A6CFBB,31261,30310,CA7FB2BFD358D728BB838B5576A6CFBB
shop_pack_v910_05,0A1F97DA8B733E15814E693006E7C71A,38974,37803,0A1F97DA8B733E15814E693006E7C71A
shop_pack_v910_06,182635187BB79512E63517CD2CE63D5B,31549,30509,182635187BB79512E63517CD2CE63D5B
shop_pack_v910_07,0D32C7DAA7EA3C51D1DFD6FDA9A47841,39708,38521,0D32C7DAA7EA3C51D1DFD6FDA9A47841
shop_pack_v910_08,54E2BD83DB3209B9F61C9F6C67AE8AD9,31604,30512,54E2BD83DB3209B9F61C9F6C67AE8AD9
shop_pack_v910_09,905A26AE2E9C15C0EF76581D4B80B316,41658,40179,905A26AE2E9C15C0EF76581D4B80B316
shop_pack_v910_10,F2B6091378105AB52BFA3D5CB3A6633E,32907,31877,F2B6091378105AB52BFA3D5CB3A6633E
shop_pack_v910_11,0706C85EEF887950921E5408F5059E7B,33951,32968,0706C85EEF887950921E5408F5059E7B
shop_pack_v910_12,E171DDAEA7FFA2FC897C73DCA2822733,40785,39668,E171DDAEA7FFA2FC897C73DCA2822733
shop_pack_v910_13,066FC155D3ADA2A1023597BC6DCE66DC,35894,34844,066FC155D3ADA2A1023597BC6DCE66DC
shop_pack_v910_14,0635D684DA8312C54D8E19D66B52BB84,39525,38441,0635D684DA8312C54D8E19D66B52BB84
shop_pack_v910_15,2BAA99B389A8F43F2F5E8C4B69CE6999,42419,41259,2BAA99B389A8F43F2F5E8C4B69CE6999
shop_pack_v910_16,D08BBBBDC8016DB603C9D4BACCC1D3F8,32447,31307,D08BBBBDC8016DB603C9D4BACCC1D3F8
shop_pack_v910_17,3E571AB46C97010FFFA2B8F491433AE9,39935,38619,3E571AB46C97010FFFA2B8F491433AE9
shop_pack_v910_18,80C28B3DD7B198F30CABDBE496449EC5,30451,29515,80C28B3DD7B198F30CABDBE496449EC5
shop_pack_v910_19,90214D9CB5306DE801E02A695E29CEC0,31595,30653,90214D9CB5306DE801E02A695E29CEC0
shop_pack_v910_20,EF4E5AC9EAE5BA687867267C40EB245F,39456,38310,EF4E5AC9EAE5BA687867267C40EB245F
shop_pack_v910_21,CAB8C4FE5FE3C01620E7896D13844EE4,46220,45089,CAB8C4FE5FE3C01620E7896D13844EE4
shop_pack_v910_22,1D72448B3E2876F61AB90F894F8D4EE3,49284,48064,1D72448B3E2876F61AB90F894F8D4EE3
shop_pack_v910_23,59C8B6A3926B2C921E9A834DA5F42CF8,54509,53414,59C8B6A3926B2C921E9A834DA5F42CF8
shop_pack_v910_24,DAC7EA171D6B2A9D6ADEDA559573664D,52865,51560,DAC7EA171D6B2A9D6ADEDA559573664D
shop_pack_v910_25,AEC0DA9BED17E3C6BDC242B7C49E4C9A,50657,49716,AEC0DA9BED17E3C6BDC242B7C49E4C9A
shop_pack_v910_26,2FA9EB82878D86D5E200FBCB63CD667E,51912,50832,2FA9EB82878D86D5E200FBCB63CD667E
shop_pack_v910_27,7F701267FCB29B5B59F3CA0AB2E9295E,34137,33037,7F701267FCB29B5B59F3CA0AB2E9295E
shop_pack_v910_28,2F2F3E2119A774BB7EBB75F95CC28353,32536,31572,2F2F3E2119A774BB7EBB75F95CC28353
shop_pack_v910_29,BDEDDA4A5153712B26D45DFC15C108B8,39003,37939,BDEDDA4A5153712B26D45DFC15C108B8
shop_pack_v910_30,55A387042E7111BD6CCB3E8FCFC51E2F,43927,42814,55A387042E7111BD6CCB3E8FCFC51E2F
shop_pack_v920_01,0DC4BA5C8783951B73FC4C5050D0F8CD,41791,40839,0DC4BA5C8783951B73FC4C5050D0F8CD
shop_pack_v920_02,571E29427AFF4EB1AE1FC5D4D6D77505,49575,48432,571E29427AFF4EB1AE1FC5D4D6D77505
shop_pack_v920_03,F7AF65AB93ECBBC8E3898A4B411A4A9C,33403,32386,F7AF65AB93ECBBC8E3898A4B411A4A9C
shop_pack_v920_04,80537FA49A42296828C1E485E44DE11D,40983,39865,80537FA49A42296828C1E485E44DE11D
shop_pack_v920_05,5B35E3C4B8ED6F1262C55DC7B4870A67,54293,53229,5B35E3C4B8ED6F1262C55DC7B4870A67
shop_pack_v920_06,E77A06BFB970D7E4F81F44EDA7EF8632,33710,32713,E77A06BFB970D7E4F81F44EDA7EF8632
shop_pack_v920_07,F4BDCEECDA547FE90D4C4245DEE5210C,41716,40615,F4BDCEECDA547FE90D4C4245DEE5210C
shop_pack_v920_08,18BDE60129B18CB16D9A4D118F36C7EF,31616,30616,18BDE60129B18CB16D9A4D118F36C7EF
shop_pack_v920_09,567A5D3285DC8DCCB881973617CAA462,41722,40556,567A5D3285DC8DCCB881973617CAA462
shop_pack_v920_11,18AAD059CA6E45544FC7D2B4B485AA46,31605,30745,18AAD059CA6E45544FC7D2B4B485AA46
shop_pack_v920_12,D42A96D5D0243834EC9AD06808613232,39661,38672,D42A96D5D0243834EC9AD06808613232
shop_pack_v920_13,FFB3E8BD6BCB5247C9D78ADE4A2D05F5,46896,45835,FFB3E8BD6BCB5247C9D78ADE4A2D05F5
shop_pack_v920_14,9AC5B7DD87755C0387261DCB953C0F32,45530,44649,9AC5B7DD87755C0387261DCB953C0F32
shop_pack_v920_15,F23D4C8B9448C6C1B048BD2EE376D814,49034,47946,F23D4C8B9448C6C1B048BD2EE376D814
shop_pack_v920_16,4E8DAD502496BAA575A2CD87CD9B6180,51028,50091,4E8DAD502496BAA575A2CD87CD9B6180
shop_pack_v920_17,87960317D53C2E62F11469DC947A0DBA,54651,53748,87960317D53C2E62F11469DC947A0DBA
shop_pack_v920_18,517D658586EB513F2E99FD8A0E9864E2,53488,52474,517D658586EB513F2E99FD8A0E9864E2
shop_pack_v920_19,94C71B8E786BE26B7D9493417C92090B,47500,46462,94C71B8E786BE26B7D9493417C92090B
shop_pack_v920_survival,2F1F2D591DFD8EC66F42DFD05C3C2559,30875,29616,2F1F2D591DFD8EC66F42DFD05C3C2559
shop_pack_v920_survival_s,C044975486DFA5178A5ABF16FF26C2B2,12517,11923,C044975486DFA5178A5ABF16FF26C2B2
shop_pack_v930_01,B0E61328BA9D15F004B1597C57C27B47,32623,31624,B0E61328BA9D15F004B1597C57C27B47
shop_pack_v930_02,CBC0ED6DCD5A89A0D5421E30F116B659,39805,38649,CBC0ED6DCD5A89A0D5421E30F116B659
shop_pack_v930_03,AF86554FC6C8D6CC8E55C5B4C258DE22,34239,33061,AF86554FC6C8D6CC8E55C5B4C258DE22
shop_pack_v930_04,E88263974CD178CAC94526966714677A,42394,41020,E88263974CD178CAC94526966714677A
shop_pack_v930_05,A109CA2F310572ABA62EBF61D55C5D15,32287,31277,A109CA2F310572ABA62EBF61D55C5D15
shop_pack_v930_06,15F8B777E526C9D56E37EBC8E3B8C617,41980,40775,15F8B777E526C9D56E37EBC8E3B8C617
shop_pack_v930_07,1EAF6F5A026402DFBB8D0D5EDD660D86,34263,33421,1EAF6F5A026402DFBB8D0D5EDD660D86
shop_pack_v930_08,51340471F62AD69B9F1871B371B5D6C9,38747,37641,51340471F62AD69B9F1871B371B5D6C9
shop_pack_v930_09,917086727A157E97BA9E9C0D0F27546E,43010,42088,917086727A157E97BA9E9C0D0F27546E
shop_pack_v930_10,DEEAD4F36C16CEB4AC8C7A11C48C5186,45223,44261,DEEAD4F36C16CEB4AC8C7A11C48C5186
shop_pack_v930_11,C4F1A07CD0561B20C1E56F9CF2A49282,32082,30995,C4F1A07CD0561B20C1E56F9CF2A49282
shop_pack_v930_12,C2060F75AC7769B46DD6BB796C7E85F6,39784,38482,C2060F75AC7769B46DD6BB796C7E85F6
shop_pack_v930_13,F260D4CDB7B0F57833B874129F9546CF,37092,36020,F260D4CDB7B0F57833B874129F9546CF
shop_pack_v930_14,AE3D318D512185F699B7A3A7C9CB743A,42502,41315,AE3D318D512185F699B7A3A7C9CB743A
shop_pack_v940_01,E2A9C82EABEF3EC2DC1C39B2CDFEFD13,32663,31583,E2A9C82EABEF3EC2DC1C39B2CDFEFD13
shop_pack_v940_02,FA51D1D88413D92AAD5EDFEDE86B1AA8,40080,38813,FA51D1D88413D92AAD5EDFEDE86B1AA8
shop_pack_v940_03,2F497E2854D895187F3B534404528BB3,38283,37329,2F497E2854D895187F3B534404528BB3
shop_pack_v940_04,067B77BC08C74A9C95B1968E2365F422,42877,41807,067B77BC08C74A9C95B1968E2365F422
shop_pack_v940_05,50880A336447C2A3E3D990B551367EBB,31634,30598,50880A336447C2A3E3D990B551367EBB
shop_pack_v940_06,79C8CE4F19FEE39ECC8A02D6BD3DA282,41758,40530,79C8CE4F19FEE39ECC8A02D6BD3DA282
shop_pack_v940_07,50745A5F05B0C06BDAC8B892777A195B,32560,31502,50745A5F05B0C06BDAC8B892777A195B
shop_pack_v940_08,74A50B28DDFFD32DD800684C7AAE7BC6,39790,38499,74A50B28DDFFD32DD800684C7AAE7BC6
shop_pack_v940_09,79917F99D8C41F70F3E49E7748BC7462,38323,37364,79917F99D8C41F70F3E49E7748BC7462
shop_pack_v940_10,688F9D76EB04DD0BA85297FC13B2EC48,42942,41857,688F9D76EB04DD0BA85297FC13B2EC48
shop_pack_v940_11,83F4A308D95EB3D9FBDEDE6A8D2E9866,38282,37413,83F4A308D95EB3D9FBDEDE6A8D2E9866
shop_pack_v940_12,CBC50C6841CFD0A8ED5468053BD7A6FF,42909,41882,CBC50C6841CFD0A8ED5468053BD7A6FF
shop_pack_v940_groot_growth,708D16D68A19BAAF643831942169C91B,41868,40672,708D16D68A19BAAF643831942169C91B
shop_pack_v950_01,5C648FC031EC6FB28943810873DD89AE,31581,30632,5C648FC031EC6FB28943810873DD89AE
shop_pack_v950_02,180E56A45886FA03E15171EFACE67B57,39558,38370,180E56A45886FA03E15171EFACE67B57
shop_pack_v950_03,5469B03E813C2252FD20BE99CC99F1C0,48989,48084,5469B03E813C2252FD20BE99CC99F1C0
shop_pack_v950_04,257B4D57FB3D5BB21FC88E0F715E57BB,48104,46990,257B4D57FB3D5BB21FC88E0F715E57BB
shop_pack_v950_05,BBBED3F3EE9BAE7835775E9EEE20B84A,25665,25039,BBBED3F3EE9BAE7835775E9EEE20B84A
shop_pack_v950_06,F7B0FFEFCFF54D221B4B4F4C4EA0A599,25664,25018,F7B0FFEFCFF54D221B4B4F4C4EA0A599
shop_pack_v950_07,317E8180C08FF4571F7EB7AC60F76D01,34104,33139,317E8180C08FF4571F7EB7AC60F76D01
shop_pack_v950_08,58F6FEF006F4A77A0E692AAC97245722,34294,33007,58F6FEF006F4A77A0E692AAC97245722
shop_pack_v950_09,FAFAAC393BD06BAC7C34368158F4EC8E,31450,30323,FAFAAC393BD06BAC7C34368158F4EC8E
shop_pack_v950_10,0AE6B28FF2B34AAF190D1D22B817CEF8,47065,46023,0AE6B28FF2B34AAF190D1D22B817CEF8
shop_pack_v950_11,39E9E713E05D26B35FD594B1E0927C05,27608,26823,39E9E713E05D26B35FD594B1E0927C05
shop_pack_v950_12,07819C296826519A6CC90DD40137E62C,31271,30472,07819C296826519A6CC90DD40137E62C
shop_pack_v950_13,CB9525419A886CF9F5A1B2BBEF8B99EC,34808,33805,CB9525419A886CF9F5A1B2BBEF8B99EC
shop_pack_v950_14,815575FE0CEBF04C234879C809B35A77,35528,34781,815575FE0CEBF04C234879C809B35A77
shop_pack_v950_15,1DE3369CFCF15BDBFF51A1E305358465,36026,35242,1DE3369CFCF15BDBFF51A1E305358465
shop_pack_v950_16,84DC35B92D56D31B79941783F01A4755,29975,29095,84DC35B92D56D31B79941783F01A4755
shop_pack_v950_17,E324D312363A9E5B8756E4CA4AABA291,30494,29693,E324D312363A9E5B8756E4CA4AABA291
shop_pack_v950_18,34B9FAB4BDFA33306ABCEF3DA472DF85,41392,40525,34B9FAB4BDFA33306ABCEF3DA472DF85
shop_pack_v950_19,9B40F90C9B396380C2153A884A99F4DC,36262,35327,9B40F90C9B396380C2153A884A99F4DC
shop_pack_v950_20,B773B9476B8A4751D971152298812B9F,32052,30987,B773B9476B8A4751D971152298812B9F
shop_pack_v950_21,3988B132925F0B75E3D037EF2E8888DF,42237,41183,3988B132925F0B75E3D037EF2E8888DF
shop_pack_v950_22,992DFA4F9A39D094A6CB19FDEF74076C,50422,49240,992DFA4F9A39D094A6CB19FDEF74076C
shop_pack_v950_23,7F351D353F2CEDC204C3970F3DB2C08A,32563,31587,7F351D353F2CEDC204C3970F3DB2C08A
shop_pack_v950_24,FC4A87DD9B4F40665AB32AAC3882363C,46993,45866,FC4A87DD9B4F40665AB32AAC3882363C
shop_pack_v950_25,4BB1516DE558F84E68C1767391906BE4,47482,46446,4BB1516DE558F84E68C1767391906BE4
shop_pack_v950_26,210B712F9729A3D574C359BD1D05A74A,29333,28432,210B712F9729A3D574C359BD1D05A74A
shop_pack_v950_27,30BC9534E8A5BCFF92CE6B1CD10CA2D2,54102,53054,30BC9534E8A5BCFF92CE6B1CD10CA2D2
shop_pack_v950_28,F11611C762255BF78EAD0E8E071F1FD8,50481,49421,F11611C762255BF78EAD0E8E071F1FD8
shop_pack_v950_29,A801EFA58F07985403AF2FEF0CB7EC02,48357,47422,A801EFA58F07985403AF2FEF0CB7EC02
shop_pack_v950_30,1364788AC87BD1DB37B1571A85C1197D,29883,29017,1364788AC87BD1DB37B1571A85C1197D
shop_pack_v950_31,7BB979B8DF2999EC5B5BEB40181F2785,31081,30177,7BB979B8DF2999EC5B5BEB40181F2785
shop_pack_v950_33,430AA7FECA2F896686B4C4008BC35E25,30296,29409,430AA7FECA2F896686B4C4008BC35E25
shop_pack_v950_34,00BBB4B3D58991C99719760435AABFBA,31445,30537,00BBB4B3D58991C99719760435AABFBA
shop_pack_v950_35,119AD301BB1FC454DCE51D192816C5F4,29510,28429,119AD301BB1FC454DCE51D192816C5F4
shop_pack_v950_36,58E8F8C8F5465C8CA2648EE9AD68367D,31903,30862,58E8F8C8F5465C8CA2648EE9AD68367D
shop_pack_v950_37,FF762B3D10E720B8F203586B8B19C92C,39193,37916,FF762B3D10E720B8F203586B8B19C92C
shop_pack_v950_38,295187D52A667E05A0C170F0CEBDC918,59317,58120,295187D52A667E05A0C170F0CEBDC918
shop_pack_v950_39,DE8885E2232F690113F85253A3766175,59268,57993,DE8885E2232F690113F85253A3766175
shop_pack_v950_40,6B8536F4EC4231A6B96F497188B129CF,59314,58098,6B8536F4EC4231A6B96F497188B129CF
shop_pack_v950_41,97EA20371A980D9A99F611D922C8CC16,59295,58029,97EA20371A980D9A99F611D922C8CC16
shop_pack_v950_42,512DC26651DAFBE6070633BEA667A464,59314,58035,512DC26651DAFBE6070633BEA667A464
shop_pack_v950_43,501C8CF6120ADF83A861DDA031042E9F,59162,57942,501C8CF6120ADF83A861DDA031042E9F
shop_pack_v950_44,9200A8BC6FF8E003F6914D6AFF8FD969,59260,57990,9200A8BC6FF8E003F6914D6AFF8FD969
shop_pack_v950_45,E29AA8FCD8B8AB169DB3EA903CE79ABF,59332,58081,E29AA8FCD8B8AB169DB3EA903CE79ABF
shop_pack_v950_46,6AE9CC9F4BBE1D84F9DA82D4DD177DA6,59155,57967,6AE9CC9F4BBE1D84F9DA82D4DD177DA6
shop_pack_v950_47,4F9FA1C00E0F101A87B3CE379DE6A54C,37281,36365,4F9FA1C00E0F101A87B3CE379DE6A54C
shop_pack_v950_48,349AED2FD90136EA952A0FEA23C16663,49393,48226,349AED2FD90136EA952A0FEA23C16663
shop_pack_v950_49,88547DC120FEE154D9AD2D6CD52CBF6B,55369,54370,88547DC120FEE154D9AD2D6CD52CBF6B
shop_pack_v950_50,599A1F5C334057740ECCC99495CE8446,34139,33019,599A1F5C334057740ECCC99495CE8446
shop_pack_v950_51,6954FDD3789605B4CD147C0DDAF6FAE5,32535,31572,6954FDD3789605B4CD147C0DDAF6FAE5
shop_pack_v950_52,CD8C64CA4A8DA78490E03E96CF3E7ED4,39004,37917,CD8C64CA4A8DA78490E03E96CF3E7ED4
shop_pack_v950_53,47ABE144FB88E6C8E4F41E2E37147E7D,32030,30956,47ABE144FB88E6C8E4F41E2E37147E7D
shop_pack_v950_54,B4BCC19DBA03C52B1C394F876F7E5BE6,39269,37967,B4BCC19DBA03C52B1C394F876F7E5BE6
shop_pack_v950_55,B48290515978D9172346CB869E59ECB3,31596,30560,B48290515978D9172346CB869E59ECB3
shop_pack_v950_56,42E66A6F1A459B9F8F51FF5D7B140319,41669,40373,42E66A6F1A459B9F8F51FF5D7B140319
shop_pack_v950_57,12838E74393A318EBF2D23F4F0F9B518,46834,45917,12838E74393A318EBF2D23F4F0F9B518
shop_pack_v950_bundle_01,5686ADAD9AF61751A2F0C41EF5839966,36495,35546,5686ADAD9AF61751A2F0C41EF5839966
shop_pack_v950_bundle_02,0FD4DD0D4F7DC34676EEDB96969D85DA,52535,51318,0FD4DD0D4F7DC34676EEDB96969D85DA
shop_pack_v950_bundle_03,06BEB66DF47D7EB0DAA47ABA275A7E07,50733,49673,06BEB66DF47D7EB0DAA47ABA275A7E07
shop_pack_v950_bundle_04,728AAC7BDD27A6884B1E615C5A8479FE,46829,45757,728AAC7BDD27A6884B1E615C5A8479FE
shop_pack_v950_bundle_05,FC18458B746033D61DEC07352FB9E594,45193,44201,FC18458B746033D61DEC07352FB9E594
shop_pack_v950_bundle_06,4642AECE80527F6FC41D664F6EA191AB,54622,53586,4642AECE80527F6FC41D664F6EA191AB
shop_pack_v960_01,2CA1172791311CB40A159571F05611EA,31589,30654,2CA1172791311CB40A159571F05611EA
shop_pack_v960_02,D22589ABAD681E4EE63F019B8D2D481A,39773,38744,D22589ABAD681E4EE63F019B8D2D481A
shop_pack_v960_03,76CF3E9A36948442A6E6C4ECB9860C0E,31630,30631,76CF3E9A36948442A6E6C4ECB9860C0E
shop_pack_v960_04,0565C6EAB52D1897F8334DED4EC6864E,41752,40610,0565C6EAB52D1897F8334DED4EC6864E
shop_pack_v960_05,4B8127BFCE729CE0D48C17F6F83E6712,37173,36042,4B8127BFCE729CE0D48C17F6F83E6712
shop_pack_v960_06,C693B1BDB1EA8B8911DF38EEC2BD4BC9,32037,31139,C693B1BDB1EA8B8911DF38EEC2BD4BC9
shop_pack_v960_07,40ED1F853BA451323152E784683D2E0A,37977,37011,40ED1F853BA451323152E784683D2E0A
shop_pack_v960_08,68844DD09CF2938380968D178A865402,40113,39002,68844DD09CF2938380968D178A865402
shop_pack_v960_09,25919B2811A4D9C346EE017A9FC025EC,31797,30763,25919B2811A4D9C346EE017A9FC025EC
shop_pack_v960_10,86A3F1B60862D2466CFCA8065C907370,39728,38503,86A3F1B60862D2466CFCA8065C907370
shop_pack_v960_11,4A8C04188364947BBBF4408B2BE346DB,45087,43990,4A8C04188364947BBBF4408B2BE346DB
shop_pack_v960_12,0A658DC3BC22DAA7324B07D87CF6E823,46220,45108,0A658DC3BC22DAA7324B07D87CF6E823
shop_pack_v960_13,2ECF9A555944292DC56348BB414C659F,44597,43554,2ECF9A555944292DC56348BB414C659F
shop_pack_v960_14,4A7D83967C13393F7F35E5C9A602D350,52865,51560,4A7D83967C13393F7F35E5C9A602D350
shop_pack_v960_15,E8C50CC16DDA45E1D0527B10748B13D2,50657,49715,E8C50CC16DDA45E1D0527B10748B13D2
shop_pack_v960_16,A16D85463E38041C048469C01EFD847C,49284,48205,A16D85463E38041C048469C01EFD847C
shop_pack_v960_bundle_01,E8DF1C3B0FADE0E56D6C9AE284EA3DC2,47120,46051,E8DF1C3B0FADE0E56D6C9AE284EA3DC2
shop_pack_v960_bundle_02,BAA0C8635C6B74AA52F1C3D8FB8FBB35,54064,52940,BAA0C8635C6B74AA52F1C3D8FB8FBB35
shop_pack_v970_01,29A266AF62E6D3CD68E3960788287F43,32740,31773,29A266AF62E6D3CD68E3960788287F43
shop_pack_v970_02,A21C7D35FE85FCB9B7C2ABC6B63E7CD0,40875,39810,A21C7D35FE85FCB9B7C2ABC6B63E7CD0
shop_pack_v970_03,9368002414E7BA1AC9DF28BAAF0A8D96,32281,31183,9368002414E7BA1AC9DF28BAAF0A8D96
shop_pack_v970_04,70FF15996A99539CE42029604B119BED,41886,40456,70FF15996A99539CE42029604B119BED
shop_pack_v970_05,AF7F99F3628BFE1C01BB87C17632B6B9,44242,43085,AF7F99F3628BFE1C01BB87C17632B6B9
shop_pack_v970_06,0CEF701AD6A8440185C9288680CDBD9F,45260,44118,0CEF701AD6A8440185C9288680CDBD9F
shop_pack_v970_07,BB7A682D4D7A0465EE8A244C82709BD7,43672,42646,BB7A682D4D7A0465EE8A244C82709BD7
shop_pack_v970_08,71779D1C8C3784D8B6FD1E312BE3D7A5,34168,33023,71779D1C8C3784D8B6FD1E312BE3D7A5
shop_pack_v970_09,5DD989E956F4552A6063D81BB0370A68,41511,40409,5DD989E956F4552A6063D81BB0370A68
shop_pack_v970_10,C4B35E4314417407F8111BCC141AB346,31407,30452,C4B35E4314417407F8111BCC141AB346
shop_pack_v970_11,A228FB7C0B7C7EA60C1EF349C1DA46F3,39361,38160,A228FB7C0B7C7EA60C1EF349C1DA46F3
shop_pack_v970_12,3E5FB8D66CBB4F47030425EE503170F4,48683,47523,3E5FB8D66CBB4F47030425EE503170F4
shop_pack_v970_13,7C1402E2C0BE39D37FA3E4C41956879C,48158,47048,7C1402E2C0BE39D37FA3E4C41956879C
shop_pack_v970_14,421628D0E66CD9AE9B79C54FF5C169F1,41794,40626,421628D0E66CD9AE9B79C54FF5C169F1
shop_pack_v970_15,CE582557D507A178285ED6BC9E8E9F8D,43447,42473,CE582557D507A178285ED6BC9E8E9F8D
shop_pack_v970_16,BE4A521F0E462A71B715F4489F0D1AC0,49287,48108,BE4A521F0E462A71B715F4489F0D1AC0
shop_pack_v970_17,FD0FF0422E290A47ECC7248BC9ABC047,46435,45484,FD0FF0422E290A47ECC7248BC9ABC047
shop_pack_v970_18,19E27846377E8F00D559688A7E928244,50657,49716,19E27846377E8F00D559688A7E928244
shop_pack_v970_19,72F0389817842776922482A4A9EF24CF,51581,50700,72F0389817842776922482A4A9EF24CF
shop_pack_v970_bundle_01,9ABD4E0849655A6287A1D10B0CB82511,54156,52993,9ABD4E0849655A6287A1D10B0CB82511
shop_pack_v970_bundle_02,6BB6AF178AA50BF3EEC990C7B74159BA,53179,52113,6BB6AF178AA50BF3EEC990C7B74159BA
shop_pack_v980_01,3E8D473F2CAC1DFE520C7A1ABAFF4859,32391,31276,3E8D473F2CAC1DFE520C7A1ABAFF4859
shop_pack_v980_02,602571164859A3901D2BDC91AAB9FC41,40080,38732,602571164859A3901D2BDC91AAB9FC41
shop_pack_v980_03,6377D9173F84051E4CFB17295B6407FB,31613,30600,6377D9173F84051E4CFB17295B6407FB
shop_pack_v980_04,BFC7829A93719BF3B365211AECE0882F,41736,40521,BFC7829A93719BF3B365211AECE0882F
shop_pack_v980_05,34F516476F3B72795BDAE857BE154C38,37106,36112,34F516476F3B72795BDAE857BE154C38
shop_pack_v980_06,C924F4AED3951846D74A18B50DA22C10,40541,39520,C924F4AED3951846D74A18B50DA22C10
shop_pack_v980_07,0544E73366D1722A2F6B1C5C2A00913A,44579,43692,0544E73366D1722A2F6B1C5C2A00913A
shop_pack_v980_08,DA1BDD372B61CC2581B0D491ABDD9D51,37407,36449,DA1BDD372B61CC2581B0D491ABDD9D51
shop_pack_v980_09,7EF4491BF725C7696AF1CFA647C8B5E7,37580,36696,7EF4491BF725C7696AF1CFA647C8B5E7
shop_pack_v980_10,A4FEB3C42B280329BDCB6622D5A5674D,38756,37897,A4FEB3C42B280329BDCB6622D5A5674D
shop_pack_v980_11,CDB784377B4FC14D3D85FCEA00054044,31444,30529,CDB784377B4FC14D3D85FCEA00054044
shop_pack_v980_12,1BC113E479B69ABC913F6764D2F6C4C8,39666,38604,1BC113E479B69ABC913F6764D2F6C4C8
shop_pack_v980_bundle_01,5D2925D27C9CB857E1ECBC1445625C53,51192,50322,5D2925D27C9CB857E1ECBC1445625C53
shop_pack_v980_bundle_02,1710C3A1C230FADFCEF9C79352E698CF,44515,43390,1710C3A1C230FADFCEF9C79352E698CF
shop_pack_v990_01,0BECE3CF072AE089BBA4591A94568173,32329,31167,0BECE3CF072AE089BBA4591A94568173
shop_pack_v990_02,13FA1865F31110BED6AFA11464E33E75,39618,38291,13FA1865F31110BED6AFA11464E33E75
shop_pack_v990_03,CE3E9395201D1B742DA861E1E6FDC605,31618,30603,CE3E9395201D1B742DA861E1E6FDC605
shop_pack_v990_04,F622FADAD427591FE4C5C0E94CF6BAAD,41722,40523,F622FADAD427591FE4C5C0E94CF6BAAD
shop_pack_v990_05,D1490B2EEE4B929DE3F45AF067AC7CC6,47314,46437,D1490B2EEE4B929DE3F45AF067AC7CC6
shop_pack_v990_06,AD1A55A34EBC2051DB18348F17499C2D,55109,54078,AD1A55A34EBC2051DB18348F17499C2D
shop_pack_v990_07,77A8C16E1D8A6235C5E26C38A44D3345,48874,47834,77A8C16E1D8A6235C5E26C38A44D3345
shop_pack_v990_08,C24EEB35B389D4E592A2DC31274E8CC8,30484,29484,C24EEB35B389D4E592A2DC31274E8CC8
shop_pack_v990_09,B09F6C4DD5C53080E2B84C86A5765CEC,32393,31279,B09F6C4DD5C53080E2B84C86A5765CEC
shop_pack_v990_10,8C76041D33067E5543583BB28B393274,40227,39006,8C76041D33067E5543583BB28B393274
shop_pack_v990_11,62A0CC9BDEE48960CB8003DB98BB0ECE,32999,31933,62A0CC9BDEE48960CB8003DB98BB0ECE
shop_pack_v990_12,594F3217FCEEDC1EE2A3E72A5B824A0A,38744,37664,594F3217FCEEDC1EE2A3E72A5B824A0A
shop_pack_v990_13,3A8020FDA69E83F3A6B664DD6558B7F1,42580,41567,3A8020FDA69E83F3A6B664DD6558B7F1
shop_pack_v990_14,8545EACD1A6E2F661A7B94A4EC4C82B9,30191,29056,8545EACD1A6E2F661A7B94A4EC4C82B9
shop_pack_v990_14_s,415665FA80B370ED20FB88BDC40B48F0,12614,12013,415665FA80B370ED20FB88BDC40B48F0
shop_pack_v990_15,0A2AA82C3A22E7E632C4D8BD7F75BF9A,30513,29563,0A2AA82C3A22E7E632C4D8BD7F75BF9A
shop_pack_v990_15_s,E84A5B101346A4826381D648D7903A59,12547,11968,E84A5B101346A4826381D648D7903A59
shop_pack_v990_16,CE704DF41835FD714E5113EF827056BB,29510,28427,CE704DF41835FD714E5113EF827056BB
shop_pack_v990_16_s,21FF02D3917A72FD87730284FDF05B60,12859,12297,21FF02D3917A72FD87730284FDF05B60
shop_pack_v990_17,A396B63A1264C6095923F2FE3911F430,42080,40970,A396B63A1264C6095923F2FE3911F430
shop_pack_v990_17_s,4320A52BE772BA7F33CE0F0DFAB6F631,12656,12142,4320A52BE772BA7F33CE0F0DFAB6F631
shop_pack_v990_18,2F4863E0631941782B1FEF2EBEB942FA,31562,30610,2F4863E0631941782B1FEF2EBEB942FA
shop_pack_v990_19,C787CAFE35793ECD8D7C6CF96AFE195F,39402,38296,C787CAFE35793ECD8D7C6CF96AFE195F
shop_pack_v990_20,523E017B66A3F65A51C0BDED5F570239,43726,42536,523E017B66A3F65A51C0BDED5F570239
shop_pack_v990_21,08F105732F99BFF021931AB3BA4EBB2F,25665,25017,08F105732F99BFF021931AB3BA4EBB2F
shop_pack_v990_22,4CBA072E0A99DAD0141BC5F417E96E9E,27660,26604,4CBA072E0A99DAD0141BC5F417E96E9E
shop_pack_v990_23,DE65E9C8EAF1C851AE658F382D077EFE,35597,34472,DE65E9C8EAF1C851AE658F382D077EFE
shop_pack_v990_24,8A48B1DF48BE67413A3DAB32B4114547,38655,37521,8A48B1DF48BE67413A3DAB32B4114547
shop_pack_v990_25,9586FB1F8993C24F79A5CDDE3CC23214,21232,20438,9586FB1F8993C24F79A5CDDE3CC23214
shop_pack_v990_26,B20251D6836F6763F703FFA3B4C8314B,36032,35228,B20251D6836F6763F703FFA3B4C8314B
shop_pack_v990_27,3C605D7E469675486D36E855650FE6EA,48256,47318,3C605D7E469675486D36E855650FE6EA
shop_pack_v990_28,08FF2B753C3504B6C9F770D0131B15A7,50454,49499,08FF2B753C3504B6C9F770D0131B15A7
shop_pack_v990_29,814006BC049B72D2398E04397A75160B,48827,47881,814006BC049B72D2398E04397A75160B
shop_pack_v990_30,43A55174DE14F18B80FB1C6ADF586987,50325,49457,43A55174DE14F18B80FB1C6ADF586987
shop_pack_v990_31,F7EFFF56F1C4F61CBF314F030A3557E3,45882,45012,F7EFFF56F1C4F61CBF314F030A3557E3
shop_pack_v990_32,2B7F91BEB2A54D7CEEF2EC270F2D770C,49299,48371,2B7F91BEB2A54D7CEEF2EC270F2D770C
shop_pack_v990_33,327FDBC3E408FF0AC61091B83DDD45AB,46858,45651,327FDBC3E408FF0AC61091B83DDD45AB
shop_pack_v990_34,241D465CF8AFC7DB13E4438BE55CC48E,54707,53686,241D465CF8AFC7DB13E4438BE55CC48E
shop_pack_v990_35,A5F2B60DC89C278176FD01497734A8AF,52042,51126,A5F2B60DC89C278176FD01497734A8AF
shop_pack_v990_36,E166FC9258927129C7F3FBE606BE2B62,55126,54112,E166FC9258927129C7F3FBE606BE2B62
shop_pack_v990_37,B9EBE4EB89113737764E0351A277F3D1,34255,33051,B9EBE4EB89113737764E0351A277F3D1
shop_pack_v990_38,B4A49B74C320DD8B66D76AAFD7603CF9,59340,58098,B4A49B74C320DD8B66D76AAFD7603CF9
shop_pack_v990_39,B17802ADB4E13602784B1F5D24D46020,47171,46007,B17802ADB4E13602784B1F5D24D46020
shop_pack_v990_40,AA4E4483009D8F37A631A431E80B2469,49704,48600,AA4E4483009D8F37A631A431E80B2469
shop_pack_v990_41,F704787403EE23F5E37BE58B6CCA6254,52771,51440,F704787403EE23F5E37BE58B6CCA6254
shop_pack_v990_42,99494FCB01E65739E9D1182540AF53FE,50657,49716,99494FCB01E65739E9D1182540AF53FE
shop_pack_v990_43,643D061EB3D9A466130C56D57BE2945C,49282,48220,643D061EB3D9A466130C56D57BE2945C
shop_pack_v990_44,D9F906E01961E868ABAA261A20E0026D,31626,30608,D9F906E01961E868ABAA261A20E0026D
shop_pack_v990_45,56508FCECCF0B476C7A564CF89BB22A6,41694,40408,56508FCECCF0B476C7A564CF89BB22A6
shop_pack_v990_bundle_01,E3CA78570718D54B868285A98914810B,48440,47336,E3CA78570718D54B868285A98914810B
shop_pack_v990_bundle_02,32E0A5A63127EFD9820AAFA1ACB61192,35591,34599,32E0A5A63127EFD9820AAFA1ACB61192
shop_pack_v990_bundle_03,9E8163FF96F3DC44803AB9AD31208F6A,42083,41007,9E8163FF96F3DC44803AB9AD31208F6A
shop_pack_wakanda_1,8B62EBD630C16933A8DE6D1E500EA143,38295,37058,8B62EBD630C16933A8DE6D1E500EA143
shop_pack_wakanda_2,6CE787CF56C69915A0D074F384B57F8D,44089,42822,6CE787CF56C69915A0D074F384B57F8D
shop_pack_welcome_v460,866A05DAE9CCBCB55EA346ECC4972EF8,25156,24241,866A05DAE9CCBCB55EA346ECC4972EF8
shop_pack_winter_2021,8B5E505A6CB884C3A431698B42B24E9E,65199,64179,8B5E505A6CB884C3A431698B42B24E9E
shop_pack_winter_2022,819DACB834D777485B6D127E5F208EC1,65344,64137,819DACB834D777485B6D127E5F208EC1
shop_pack_winter_2024,A5278E485EB05732F4014E0802B3F955,163424,161290,A5278E485EB05732F4014E0802B3F955
shop_pack_winter_2025,BA8C76FB7D2E03E0CB58C5A2ED3D3023,163407,161489,BA8C76FB7D2E03E0CB58C5A2ED3D3023
shop_pack_worldboss01,B079A29AFF9D6B2515D09019E1DCD38D,13512,12872,B079A29AFF9D6B2515D09019E1DCD38D
shop_pack_worldboss02,721E3F7E79632D6BED405E1D2F32A45A,20845,20043,721E3F7E79632D6BED405E1D2F32A45A
shop_pack_worldboss03,F8B8CF701BDD57A093A738A203E96337,23309,22562,F8B8CF701BDD57A093A738A203E96337
shop_pack_worldboss04,B0DFCC6071AED4AE2FC378F691958E18,30531,29581,B0DFCC6071AED4AE2FC378F691958E18
shop_pack_worldboss05,DA09ADA1EF07914ACC1296E4B430B3CD,31261,30281,DA09ADA1EF07914ACC1296E4B430B3CD
shop_pack_worldboss_mission,7F84C05D8FB62B40A64C50288185F53E,55552,54301,7F84C05D8FB62B40A64C50288185F53E
shop_pack_xforce1,05FC500D4645CEE2A246F0F7660AD6BA,27949,26912,05FC500D4645CEE2A246F0F7660AD6BA
shop_pack_xforce2,2DDF1A13A4D3BA72DF90011A79156DAA,36478,35283,2DDF1A13A4D3BA72DF90011A79156DAA
shop_pack_xforce3,79303B5EFFC2D74B5CEB6B67EC8B9FB2,32860,31844,79303B5EFFC2D74B5CEB6B67EC8B9FB2
shop_pack_xforce4,4AD826852E3ABAE0659DF4FC71CECA34,39837,38809,4AD826852E3ABAE0659DF4FC71CECA34
shop_pack_xforce5,05AA5988665FFD467176B49803D7CD06,43270,42249,05AA5988665FFD467176B49803D7CD06
shop_pack_xforce_v490,3DE79C4352618465A84ACA48DACE6377,41477,40469,3DE79C4352618465A84ACA48DACE6377
shop_pack_xmen3_premium,2F98E6CF2F39E369EE3555076B20FE91,49160,47826,2F98E6CF2F39E369EE3555076B20FE91
shop_pack_xmen3_special,C4FD75CAF7456F2AEF4B08D1241F7936,38499,37448,C4FD75CAF7456F2AEF4B08D1241F7936
shop_pack_xmen_v460,F0F32735E615A6C0CCB24D675039A460,27041,26057,F0F32735E615A6C0CCB24D675039A460
shop_pack_yearend_v460,DB7B5963644DA80E14B82A1EE0E6C3A5,26091,25174,DB7B5963644DA80E14B82A1EE0E6C3A5
shop_pass_1_bf,6D9744C0D9F81D6CDBE12E903A2DFEBF,41119,40108,6D9744C0D9F81D6CDBE12E903A2DFEBF
shop_pass_1_s01,F7965B11742F630177AA955E8369BB3D,41902,40902,F7965B11742F630177AA955E8369BB3D
shop_pass_1_s02,84DABB12478AB7FB4597A22E7EC8143D,41525,40507,84DABB12478AB7FB4597A22E7EC8143D
shop_pass_1_s03,DE036C2E121078EB026D6565DE3C2C97,41690,40644,DE036C2E121078EB026D6565DE3C2C97
shop_pass_1_s04,026CEE5BE019EF7A20B7F01EE2C7E130,41724,40738,026CEE5BE019EF7A20B7F01EE2C7E130
shop_pass_1_s05,3865776D67E3ABDF4B5504A74ED3A325,41669,40655,3865776D67E3ABDF4B5504A74ED3A325
shop_pass_1_s06,4DF3ACC5A0D07CD6AB9A7A484DC0AE7F,41713,40714,4DF3ACC5A0D07CD6AB9A7A484DC0AE7F
shop_pass_1_s08,8AEF84E8840D43E6B20C4631D730413F,41604,40622,8AEF84E8840D43E6B20C4631D730413F
shop_pass_1_s09,5F9483D165AABDD5012A30947C554749,41510,40400,5F9483D165AABDD5012A30947C554749
shop_pass_1_s10,0BFE22EDE7C91B0BC513E4DAF8E45B6E,41675,40677,0BFE22EDE7C91B0BC513E4DAF8E45B6E
shop_pass_1_s11,61FB172BB809B1A89641B03AC7523860,41719,40702,61FB172BB809B1A89641B03AC7523860
shop_pass_1_s12,D2A03B4BC52942CB5B2626D2142645C2,41639,40639,D2A03B4BC52942CB5B2626D2142645C2
shop_pass_1_s13,065B825251571647F07C93E39DA5D26E,41834,40826,065B825251571647F07C93E39DA5D26E
shop_pass_1_s14,D6A12AEFECB0623F53CD27BB1944913E,41695,40693,D6A12AEFECB0623F53CD27BB1944913E
shop_pass_1_s15,A48BD180919DE2B7B92E73ABA57ED0A0,41839,40779,A48BD180919DE2B7B92E73ABA57ED0A0
shop_pass_1_s16,B1F4C87F54A9852884C00B395F37413D,41835,40795,B1F4C87F54A9852884C00B395F37413D
shop_pass_1_s17,F36FF793C6C5E389CA023575FFFED0ED,41848,40816,F36FF793C6C5E389CA023575FFFED0ED
shop_pass_1_s18,D4AE23FC7718419453352AF95C0B2CF3,41851,40835,D4AE23FC7718419453352AF95C0B2CF3
shop_pass_1_s19,8C0E3C0F5E47A1C9357AAA9D9B6AD54A,41851,40864,8C0E3C0F5E47A1C9357AAA9D9B6AD54A
shop_pass_1_s20,0BCFB7A9A01EE304B819044A7AD02476,41842,40772,0BCFB7A9A01EE304B819044A7AD02476
shop_pass_1_s21,D45218E955597971F141FAD65F46923F,41836,40855,D45218E955597971F141FAD65F46923F
shop_pass_1_s22,87717847182E4565C4BCF511A8EDAB35,41824,40813,87717847182E4565C4BCF511A8EDAB35
shop_pass_1_s23,14079BE4B7816866EE35EB6220E2AC4B,41832,40849,14079BE4B7816866EE35EB6220E2AC4B
shop_pass_1_s24,86280EEA7001AFD1C83C3F85DA45BFCF,41813,40814,86280EEA7001AFD1C83C3F85DA45BFCF
shop_pass_1_s25,AC004DE145999F04466CE1B687199AF0,41835,40787,AC004DE145999F04466CE1B687199AF0
shop_pass_1_s26,58ACAACCEECC13085C5B11F57DB13500,41835,40888,58ACAACCEECC13085C5B11F57DB13500
shop_pass_1_s27,67BA2426F59219ED30D58106779FA405,41848,40844,67BA2426F59219ED30D58106779FA405
shop_pass_1_s28,29B5D1B18B5A3EDE15518965E506EC25,41834,40807,29B5D1B18B5A3EDE15518965E506EC25
shop_pass_1_s29,D7E693212825FCFD1D839000EC9F8D6B,41832,40875,D7E693212825FCFD1D839000EC9F8D6B
shop_pass_1_s30,F1FBC2D906BB328A7F03AA4A9C4234F3,41841,40857,F1FBC2D906BB328A7F03AA4A9C4234F3
shop_pass_1_s31,A231A25588DEB5C8B2E6CBD24FBDD7AC,41833,40799,A231A25588DEB5C8B2E6CBD24FBDD7AC
shop_pass_1_s32,A34830A7522063F376BECD15570A0B8F,41838,40842,A34830A7522063F376BECD15570A0B8F
shop_pass_1_s33,98DAB3AD5A8813237DE298EB965A8435,41835,40873,98DAB3AD5A8813237DE298EB965A8435
shop_pass_1_s34,42A9DE7AF939A84A0880611611EC3431,41821,40850,42A9DE7AF939A84A0880611611EC3431
shop_pass_1_s35,4E480CA01208FDB6D732808C4976DA36,41833,40863,4E480CA01208FDB6D732808C4976DA36
shop_pass_1_s36,CC198E1015F223484B60FA196FD0DF69,41838,40863,CC198E1015F223484B60FA196FD0DF69
shop_pass_1_s37,120B5E6BBF335E248B5A2118839E8065,41781,40761,120B5E6BBF335E248B5A2118839E8065
shop_pass_1_s38,2AFCD8B710BB3B2F2C3B30BE70CFDC50,41829,40849,2AFCD8B710BB3B2F2C3B30BE70CFDC50
shop_pass_1_s39,37B5C44342C69C45B703F625C16D7652,41831,40860,37B5C44342C69C45B703F625C16D7652
shop_pass_1_s40,DF7949009CD02762BE69F4EFD4D0E37E,41834,40839,DF7949009CD02762BE69F4EFD4D0E37E
shop_pass_1_s41,935D016EBB9AC5FD6E2A45B6A91241A2,41823,40823,935D016EBB9AC5FD6E2A45B6A91241A2
shop_pass_1_s42,5F3A30D12402D0D7EFE0625866068FD7,41809,40798,5F3A30D12402D0D7EFE0625866068FD7
shop_pass_1_s43,7A4D7D1CFEE86831BCCD752CC3457581,41833,40854,7A4D7D1CFEE86831BCCD752CC3457581
shop_pass_1_s44,E2567F8A53097AB1E35BBF4DF0984FE5,41828,40844,E2567F8A53097AB1E35BBF4DF0984FE5
shop_pass_1_s45,BD27C307514F921753D377B6A4C6FE3D,51293,50311,BD27C307514F921753D377B6A4C6FE3D
shop_pass_1_s46,857F6F2F3C7986C209E76E7EF7172C59,51282,50285,857F6F2F3C7986C209E76E7EF7172C59
shop_pass_1_s47,4F6826BC835A6AD19265251B00FDA8DA,51289,50315,4F6826BC835A6AD19265251B00FDA8DA
shop_pass_1_s48,8CCBA59767F6EA346761B04D2615CD81,51288,50321,8CCBA59767F6EA346761B04D2615CD81
shop_pass_1_s49,5181B0DB93538EBF430E8460030CCB84,51299,50305,5181B0DB93538EBF430E8460030CCB84
shop_pass_1_s50,B29A8142121D649665CF1A866BB54476,51293,50284,B29A8142121D649665CF1A866BB54476
shop_pass_1_s51,451266AE3D6FBB2D45354A50B332303F,54590,53463,451266AE3D6FBB2D45354A50B332303F
shop_pass_1_s52,6EA124FB4BE8FEF4E0D09D09F0C6914E,51277,50277,6EA124FB4BE8FEF4E0D09D09F0C6914E
shop_pass_1_s53,3CDACE0D2DC710F04C8641E62A0BDFC1,51292,50338,3CDACE0D2DC710F04C8641E62A0BDFC1
shop_pass_1_s54,786EB64A11496E5E9A0BA8A33C96E956,54587,53477,786EB64A11496E5E9A0BA8A33C96E956
shop_pass_1_s55,57B040463D4D09F43C1C25F609B95CDD,54574,53478,57B040463D4D09F43C1C25F609B95CDD
shop_pass_1_s56,D031793311FC71FAFDCEFDDAE29C075E,54575,53506,D031793311FC71FAFDCEFDDAE29C075E
shop_pass_1_s57,16ACC07D81CD9260C0172883A3118773,54590,53491,16ACC07D81CD9260C0172883A3118773
shop_pass_1_s58,602E0A6566D9C7AFD32A2BFD5ED72A74,54573,53477,602E0A6566D9C7AFD32A2BFD5ED72A74
shop_pass_1_s59,5F18798A1E09C3557ED8952AB0595129,54583,53489,5F18798A1E09C3557ED8952AB0595129
shop_pass_1_s60,806DF47E9EE2E984F919B3790FA5E99D,54567,53449,806DF47E9EE2E984F919B3790FA5E99D
shop_pass_1_s61,8C1FDA714867E82A2EC1E6E8EF29C382,54578,53483,8C1FDA714867E82A2EC1E6E8EF29C382
shop_pass_1_s62,B9BC56E8820BB817D46D922A99993DFF,54580,53490,B9BC56E8820BB817D46D922A99993DFF
shop_pass_1_s63,2D8D8A6B9F5A2777425115AE406341E5,54578,53486,2D8D8A6B9F5A2777425115AE406341E5
shop_pass_1_s64,18AF5DDDDEE6ABEE7AEA35EED789823F,54581,53494,18AF5DDDDEE6ABEE7AEA35EED789823F
shop_pass_2_bf,4A1565017B9C4616E3D5E1FE5EF21C16,49292,48202,4A1565017B9C4616E3D5E1FE5EF21C16
shop_pass_2_s01,98D58B76F04E5AD83FE96ECA12EA5C39,48523,47407,98D58B76F04E5AD83FE96ECA12EA5C39
shop_pass_2_s02,21E7E868E2695B84B08C758D0C4B5DFA,48537,47458,21E7E868E2695B84B08C758D0C4B5DFA
shop_pass_2_s03,F58AB6674F389AD949B997263679DD44,48529,47419,F58AB6674F389AD949B997263679DD44
shop_pass_2_s04,4204CF99FB4ED3B1AFBD45C6D43E5F4E,49288,48234,4204CF99FB4ED3B1AFBD45C6D43E5F4E
shop_pass_2_s05,E0591D449EFAE909944001CC7093BBB3,49285,48202,E0591D449EFAE909944001CC7093BBB3
shop_pass_2_s06,190F896C6E9921BE28AD1419A8136C1D,49278,48188,190F896C6E9921BE28AD1419A8136C1D
shop_pass_2_s08,D9D5EBEC79854EB3E0691ED364155E1E,49254,48121,D9D5EBEC79854EB3E0691ED364155E1E
shop_pass_2_s09,C22F32280FC2C85D48BF22B148FCD1B0,49274,48196,C22F32280FC2C85D48BF22B148FCD1B0
shop_pass_2_s10,04F06C90FA7FEB688AF850EAD38170D6,49271,48206,04F06C90FA7FEB688AF850EAD38170D6
shop_pass_2_s11,FF4B950D60E2FB49600F3A2C51B69EAC,49276,48168,FF4B950D60E2FB49600F3A2C51B69EAC
shop_pass_2_s12,E703A2D3789292BC582E24D8672512A2,49277,48217,E703A2D3789292BC582E24D8672512A2
shop_pass_2_s13,83448410CB608F711C89B3193CFA9A57,49281,48196,83448410CB608F711C89B3193CFA9A57
shop_pass_2_s14,0B029A72C367124A3586DC8154E24CC9,49283,48231,0B029A72C367124A3586DC8154E24CC9
shop_pass_2_s15,5CCFBA4F090DA55E0403E0270ABD8E52,49275,48181,5CCFBA4F090DA55E0403E0270ABD8E52
shop_pass_2_s16,378D3B78D55B13A4806949E059A3DC5A,49286,48149,378D3B78D55B13A4806949E059A3DC5A
shop_pass_2_s17,5A22D3769EE2178858AE1A656BB3663A,50552,49515,5A22D3769EE2178858AE1A656BB3663A
shop_pass_2_s18,23AF7B88E1BA8F3A78A70D953ACDD6D4,50547,49546,23AF7B88E1BA8F3A78A70D953ACDD6D4
shop_pass_2_s19,5F520C3BC8F57EEAE8954BBFDC39BCCB,50451,49439,5F520C3BC8F57EEAE8954BBFDC39BCCB
shop_pass_2_s20,07A32737F47B1D18BB6D4793093769D4,50559,49507,07A32737F47B1D18BB6D4793093769D4
shop_pass_2_s21,A59E2BC4461814A17CA195F23EC081B2,50550,49551,A59E2BC4461814A17CA195F23EC081B2
shop_pass_2_s22,01F372299DDD67166EBDB3BFD60E895B,50546,49526,01F372299DDD67166EBDB3BFD60E895B
shop_pass_2_s23,1790B3A3F49A45E5C0B5E942C7D092BE,50438,49424,1790B3A3F49A45E5C0B5E942C7D092BE
shop_pass_2_s24,FA309CCCD3531BF1E3702234E06FFED4,50413,49379,FA309CCCD3531BF1E3702234E06FFED4
shop_pass_2_s25,B103E53BB05BFC2C4D84D581156AEE69,50426,49449,B103E53BB05BFC2C4D84D581156AEE69
shop_pass_2_s26,EB5F84FA32165D3A2EAC826BE01CA7CD,50428,49388,EB5F84FA32165D3A2EAC826BE01CA7CD
shop_pass_2_s27,CAB8EDFE9C15C94FBA39C35B56DB0CCF,50417,49379,CAB8EDFE9C15C94FBA39C35B56DB0CCF
shop_pass_2_s28,A2BD77A19D5337EA6BD4C4177E0D8809,50390,49352,A2BD77A19D5337EA6BD4C4177E0D8809
shop_pass_2_s29,3085750DC8673A684A00DFEFE086CC38,50425,49440,3085750DC8673A684A00DFEFE086CC38
shop_pass_2_s30,31AC21237EA2E36D1DB5A258D0C7E9A3,50428,49435,31AC21237EA2E36D1DB5A258D0C7E9A3
shop_pass_2_s31,8838054784EC9A5CFCF0A3835F0456EE,50439,49416,8838054784EC9A5CFCF0A3835F0456EE
shop_pass_2_s32,178FF5B8A5A2727CA7B2BC54AC9573A9,50422,49435,178FF5B8A5A2727CA7B2BC54AC9573A9
shop_pass_2_s33,358B1309B5BA9DC682C389EE6574EE70,50426,49434,358B1309B5BA9DC682C389EE6574EE70
shop_pass_2_s34,C70C44B1AF52B72762C55863038503D9,50433,49402,C70C44B1AF52B72762C55863038503D9
shop_pass_2_s35,54853CE240BD7E7867587F81C1023E5B,50429,49423,54853CE240BD7E7867587F81C1023E5B
shop_pass_2_s36,27D3F1A7F12F78460127879B6AB0077B,50419,49388,27D3F1A7F12F78460127879B6AB0077B
shop_pass_2_s37,EA426E5352586F181898B61FF61EB59F,50433,49449,EA426E5352586F181898B61FF61EB59F
shop_pass_2_s38,5194A3E059AFD9C292A140147E341DA6,50433,49409,5194A3E059AFD9C292A140147E341DA6
shop_pass_2_s39,51B02427C414F89E2AA2A2770A0FAE9B,50437,49429,51B02427C414F89E2AA2A2770A0FAE9B
shop_pass_2_s40,4848C25443313EFF3D17133D12E38BF1,50420,49396,4848C25443313EFF3D17133D12E38BF1
shop_pass_2_s41,9A6FC120B4578BE72AF5376B2E507100,50423,49404,9A6FC120B4578BE72AF5376B2E507100
shop_pass_2_s42,52D7A05DF720E31DC604F76890FF5D60,50423,49425,52D7A05DF720E31DC604F76890FF5D60
shop_pass_2_s43,9D060EEB34CA1EDF456BEE7CB37535E2,50425,49422,9D060EEB34CA1EDF456BEE7CB37535E2
shop_pass_2_s44,0029D3333ADF2960EA8528C6B3302500,50425,49409,0029D3333ADF2960EA8528C6B3302500
shop_pass_2_s45,8E9D8CA606FBA94C13899AAFDE2D9184,53567,52599,8E9D8CA606FBA94C13899AAFDE2D9184
shop_pass_2_s46,219EE5BF055C836F2678EE463E6D6AFD,53560,52580,219EE5BF055C836F2678EE463E6D6AFD
shop_pass_2_s47,DBF949F191F42125E1C1A49F8054A402,53562,52608,DBF949F191F42125E1C1A49F8054A402
shop_pass_2_s48,D835AB4B45F6586D73675A64D972F26C,53569,52585,D835AB4B45F6586D73675A64D972F26C
shop_pass_2_s49,B3A4F573C58CB09BC987F66452DC999C,53564,52596,B3A4F573C58CB09BC987F66452DC999C
shop_pass_2_s50,6AC16202658E37CFAD0B6DE538376603,53554,52569,6AC16202658E37CFAD0B6DE538376603
shop_pass_2_s51,00462556F8CB1489F6005BA8E07EF88D,56813,55754,00462556F8CB1489F6005BA8E07EF88D
shop_pass_2_s52,0E3FF9770480FA3B6E7A457BE4255BD2,53573,52609,0E3FF9770480FA3B6E7A457BE4255BD2
shop_pass_2_s53,10468C4CCEFAB98A6A09C052A1E6EAC8,53570,52597,10468C4CCEFAB98A6A09C052A1E6EAC8
shop_pass_2_s54,BCB5CE31D5E0E1128070B48E8385E361,56794,55769,BCB5CE31D5E0E1128070B48E8385E361
shop_pass_2_s55,C33587E4C18147F2E462A950BECDECC0,56815,55788,C33587E4C18147F2E462A950BECDECC0
shop_pass_2_s56,9938E90B2B6B76F652728E2D7859CA69,56807,55784,9938E90B2B6B76F652728E2D7859CA69
shop_pass_2_s57,7D6CDE3298E56EF9F98ACAAD5A3891AF,56805,55777,7D6CDE3298E56EF9F98ACAAD5A3891AF
shop_pass_2_s58,BE29773E58AA87906BAD395BE21DB399,56796,55744,BE29773E58AA87906BAD395BE21DB399
shop_pass_2_s59,06D71AD0FFA3FE91CDB0E16DEC864374,56811,55787,06D71AD0FFA3FE91CDB0E16DEC864374
shop_pass_2_s60,E35ED66712904E2D62F99C09208609DE,56806,55780,E35ED66712904E2D62F99C09208609DE
shop_pass_2_s61,C0A8867823B518E7FA8E6F61FCFEEF00,56808,55794,C0A8867823B518E7FA8E6F61FCFEEF00
shop_pass_2_s62,F9CD334F2FC4956729C0C6F7FAF3D69D,56816,55773,F9CD334F2FC4956729C0C6F7FAF3D69D
shop_pass_2_s63,DEAB43385EBC97824A7D1AB5DC61EE63,56816,55786,DEAB43385EBC97824A7D1AB5DC61EE63
shop_pass_2_s64,0F29FD236A02C48DE2BA9E2CAE6EB781,56816,55775,0F29FD236A02C48DE2BA9E2CAE6EB781
shop_phoenix_feather,C36E65B80B5B33DB8F6F49DCE4CE015B,25832,24599,C36E65B80B5B33DB8F6F49DCE4CE015B
shop_pick_01,C6206FEF9BFE4E0058C5D4D8264EB010,48246,47341,C6206FEF9BFE4E0058C5D4D8264EB010
shop_pick_01_vip,A934E3554207027ED0FECB76EB79F322,23841,22640,A934E3554207027ED0FECB76EB79F322
shop_pick_02,4E6AF6E5553F925FC84220E57ECC50ED,47856,47010,4E6AF6E5553F925FC84220E57ECC50ED
shop_pick_03,2836051FFF59053E3DCC71C4DB1ED14C,27158,26422,2836051FFF59053E3DCC71C4DB1ED14C
shop_pick_17,AA77BD7E9F93BAA32B10AB2C7AAA84F7,27084,26267,AA77BD7E9F93BAA32B10AB2C7AAA84F7
shop_pick_artifact,BDAB353FA36ADDC544B51A53A462934D,22314,21498,BDAB353FA36ADDC544B51A53A462934D
shop_pick_chest_780,DD043B1C4082CD38D00D147A4C3EF8CF,28092,27279,DD043B1C4082CD38D00D147A4C3EF8CF
shop_pick_chest_810,A1C378AAB3E5201A66AA79D996196239,29601,28529,A1C378AAB3E5201A66AA79D996196239
shop_pick_chest_830,763FBFBC803103D06980ED1B4EB3F68D,28974,28023,763FBFBC803103D06980ED1B4EB3F68D
shop_premium_pick,E9E1FC8DAF67DE8FC10ECE1C9350315B,27551,26637,E9E1FC8DAF67DE8FC10ECE1C9350315B
shop_private_growth,D7C1B2744883EB69BB4EA683A561FC0C,24620,23659,D7C1B2744883EB69BB4EA683A561FC0C
shop_redskull_cube_1,75BC111AD8F9A1F5E3F45D4D20CB3407,32911,31932,75BC111AD8F9A1F5E3F45D4D20CB3407
shop_redskull_cube_2,800BB8CC99A5027F41B077207E9EE3F4,40822,39796,800BB8CC99A5027F41B077207E9EE3F4
shop_relay_10034,6BF7C4EABC07F21D4D8DC04AC5A4B3C8,20684,20039,6BF7C4EABC07F21D4D8DC04AC5A4B3C8
shop_relay_10034_v410,19E1B24AB59748D40CA205A6F47A10CF,21577,20931,19E1B24AB59748D40CA205A6F47A10CF
shop_relay_10034_v450,C523341D5623F577C97B0E8E179E8386,21642,20983,C523341D5623F577C97B0E8E179E8386
shop_relay_10035,F882D151F2862070D9A2B19B9B0AD75C,28404,27700,F882D151F2862070D9A2B19B9B0AD75C
shop_relay_10035_v410,C274791458DC090F76C2F907D2B2B4FF,32468,31746,C274791458DC090F76C2F907D2B2B4FF
shop_relay_10035_v450,8B98E3BC2E3AC22C0EC42572FE890082,32391,31597,8B98E3BC2E3AC22C0EC42572FE890082
shop_relay_10036,FC0E98DF9E59B5032721985EFDE995CD,26259,25603,FC0E98DF9E59B5032721985EFDE995CD
shop_relay_10036_v410,2281A1F180401B534D7A124F1B483BD0,31771,31013,2281A1F180401B534D7A124F1B483BD0
shop_relay_10036_v450,A4BE0954CC77AC4E19D04DAC941C3E1B,31669,30856,A4BE0954CC77AC4E19D04DAC941C3E1B
shop_relay_10037,E8B8BF66D9004E79A1D19D3C442BA08A,31531,30761,E8B8BF66D9004E79A1D19D3C442BA08A
shop_relay_10037_v410,ED5258EFC266CB0A4E2AF4198170B45B,37820,36998,ED5258EFC266CB0A4E2AF4198170B45B
shop_relay_10037_v450,33ADB9083489517DD4611A87BCB0D21C,37820,36864,33ADB9083489517DD4611A87BCB0D21C
shop_relay_10038,83623CE589808531434CD9BBF6802F89,35306,34513,83623CE589808531434CD9BBF6802F89
shop_relay_10038_v410,7CF3473CFE2E4E14408F3772579677CE,43572,42657,7CF3473CFE2E4E14408F3772579677CE
shop_relay_10038_v450,780F4E68ADE9C11ADFD4DD0B6B4B225A,43437,42417,780F4E68ADE9C11ADFD4DD0B6B4B225A
shop_relay_10039,21A831F0092B05AAB29896157C825126,17227,16440,21A831F0092B05AAB29896157C825126
shop_relay_10040,EDB2F2A2F511F5D5DD6EB00DF540A2A2,21348,20550,EDB2F2A2F511F5D5DD6EB00DF540A2A2
shop_relay_10041,755DCB560A0169B7EFFB0877D71D0099,22818,22024,755DCB560A0169B7EFFB0877D71D0099
shop_relay_10042,1FE809279658750C2A193D7C2BD8B0E0,29146,28167,1FE809279658750C2A193D7C2BD8B0E0
shop_relay_10043,D599C66679A4E1BE9C7767B07D5844D4,34948,33966,D599C66679A4E1BE9C7767B07D5844D4
shop_relay_10044,32042BAA0A267F2B243079C1AF56D9DA,31773,30804,32042BAA0A267F2B243079C1AF56D9DA
shop_relay_10045,EA9230A619CFB14B39D0A08567F60820,34091,33061,EA9230A619CFB14B39D0A08567F60820
shop_relay_10046,AF440D4E4F2BE50DFD3ACB34C64A3972,37022,36044,AF440D4E4F2BE50DFD3ACB34C64A3972
shop_relay_10047,C905AD67B3694E6733EA0D11FF4C5922,37804,36867,C905AD67B3694E6733EA0D11FF4C5922
shop_relay_10048,FEB25E781D5EC48CBE50B88FBFF49147,38281,37334,FEB25E781D5EC48CBE50B88FBFF49147
shop_relay_awaken_1,27393B90012B886C9DAF5D5062347D71,31890,30877,27393B90012B886C9DAF5D5062347D71
shop_relay_awaken_2,027C2E259A2314C35B3CAE122841AEEE,39259,38160,027C2E259A2314C35B3CAE122841AEEE
shop_relay_awaken_3,06C3827CEB69E27BEE7D8C7885A85EBB,44505,43350,06C3827CEB69E27BEE7D8C7885A85EBB
shop_relay_bf2022_thumnail_01,2182348C14B206F6417FAB03E3472BE4,57396,56350,2182348C14B206F6417FAB03E3472BE4
shop_relay_bf2022_thumnail_02,8639525D742B16F85169DF9714384E65,39744,38657,8639525D742B16F85169DF9714384E65
shop_relay_bf2023_thumnail_01,55B5A648E109EFBE16EF09A2E5E3DD00,60310,59282,55B5A648E109EFBE16EF09A2E5E3DD00
shop_relay_bf2023_thumnail_02,F1085BFB9C83B0FBF149637393711DCD,46890,45691,F1085BFB9C83B0FBF149637393711DCD
shop_relay_bf2023_thumnail_03,3CC49EE52E24F7AA1D613DD629D60CB2,53410,52491,3CC49EE52E24F7AA1D613DD629D60CB2
shop_relay_bf_2018_1,5877140A42F9C24DBAC944D71FF2586A,31568,30547,5877140A42F9C24DBAC944D71FF2586A
shop_relay_bf_2018_2,55E031940593298F29FF3BB6C6BFA088,30804,29804,55E031940593298F29FF3BB6C6BFA088
shop_relay_bf_2018_3,BCB1A217CD913EBC40F3B83FF81F1D99,30512,29406,BCB1A217CD913EBC40F3B83FF81F1D99
shop_relay_bf_2018_4,27D717CECD17FA2540C533E7BA79A5DF,35719,34709,27D717CECD17FA2540C533E7BA79A5DF
shop_relay_bf_2018_5,46330CF5D57A4E744DFCB2C12D3C5ACE,39037,37963,46330CF5D57A4E744DFCB2C12D3C5ACE
shop_relay_heromap_1,C815D1BD14EBB89F1B950BF94249BAD9,17774,17084,C815D1BD14EBB89F1B950BF94249BAD9
shop_relay_heromap_2,BE8B617763BB2E22D1A8E4E4B7C46EE9,26521,25646,BE8B617763BB2E22D1A8E4E4B7C46EE9
shop_relay_heromap_3,59F3FBBAA9800FBFC37571099BE89AEE,31953,31000,59F3FBBAA9800FBFC37571099BE89AEE
shop_relay_heromap_4,55C1F9BD877ED495D40A4C376E571021,37570,36562,55C1F9BD877ED495D40A4C376E571021
shop_relay_heromap_5,A4F18974BCD17951838F022E5433DB5C,39660,38647,A4F18974BCD17951838F022E5433DB5C
shop_relay_holiday_v460_1,F0CE0BA63BE8A34A4AB2CB75CC200A50,22490,21586,F0CE0BA63BE8A34A4AB2CB75CC200A50
shop_relay_holiday_v460_2,48FF107A4778AE9E643A2A188AAEDDF8,29605,28571,48FF107A4778AE9E643A2A188AAEDDF8
shop_relay_holiday_v460_3,29E3F787FE18039F9B5EB839645C8DAC,32505,31606,29E3F787FE18039F9B5EB839645C8DAC
shop_relay_holiday_v460_4,EB1A9B74FB26B7F7ABA052CBBE7138D5,46518,45143,EB1A9B74FB26B7F7ABA052CBBE7138D5
shop_relay_holiday_v460_5,F84179BAFC7E7E060BF1D9147D0F03FB,45550,44289,F84179BAFC7E7E060BF1D9147D0F03FB
shop_relay_lunar_v470_1,8C0D890F3D17811561F6839280E6306B,23710,22936,8C0D890F3D17811561F6839280E6306B
shop_relay_lunar_v470_2,8A418EE5EBA2A43976A27FB336386D18,30572,29720,8A418EE5EBA2A43976A27FB336386D18
shop_relay_lunar_v470_3,CA46B3DCAF8AF013DFE4805FBC2C20A2,34620,33691,CA46B3DCAF8AF013DFE4805FBC2C20A2
shop_relay_lunar_v470_4,9C5B1E8296F671AB468F3877E17D7C65,41221,40088,9C5B1E8296F671AB468F3877E17D7C65
shop_relay_lunar_v470_5,047ED4FB89375A6168F1015E5C627963,45162,44158,047ED4FB89375A6168F1015E5C627963
shop_relay_potential_1,11DFE94370F1C16F33B4A63F3A8DE8C1,30060,29141,11DFE94370F1C16F33B4A63F3A8DE8C1
shop_relay_potential_2,CA79FE4E592671FEA8030EEFAF09844F,32655,31637,CA79FE4E592671FEA8030EEFAF09844F
shop_relay_potential_3,07CEBF79C22B0828BBDE2E314EDE5857,35867,34850,07CEBF79C22B0828BBDE2E314EDE5857
shop_relay_potential_4,BA7A0CA510C40945C2B127B9D02B9A13,39031,37897,BA7A0CA510C40945C2B127B9D02B9A13
shop_relay_potential_5,1D62F660C3FDE6F2F607A083D485D998,42255,41066,1D62F660C3FDE6F2F607A083D485D998
shop_relay_uniform_x_1,A7DA5740529535CE40578311247FAFC7,24614,24010,A7DA5740529535CE40578311247FAFC7
shop_relay_uniform_x_2,AEA5AF98AD47FDBDC7BB7F96A84D0DC3,30646,29911,AEA5AF98AD47FDBDC7BB7F96A84D0DC3
shop_relay_uniform_x_3,DFAF9252A57BB25AECFBEAE50D66B0C8,32020,31288,DFAF9252A57BB25AECFBEAE50D66B0C8
shop_relay_uniform_x_4,12813CEAA7CDDAAEEB1FAF036BEC2158,34541,33865,12813CEAA7CDDAAEEB1FAF036BEC2158
shop_relay_uniform_x_5,40B4A0C5D0418DADEA2A88A6CBB82FBD,39896,39189,40B4A0C5D0418DADEA2A88A6CBB82FBD
shop_relay_v1000_thumnail_01,27CD6FE1BB5AEE6E84751E7FC8C053EA,49684,48654,27CD6FE1BB5AEE6E84751E7FC8C053EA
shop_relay_v1000_thumnail_02,47AD2E7798E49E8BAC45879C216B3A38,46940,45954,47AD2E7798E49E8BAC45879C216B3A38
shop_relay_v1000_thumnail_03,B743BB4B88A71D88E730D26C0AC4EA48,57343,56404,B743BB4B88A71D88E730D26C0AC4EA48
shop_relay_v1020_thumnail_01,4223227931BAD71285082A1185F0EB3D,57611,56677,4223227931BAD71285082A1185F0EB3D
shop_relay_v1020_thumnail_02,11B3BF976ED7D35FAFF8A3981455FEF2,49682,48652,11B3BF976ED7D35FAFF8A3981455FEF2
shop_relay_v1030_thumnail_01,A14FC2559CB9070E1048425D62DFE0C2,58273,57216,A14FC2559CB9070E1048425D62DFE0C2
shop_relay_v1030_thumnail_02,DEE993BD45F718DB5475D525DB902468,52906,52059,DEE993BD45F718DB5475D525DB902468
shop_relay_v1040_thumnail_01,81E6B7F29A95F33D236A1C821C7EF708,56257,55170,81E6B7F29A95F33D236A1C821C7EF708
shop_relay_v1050_thumnail_01,6CB086531D48761E54049878D0C6D9A2,42841,41827,6CB086531D48761E54049878D0C6D9A2
shop_relay_v1050_thumnail_02,3477649323DCA692FB6D205E7ABD606A,53775,52897,3477649323DCA692FB6D205E7ABD606A
shop_relay_v1050_thumnail_03,2046A6A157BFD20EB4D00B6E813D0516,61368,60404,2046A6A157BFD20EB4D00B6E813D0516
shop_relay_v1050_thumnail_04,8F5276A1A8B7B9BD18236799E107658B,49684,48677,8F5276A1A8B7B9BD18236799E107658B
shop_relay_v1050_thumnail_05,2E4F175462C4934F7192E331B7EA92D9,46582,45621,2E4F175462C4934F7192E331B7EA92D9
shop_relay_v1060_thumnail_01,51E956158C631477D6EBE07BB4ABC7F9,58235,57137,51E956158C631477D6EBE07BB4ABC7F9
shop_relay_v1070_thumnail_01,F7DB1FACE396B3217361031B750CA461,53999,52810,F7DB1FACE396B3217361031B750CA461
shop_relay_v1070_thumnail_01_s,203AB80F786E704AE7EFA7A03D599F87,12525,11942,203AB80F786E704AE7EFA7A03D599F87
shop_relay_v1070_thumnail_02,120C7C1546E1A881ABAEBC534F357B3A,56514,55589,120C7C1546E1A881ABAEBC534F357B3A
shop_relay_v1070_thumnail_02_s,8CC06A171D74AFED8B4A179C42892B97,13073,12493,8CC06A171D74AFED8B4A179C42892B97
shop_relay_v1070_thumnail_03,ABF0B3B386B82050F56D9BD341C97C35,59006,57982,ABF0B3B386B82050F56D9BD341C97C35
shop_relay_v1070_thumnail_03_s,C350BDB79F039D913C40CA4417BF86AA,12912,12308,C350BDB79F039D913C40CA4417BF86AA
shop_relay_v1080_thumnail_01,8523356C268334EBF75168BEB5E5B10D,52969,52002,8523356C268334EBF75168BEB5E5B10D
shop_relay_v1090_thumnail_01,30970C73DEC6AAF3E8CA9A2F9724A2AA,53304,52268,30970C73DEC6AAF3E8CA9A2F9724A2AA
shop_relay_v1090_thumnail_02,E21B657A2A23643724DFD7BE24BC6DAA,55730,54581,E21B657A2A23643724DFD7BE24BC6DAA
shop_relay_v1090_thumnail_03,62A2F730075E7EEBFE8E391FD6990CEC,59140,58165,62A2F730075E7EEBFE8E391FD6990CEC
shop_relay_v1090_thumnail_04,3FA0E7FCACCF08799A8CCADF04B6F88D,50266,48991,3FA0E7FCACCF08799A8CCADF04B6F88D
shop_relay_v1090_thumnail_05,BA8ED74F9DCFEAB920FA68516E7910F2,56381,55118,BA8ED74F9DCFEAB920FA68516E7910F2
shop_relay_v1090_thumnail_06,6FD58D5516309AE4E51AB86428DC4C30,55701,54751,6FD58D5516309AE4E51AB86428DC4C30
shop_relay_v1090_thumnail_07,9525470601ADE94D3E053E58A461568F,54861,53813,9525470601ADE94D3E053E58A461568F
shop_relay_v1130_thumnail_01,0AD8D8D2F968CF89AA2992E34E99462F,52426,51553,0AD8D8D2F968CF89AA2992E34E99462F
shop_relay_v1130_thumnail_02,FE2249037596A10081601F34511A89AC,47958,46647,FE2249037596A10081601F34511A89AC
shop_relay_v1130_thumnail_03,5DE4905EE80F833D05FCF880F5135750,59275,58298,5DE4905EE80F833D05FCF880F5135750
shop_relay_v1140_thumnail_01,94A07C5456A22CB4389CF46AAF18D465,55521,54429,94A07C5456A22CB4389CF46AAF18D465
shop_relay_v1140_thumnail_02,631B069187469C7A2E3683A21D11290B,50523,49186,631B069187469C7A2E3683A21D11290B
shop_relay_v1140_thumnail_03,85B54C421D9E6DD7F23A705DFEF38EDA,57179,56257,85B54C421D9E6DD7F23A705DFEF38EDA
shop_relay_v1140_thumnail_04,9D80B2062C9E220CA82E6927CD031405,52443,51182,9D80B2062C9E220CA82E6927CD031405
shop_relay_v1170_thumnail_01,1031A7536AA524CC90E951E1B5E01079,51498,50343,1031A7536AA524CC90E951E1B5E01079
shop_relay_v1170_thumnail_02,6C9FD130594DFD31C1D8EB7B1DBDE349,59550,58304,6C9FD130594DFD31C1D8EB7B1DBDE349
shop_relay_v1180_thumnail_01,7B0C03E72F201B7E9DD74D568B447BFA,55855,54694,7B0C03E72F201B7E9DD74D568B447BFA
shop_relay_v1180_thumnail_02,14B9DDCBB9E27473F7C9A0BDBA039B65,55327,54298,14B9DDCBB9E27473F7C9A0BDBA039B65
shop_relay_v1180_thumnail_03,574656660802EB2C5FA2D7149C6253D0,42104,41117,574656660802EB2C5FA2D7149C6253D0
shop_relay_v1180_thumnail_04,FB65CA9AB3FFF91326371DA167944370,50237,49317,FB65CA9AB3FFF91326371DA167944370
shop_relay_v1180_thumnail_05,D8D1641E3D535DB031C58222D870FF8C,58094,57115,D8D1641E3D535DB031C58222D870FF8C
shop_relay_v1200_thumnail_01,4DE6C19B14BEA669AA03BCB7AD98BBD9,56018,54885,4DE6C19B14BEA669AA03BCB7AD98BBD9
shop_relay_v1200_thumnail_02,1099CC07C27ABFCB868087FABE49336C,56778,55653,1099CC07C27ABFCB868087FABE49336C
shop_relay_v1200_thumnail_03,65A8288D4C6888DAA948BE1847549825,57923,56590,65A8288D4C6888DAA948BE1847549825
shop_relay_v1200_thumnail_04,3ACFADA7D1F5909B1AF2383C94FEB101,45274,44411,3ACFADA7D1F5909B1AF2383C94FEB101
shop_relay_v1210_thumnail_01,2CA135DFE84740E32DBE15FC3BEE909B,56494,55477,2CA135DFE84740E32DBE15FC3BEE909B
shop_relay_v1220_thumnail_01,00577B77A558567FE0593A4CE1F03801,52768,51465,00577B77A558567FE0593A4CE1F03801
shop_relay_v1220_thumnail_02,8537C045E69F7726C9E3EDA540FE6657,59374,58294,8537C045E69F7726C9E3EDA540FE6657
shop_relay_v1220_thumnail_03,E1CBD339861D3FEB96E398BBE97347BF,54710,53514,E1CBD339861D3FEB96E398BBE97347BF
shop_relay_v450_1,1971ABC2DE2D18E258E3422EA7C658D2,29492,28389,1971ABC2DE2D18E258E3422EA7C658D2
shop_relay_v450_2,554DC69AE6790A596E751C1728CB6448,30977,29953,554DC69AE6790A596E751C1728CB6448
shop_relay_v450_3,62F081D55F87C245648231EFBFC2D1D6,39238,38237,62F081D55F87C245648231EFBFC2D1D6
shop_relay_v450_4,0187D194492E73B505A20146681B34D2,43213,42034,0187D194492E73B505A20146681B34D2
shop_relay_v450_5,A7B8785E77912EAB83BD983C9EAF69E1,44418,43040,A7B8785E77912EAB83BD983C9EAF69E1
shop_relay_v460_1,F12C5C9CC662585E5916F93B17C2A93F,18398,17508,F12C5C9CC662585E5916F93B17C2A93F
shop_relay_v460_2,668B201E367428A48D3C368971240C4F,26260,25319,668B201E367428A48D3C368971240C4F
shop_relay_v460_3,3D2FF97E71F1666680D71CE8F6F32758,31102,30226,3D2FF97E71F1666680D71CE8F6F32758
shop_relay_v460_4,ACB0695DE471951F68361C6FC8D3DBFE,39304,38263,ACB0695DE471951F68361C6FC8D3DBFE
shop_relay_v460_5,DC74C8F63CCC44755F491BFC4AF334E5,40251,39203,DC74C8F63CCC44755F491BFC4AF334E5
shop_relay_v470_1,766EAC07247FB34BD0439AAADF02E90C,24467,23642,766EAC07247FB34BD0439AAADF02E90C
shop_relay_v470_2,5B25332329A76B6DA6EEF1FD7AE28951,31945,31019,5B25332329A76B6DA6EEF1FD7AE28951
shop_relay_v470_3,9A6E9FB8B2FF6CAE715891C12DD525B6,38451,37459,9A6E9FB8B2FF6CAE715891C12DD525B6
shop_relay_v470_4,BA92FA0B864E3A318DE6DC6618D70BC7,39920,38751,BA92FA0B864E3A318DE6DC6618D70BC7
shop_relay_v470_5,FD13B364CFCBFEDCA2FEF223ECE27419,45855,44930,FD13B364CFCBFEDCA2FEF223ECE27419
shop_relay_v490_1,C901BB37A143991B9742A191D672B0F4,26556,25586,C901BB37A143991B9742A191D672B0F4
shop_relay_v490_2,482C7C365839E30EC769B73CEA38B287,34353,33367,482C7C365839E30EC769B73CEA38B287
shop_relay_v490_3,F89D8044475FBCFD26C7EB585AD8AB98,42964,41706,F89D8044475FBCFD26C7EB585AD8AB98
shop_relay_v490_4,C88F597355F058262026F672D53FBC3B,41848,40808,C88F597355F058262026F672D53FBC3B
shop_relay_v490_5,02656E218107095735B4A1EDF77E907E,47386,46411,02656E218107095735B4A1EDF77E907E
shop_relay_v510_1,DC2B154B75B905B946AE5417639F2FA4,28570,27519,DC2B154B75B905B946AE5417639F2FA4
shop_relay_v510_2,D3E06162ED5CFEB188D8645D4A60CB27,34353,33385,D3E06162ED5CFEB188D8645D4A60CB27
shop_relay_v510_3,39BEB3324B0FD42EC6F704D627EA734D,42961,41709,39BEB3324B0FD42EC6F704D627EA734D
shop_relay_v510_4,3005F4FCA947E616FCC5B27F39DDD927,41896,40850,3005F4FCA947E616FCC5B27F39DDD927
shop_relay_v510_5,D972DBBD029631F8E1C2DA72699E575A,47388,46387,D972DBBD029631F8E1C2DA72699E575A
shop_relay_v520_1,51E44038BC66FA865F4C864875521B7D,24376,23617,51E44038BC66FA865F4C864875521B7D
shop_relay_v520_2,A14D67CFA683FB74E67904B31D125975,37220,36319,A14D67CFA683FB74E67904B31D125975
shop_relay_v520_3,3A0741191D90D44E9ED2E4E0A8246BAF,42741,41691,3A0741191D90D44E9ED2E4E0A8246BAF
shop_relay_v520_4,A02AA2637E8791D3712C20C82C2551A8,41897,40851,A02AA2637E8791D3712C20C82C2551A8
shop_relay_v520_5,A15E0C26E2716F6EC17906AED2090EA4,47371,46362,A15E0C26E2716F6EC17906AED2090EA4
shop_relay_v720_thumbnail_01,D0F9A18653C35D664AA96246855062B0,51194,50256,D0F9A18653C35D664AA96246855062B0
shop_relay_v720_thumbnail_02,19892398ED3044C9B079B2CB2FE39B04,47575,46748,19892398ED3044C9B079B2CB2FE39B04
shop_relay_v730_thumbnail_01,2DEE90C585295293C388D055D2383339,48511,47640,2DEE90C585295293C388D055D2383339
shop_relay_v740_thumbnail_01,896EF73888756B2949C1AD3383BA26DC,37516,36432,896EF73888756B2949C1AD3383BA26DC
shop_relay_v750_thumbnail_01,B6470A10D63ED7377026032FA3E89C5A,41628,40637,B6470A10D63ED7377026032FA3E89C5A
shop_relay_v760_2021bf_thumnail,F638D6C34FD44A2835776B9B3F68C58D,59072,57977,F638D6C34FD44A2835776B9B3F68C58D
shop_relay_v760_thumnail_01,79F065405254267D999C0241C311EC36,52963,52051,79F065405254267D999C0241C311EC36
shop_relay_v770_thumbnail_01,22CA7546867655A48316E94537041BAA,59548,58539,22CA7546867655A48316E94537041BAA
shop_relay_v840_thumbnail_01,E4FE97CAA845C1EEFA300C15A5828683,54483,53433,E4FE97CAA845C1EEFA300C15A5828683
shop_relay_v850_thumnail_01,7901356F6CD651FC054850806991AC7A,53255,52336,7901356F6CD651FC054850806991AC7A
shop_relay_v860_thumnail_01,51C05D66DF27AED89109442B3648D30D,49408,48281,51C05D66DF27AED89109442B3648D30D
shop_relay_v870_thumnail_01,ACA1514C61938D2480E9C938249BC7CA,51366,50335,ACA1514C61938D2480E9C938249BC7CA
shop_relay_v880_thumnail_01,EE3793FB9ABD01AAAC482EFF4B82A80B,38392,37256,EE3793FB9ABD01AAAC482EFF4B82A80B
shop_relay_v890_thumnail_01,DC1240F7492355B15E2B570ABEA06E0F,58004,56966,DC1240F7492355B15E2B570ABEA06E0F
shop_relay_v890_thumnail_02,930D6D53C5C0AC8436FC6A7228B2A251,49359,48351,930D6D53C5C0AC8436FC6A7228B2A251
shop_relay_v890_thumnail_03,FC3364C58CB2B061589666DB81E9DF5D,56813,55600,FC3364C58CB2B061589666DB81E9DF5D
shop_relay_v890_thumnail_04,33F68D92CD734FB29B155C08C1B003C8,50399,49437,33F68D92CD734FB29B155C08C1B003C8
shop_relay_v900_thumnail_01,CE098303AEF9902D9DD6FCD6543075DE,43381,42358,CE098303AEF9902D9DD6FCD6543075DE
shop_relay_v900_thumnail_02,F84277ACF8CD5BF076A08166536BEAD3,58918,57846,F84277ACF8CD5BF076A08166536BEAD3
shop_relay_v900_thumnail_03,993E98738FBD84F4123A419A9C098CD1,61593,60614,993E98738FBD84F4123A419A9C098CD1
shop_relay_v910_thumnail_01,B5CA19D2695387FCACDE47CA4320D6CB,40794,39692,B5CA19D2695387FCACDE47CA4320D6CB
shop_relay_v910_thumnail_02,75BCED8782F370F252FB34B9E2C7C7F2,42429,41303,75BCED8782F370F252FB34B9E2C7C7F2
shop_relay_v910_thumnail_03,4C4D24BC4513A1C8E0C08AD2078C2A24,55764,54681,4C4D24BC4513A1C8E0C08AD2078C2A24
shop_relay_v910_thumnail_04,6942C970406D8378DCBF38FB0B827C69,54065,53002,6942C970406D8378DCBF38FB0B827C69
shop_relay_v910_thumnail_05,91186A3EE527601D62BC90A25E730AE7,46888,45668,91186A3EE527601D62BC90A25E730AE7
shop_relay_v920_thumnail_01,2D1EA39B2B202CDD4D623DF87684E4AB,55692,54640,2D1EA39B2B202CDD4D623DF87684E4AB
shop_relay_v920_thumnail_02,55D02703D6CC3C6032E9CA9DE347D8FB,51040,50099,55D02703D6CC3C6032E9CA9DE347D8FB
shop_relay_v930_thumnail_01,AE3BFDEF48E29351BC160397F44F6784,49683,48671,AE3BFDEF48E29351BC160397F44F6784
shop_relay_v950_thumnail_01,B88141D057F8DF691A5BB6B0888A12FA,50292,49248,B88141D057F8DF691A5BB6B0888A12FA
shop_relay_v950_thumnail_02,C85A652FA416F4AC73B75E3923E909D1,58267,57394,C85A652FA416F4AC73B75E3923E909D1
shop_relay_v950_thumnail_03,0E6E5451E89B932E5364C3BD673BDE4B,59388,58320,0E6E5451E89B932E5364C3BD673BDE4B
shop_relay_v960_thumnail_01,E6F381D44212740C03C1830B9DB5D426,53119,52097,E6F381D44212740C03C1830B9DB5D426
shop_relay_v970_thumnail_01,E6622C64668F0921116BAE5F2E36AA4F,54631,53538,E6622C64668F0921116BAE5F2E36AA4F
shop_relay_v970_thumnail_02,AF7DCAB474B06B060892390C50BDB3A0,52904,52054,AF7DCAB474B06B060892390C50BDB3A0
shop_relay_v990_thumnail_01,3D3DB5A9B63F64C119CBE2F14103A8DB,58100,57114,3D3DB5A9B63F64C119CBE2F14103A8DB
shop_relay_v990_thumnail_02,61EDDD50C8557CF96BEBA8E9A966C720,50732,49479,61EDDD50C8557CF96BEBA8E9A966C720
shop_relay_v990_thumnail_03,5280007AF042AF0B7205E72D1373DF9D,51044,50284,5280007AF042AF0B7205E72D1373DF9D
shop_relay_v990_thumnail_04,2A2729F79DFF1C0EE84AACA656BF4C11,59836,58799,2A2729F79DFF1C0EE84AACA656BF4C11
shop_relay_v990_thumnail_05,39BED345199DEC29776F19140F9E1281,51843,50807,39BED345199DEC29776F19140F9E1281
shop_relay_v990_thumnail_06,193372C6C2526FAD02DA61828C58791A,53147,52142,193372C6C2526FAD02DA61828C58791A
shop_relay_worldboss_1,2495E63B3F4732BBB80A6A00B8407EE5,11800,11160,2495E63B3F4732BBB80A6A00B8407EE5
shop_relay_worldboss_1_v470,D5600D210B69796CC886413DE9A8AB43,14292,13596,D5600D210B69796CC886413DE9A8AB43
shop_relay_worldboss_2,237D91386C23D74A32823F972BF55227,17127,16320,237D91386C23D74A32823F972BF55227
shop_relay_worldboss_2_v470,B37E8AD0EB75D2EB6D4BB099DF0D86CD,22014,21239,B37E8AD0EB75D2EB6D4BB099DF0D86CD
shop_relay_worldboss_3,077519D55303155996E91C69C53B73E4,23370,22594,077519D55303155996E91C69C53B73E4
shop_relay_worldboss_3_v470,E43FAAF9393613FE1AEBCF8D389C0BE4,25982,25287,E43FAAF9393613FE1AEBCF8D389C0BE4
shop_relay_worldboss_4,BB2E65660A7F6F73F858470957F44F5E,30508,29598,BB2E65660A7F6F73F858470957F44F5E
shop_relay_worldboss_4_v470,A7C4565141E4D4D3A9A18D9DAEEEDBFA,35430,34602,A7C4565141E4D4D3A9A18D9DAEEEDBFA
shop_relay_worldboss_5,40A4F9F50D5439AA0C338D22610043CB,31809,30833,40A4F9F50D5439AA0C338D22610043CB
shop_relay_worldboss_5_v470,616BE3B7EB3BB38F32FB8FFBBF9415F6,39315,38313,616BE3B7EB3BB38F32FB8FFBBF9415F6
shop_relay_x23_1,7895F47BDC2E5FB56251218E0C70AF3A,22229,21447,7895F47BDC2E5FB56251218E0C70AF3A
shop_relay_x23_2,08B679CE5002BD29023522B9CDF0E4D7,26947,26031,08B679CE5002BD29023522B9CDF0E4D7
shop_relay_x23_3,DB2CB4C7572EBE60ECDF2579AA3170B3,32174,31263,DB2CB4C7572EBE60ECDF2579AA3170B3
shop_relay_x23_4,3120160C6EFC35D873344F683A30836F,40000,39034,3120160C6EFC35D873344F683A30836F
shop_relay_x23_5,E3EB8691B7D3E4D9BE8DC975FF16ECA2,43209,42148,E3EB8691B7D3E4D9BE8DC975FF16ECA2
shop_relay_xmen_1,7874283ED656D80217485E9B2591156F,15638,14814,7874283ED656D80217485E9B2591156F
shop_relay_xmen_1_v490,173718FC2CFFA5649CBAD561BB8D5C5A,14585,13826,173718FC2CFFA5649CBAD561BB8D5C5A
shop_relay_xmen_2,B118E9D7B161FC30F300FAA594F3CCA0,20002,19107,B118E9D7B161FC30F300FAA594F3CCA0
shop_relay_xmen_2_v490,E95AD6591A6CC03E5F0BF7BA52A9F4A7,20257,19419,E95AD6591A6CC03E5F0BF7BA52A9F4A7
shop_relay_xmen_3,D31B8C4869DB51C9DE08CA6DC9F8FB81,21693,20939,D31B8C4869DB51C9DE08CA6DC9F8FB81
shop_relay_xmen_3_v490,ABCCD28C43AA14F2D58C72E3FD418222,21705,20963,ABCCD28C43AA14F2D58C72E3FD418222
shop_relay_xmen_4,94411557CA8285917CD16F39DA7154B8,29152,28211,94411557CA8285917CD16F39DA7154B8
shop_relay_xmen_4_v490,50CB673EE1902648F0958FEC10E2D6C1,29160,28228,50CB673EE1902648F0958FEC10E2D6C1
shop_relay_xmen_5,516A01B7EFF8E9CA1377D0ECD1B532B8,34936,33933,516A01B7EFF8E9CA1377D0ECD1B532B8
shop_relay_xmen_5_v490,A2BAD79857BF34B73029C22F50B98748,34940,33977,A2BAD79857BF34B73029C22F50B98748
shop_return_agents_1,8B9319C15FF16A3BDED6BBAFF33A8A1A,35656,34703,8B9319C15FF16A3BDED6BBAFF33A8A1A
shop_return_agents_2,F1256E6CDACA6930B5D0F1BDE331CF1C,40392,39562,F1256E6CDACA6930B5D0F1BDE331CF1C
shop_saving_theme_10,3AE06C2EBE1FE1D4A5AD60E8C272458F,23015,22177,3AE06C2EBE1FE1D4A5AD60E8C272458F
shop_saving_theme_11,5332107F6EC528867678AD104601C5F8,32310,31292,5332107F6EC528867678AD104601C5F8
shop_saving_theme_2,7D0D5043BD4EC829FFB1889573DEB338,35183,33972,7D0D5043BD4EC829FFB1889573DEB338
shop_saving_theme_5,D1A5AF5AFFDC0529A6BDBA452F6D6C50,30820,29290,D1A5AF5AFFDC0529A6BDBA452F6D6C50
shop_saving_theme_6,B3188C59335C1F84CFDD42E2E3F231D6,34733,33818,B3188C59335C1F84CFDD42E2E3F231D6
shop_saving_theme_7,F2E1159DDEFDBFC69B6699514ECF9DB2,26009,24698,F2E1159DDEFDBFC69B6699514ECF9DB2
shop_saving_theme_8,64620524989E5870FE4B714C392B1D09,25923,24790,64620524989E5870FE4B714C392B1D09
shop_saving_theme_9,AADA10F6D93411FA42FAF75DBDE174F7,32759,31286,AADA10F6D93411FA42FAF75DBDE174F7
shop_select_ctp_advanced4,937050729EBB9FDE31BC470F7077C9B3,25529,24771,937050729EBB9FDE31BC470F7077C9B3
shop_select_ctp_advanced4_01,1922F2669F683F5974107ED01810B762,25666,24944,1922F2669F683F5974107ED01810B762
shop_select_ctp_advanced4_02,1D68B45556B6B797F3D77E25BECC652F,26186,25527,1D68B45556B6B797F3D77E25BECC652F
shop_select_ctp_joint,7A7F35B3CF547A2703AF8F6FCD8F45DC,39687,38859,7A7F35B3CF547A2703AF8F6FCD8F45DC
shop_select_emblem,E9570E1D6422C01989D03C7A1762A17F,26447,25585,E9570E1D6422C01989D03C7A1762A17F
shop_select_hero_t3,41AC1B8C81EEF9372C41F0B7E2F24BDF,25884,25072,41AC1B8C81EEF9372C41F0B7E2F24BDF
shop_select_hero_t4,449A6DCE18D7AFA22646F317D1B545E6,25388,24644,449A6DCE18D7AFA22646F317D1B545E6
shop_select_hero_x_6,37DBE5FCE96163953BDE5D1FA3323A98,26304,25562,37DBE5FCE96163953BDE5D1FA3323A98
shop_select_item_odin2,0770472CFD9D7BD045FEA0E24AA63B39,25942,25259,0770472CFD9D7BD045FEA0E24AA63B39
shop_select_item_teambuffitem_premium,9C57F9D25F5296DA64B50752493E2D1B,24338,23444,9C57F9D25F5296DA64B50752493E2D1B
shop_select_premiumcard,B165AE6879FDA1B7FEFABB6D93B04395,24644,23790,B165AE6879FDA1B7FEFABB6D93B04395
shop_select_rune_01,43966A6CEAD18186012936344CA8DE53,51179,49946,43966A6CEAD18186012936344CA8DE53
shop_select_rune_02,E566493B0DA33CD3EBFBDC22D7CB292F,51205,49812,E566493B0DA33CD3EBFBDC22D7CB292F
shop_select_supply_t3,5182FE46EB75E1579D401DF1C2F84465,27067,26201,5182FE46EB75E1579D401DF1C2F84465
shop_select_supply_t4,339CD35C656530A67084412F4C821E1A,28215,27260,339CD35C656530A67084412F4C821E1A
shop_sentience01,4EF39B9F30F5282261DAC25AE3DB3B8F,5129,4774,4EF39B9F30F5282261DAC25AE3DB3B8F
shop_sentience02,71BD3DAF252C5B3909CDAF4B1CEC20FA,5137,4762,71BD3DAF252C5B3909CDAF4B1CEC20FA
shop_sentience03,4E2E8B727582628F555FAD67C19C6342,5129,4772,4E2E8B727582628F555FAD67C19C6342
shop_sentinel_box_1,C10FEB9917AE0003FB6EACA0CCB8882C,32651,31631,C10FEB9917AE0003FB6EACA0CCB8882C
shop_sentinel_box_2,178A70C586913BAB4E06A1851CBCFF84,40620,39541,178A70C586913BAB4E06A1851CBCFF84
shop_specialoffer_booster,CDBE7267A88B44850F80FA033DE37E1C,33435,32461,CDBE7267A88B44850F80FA033DE37E1C
shop_specialoffer_hero,16A9AF64FF1CEFFBC2CDA66FFC8E713E,24379,23617,16A9AF64FF1CEFFBC2CDA66FFC8E713E
shop_special_deeplink,9169A91757C8D5F190DDBFFF4DD9F45A,28270,27337,9169A91757C8D5F190DDBFFF4DD9F45A
shop_special_gear,5FB5662D8C49320CA0BEEF08137EF033,28879,27860,5FB5662D8C49320CA0BEEF08137EF033
shop_special_gear_6,BBFD4734B2F264FD710BF9A6ACA27E16,39385,38082,BBFD4734B2F264FD710BF9A6ACA27E16
shop_special_gear_rank6,2A7AFB1A6941085E295B9640BCA6F18A,35004,33885,2A7AFB1A6941085E295B9640BCA6F18A
shop_special_offer,B278300156F089EA99632314102BE5E8,28930,27702,B278300156F089EA99632314102BE5E8
shop_spidey_surprise,AB8F83F71FA09797E9960B265AF06B7C,32756,31548,AB8F83F71FA09797E9960B265AF06B7C
shop_stark_black_1,38D526716774074048F075BACD0A2822,44316,43160,38D526716774074048F075BACD0A2822
shop_stark_black_2,D8927488B50F3F22A96C9014CC6F85B3,44315,43159,D8927488B50F3F22A96C9014CC6F85B3
shop_stark_black_2023,5700B8BE7E803568C2590590E522E6AA,45466,44282,5700B8BE7E803568C2590590E522E6AA
shop_starter_discount,60BE98660812FEE45AD85E074593E477,30656,29700,60BE98660812FEE45AD85E074593E477
shop_starter_discount2,589E3BBA6DA743D34E876DCC41201214,24893,24146,589E3BBA6DA743D34E876DCC41201214
shop_starter_rank6,E743ECDEC0A00EF0A7253A5268F36BF5,27843,26811,E743ECDEC0A00EF0A7253A5268F36BF5
shop_starter_second,EA733BA9B7150D86470B3974C4A8EDF6,38587,37401,EA733BA9B7150D86470B3974C4A8EDF6
shop_ticket_01,29305A77D6E1782C57E74CEB9620B97C,20598,19730,29305A77D6E1782C57E74CEB9620B97C
shop_ticket_02,4A579BD3754BF58CA45330CDB094B322,29326,28690,4A579BD3754BF58CA45330CDB094B322
shop_ticket_03,76B58B60FC3514638DCBB407D9508340,20393,19591,76B58B60FC3514638DCBB407D9508340
shop_tier3_pack,3CAB3313960E7543E1D4FD850CF897D1,38034,36775,3CAB3313960E7543E1D4FD850CF897D1
shop_tier3_pack_v410,51595D83624D1960746E1593ACF6F7FC,39934,38793,51595D83624D1960746E1593ACF6F7FC
shop_tier3_pack_v450,033DB9D6218807C5F0F7CB3B1DDF0ED4,39994,38788,033DB9D6218807C5F0F7CB3B1DDF0ED4
shop_tier3_special_pack,2B083817490648E8F662D6CF448EBC12,49164,47831,2B083817490648E8F662D6CF448EBC12
shop_tier3_special_pack_v410,3E8B8BE2CD630D9E876F997D3E91E8C6,52061,50888,3E8B8BE2CD630D9E876F997D3E91E8C6
shop_tier3_special_pack_v450,98342C43271110D978DCDAABCFC8BD70,51470,50225,98342C43271110D978DCDAABCFC8BD70
shop_tier4_blast,71F776A4AC53D3C2880C5F670C31FC33,24923,24245,71F776A4AC53D3C2880C5F670C31FC33
shop_tier4_gearkit_01,AFBE497BC094D2194429FF58D143B2FB,35644,34542,AFBE497BC094D2194429FF58D143B2FB
shop_tier4_gearkit_02,EB3F21A0E89AFAC87F9C7376AE85A240,16613,16121,EB3F21A0E89AFAC87F9C7376AE85A240
shop_tier4_gearkit_03,4925724CFD42042BDE45B30258729063,35364,34085,4925724CFD42042BDE45B30258729063
shop_token_prime,0BDD9F64033F22B18F47092A9EA06616,31290,30311,0BDD9F64033F22B18F47092A9EA06616
shop_token_squad_04,2C8DFAE6BF7C27B1884418DFA9B72710,27689,26879,2C8DFAE6BF7C27B1884418DFA9B72710
shop_token_squad_05,442F6FE0285E84B4A806528A7E396A90,29828,28882,442F6FE0285E84B4A806528A7E396A90
shop_token_squad_06,E1147C84C789B1C6720B8545C0CDAD97,27594,26737,E1147C84C789B1C6720B8545C0CDAD97
shop_token_squad_07,E70977ACA056BC254885DC7732F6BEE6,27237,26203,E70977ACA056BC254885DC7732F6BEE6
shop_token_squad_08,B31769252AA70A22F048FE37CBBA7321,26251,25001,B31769252AA70A22F048FE37CBBA7321
shop_token_squad_940_1,BD5AA6F20811FD5CA2275F83BE014D28,25588,24672,BD5AA6F20811FD5CA2275F83BE014D28
shop_token_squad_940_2,762D0F0FC8BD50BA9062275ECADD274B,27290,26377,762D0F0FC8BD50BA9062275ECADD274B
shop_token_squad_940_3,BE4B5DAB119152EEB0DDC38BA3CCAAFA,26088,25034,BE4B5DAB119152EEB0DDC38BA3CCAAFA
shop_token_squad_v940_02,F2DEB824007616AD5C221A257FA2420E,25510,24460,F2DEB824007616AD5C221A257FA2420E
shop_uncanny_supplies,31F232B027B65EAB022C4FC168A9504C,31961,30939,31F232B027B65EAB022C4FC168A9504C
shop_uniform_superdeal,A7868196D5487619397B3A4B20335E2F,42733,41912,A7868196D5487619397B3A4B20335E2F
shop_uni_joint,9BDFFE15E2A386A0E7B54525D86AF9A8,29860,28984,9BDFFE15E2A386A0E7B54525D86AF9A8
shop_wanda_cube,7EBABED6C4E98734E738EB78B1945AA8,31991,30964,7EBABED6C4E98734E738EB78B1945AA8
shop_warrior_sky_1,5D62CBE3D8403305B20FAB9D3B1F27C8,36054,35060,5D62CBE3D8403305B20FAB9D3B1F27C8
shop_warrior_sky_2,C9D86EA5F30F8B71FAFEE1B624726317,45040,43997,C9D86EA5F30F8B71FAFEE1B624726317
shop_warzone_pass_s01,63EEDEC34696C7D51CC54730ED2BFBBD,42668,41703,63EEDEC34696C7D51CC54730ED2BFBBD
shop_web_promotion,10A263CCB4061EDAF15D207528142320,225237,216578,10A263CCB4061EDAF15D207528142320
shop_weekly_ctp,2A61D2FED5FD10B9C792A55E7E66DB62,46796,45517,2A61D2FED5FD10B9C792A55E7E66DB62
shop_weekly_elitegear,68D99A4B2D8972461D504361CF352CD8,51974,50820,68D99A4B2D8972461D504361CF352CD8
shop_weekly_odinuru,9E6E40C7D1617062B54D338DCDB39921,50677,49600,9E6E40C7D1617062B54D338DCDB39921
shop_weekly_supplies,242F9178AA4CD71533BCEE1347AE3134,41973,40874,242F9178AA4CD71533BCEE1347AE3134
shop_weekly_tier4,3B8CC0BADF78559D04FD406B6D81E46A,48423,47254,3B8CC0BADF78559D04FD406B6D81E46A
special_gold_box,AE5808C4E50FA1DA3F3A19C638BD0B39,25760,24959,AE5808C4E50FA1DA3F3A19C638BD0B39
TempEach,6A899C1DBDBC7EE713A270C7269192F6,117995,103779,6A899C1DBDBC7EE713A270C7269192F6
tier3_blast,20AF22864E94B71BAD5A1C89202FC628,39585,38173,20AF22864E94B71BAD5A1C89202FC628
tier3_combat,87674D0AE07B3FB132EFEDFE9DDB28F3,39586,38164,87674D0AE07B3FB132EFEDFE9DDB28F3
tier3_cosmic_shard,833803FC8E5C41E4A90C6E443700034A,31276,30284,833803FC8E5C41E4A90C6E443700034A
tier3_gearkit_01,2C1A9B92ADB3DF48F71208FA6D9F5FE4,22361,21725,2C1A9B92ADB3DF48F71208FA6D9F5FE4
tier3_gearkit_02,396A1419FD428119BBE5EA0BBFA7A4E5,21030,20320,396A1419FD428119BBE5EA0BBFA7A4E5
tier3_speed,16285F98F0BB0302F706337EDBE50B8F,39588,38160,16285F98F0BB0302F706337EDBE50B8F
tier3_universal,BCB7163B340F2956EBE98BDA4B658095,39597,38212,BCB7163B340F2956EBE98BDA4B658095
token_bf2019,1896C3729320A174778F1C4BA50D9BBD,25055,24386,1896C3729320A174778F1C4BA50D9BBD
token_bf_2020,E86CC20467CC84D74F102D7BC7EFDAA8,27944,27069,E86CC20467CC84D74F102D7BC7EFDAA8
token_hero_chest_10,5BC365AE0BA33548655CA5B415F672B0,21170,20219,5BC365AE0BA33548655CA5B415F672B0
token_potential_v630,9A803824C157312EC24F9A9DBA594985,26753,25911,9A803824C157312EC24F9A9DBA594985
token_premium_card,1B26A24BBDF0B51FDE08BE22D24314B5,29734,28758,1B26A24BBDF0B51FDE08BE22D24314B5
uniform_exp_01,73E081043CEA10BD1ED3F0CBCD33A550,16211,15541,73E081043CEA10BD1ED3F0CBCD33A550
uniform_exp_02,906C25753CC61F83677090F934508770,21006,20311,906C25753CC61F83677090F934508770
uniform_exp_03,63696226C8E8FEF04EB3480EE08D9B85,20788,20118,63696226C8E8FEF04EB3480EE08D9B85
uniform_exp_04,1F1438EC1B8B8A6B3A2998078431E9C7,22685,22071,1F1438EC1B8B8A6B3A2998078431E9C7
uniform_exp_05,C7F9089CAD2815750EF5D5437E238C72,22606,22033,C7F9089CAD2815750EF5D5437E238C72
upgrade_enchant_03,6756BBA0469F01C61533806BBFAE3574,29948,28760,6756BBA0469F01C61533806BBFAE3574
upgrade_enchant_06,484F7A450DB53F970B8BC13A57165DB7,29947,28753,484F7A450DB53F970B8BC13A57165DB7
upgrade_enchant_06_advanced,27B1D52CA278A4351549950DD65D030E,29155,28218,27B1D52CA278A4351549950DD65D030E
upgrade_hero_01,3A000A24F9BE366C40791AC57C54818B,27453,26426,3A000A24F9BE366C40791AC57C54818B
upgrade_hero_02,FE1E032E28BE37C8B2907C9B904D6A4C,28179,27199,FE1E032E28BE37C8B2907C9B904D6A4C
upgrade_hero_03,E4347DA93F3E61BE63E78A05126E53D2,28876,27859,E4347DA93F3E61BE63E78A05126E53D2
upgrade_hero_03_advanced,470A701D22272E2C8E872D0D88DC6792,23890,22988,470A701D22272E2C8E872D0D88DC6792
upgrade_hero_04,46EE6EB4FCD85049F1B6EFE5E41E7E55,29534,28469,46EE6EB4FCD85049F1B6EFE5E41E7E55
upgrade_hero_04_advanced,B7C987307C4B415E04AA6D617C6C1D81,24960,24132,B7C987307C4B415E04AA6D617C6C1D81
upgrade_hero_05,F8B6594617CBD88B17A453F965EDD988,30644,29571,F8B6594617CBD88B17A453F965EDD988
upgrade_hero_05_advanced,CE2FA4102848FCA47DF5920650E67BF3,24934,24063,CE2FA4102848FCA47DF5920650E67BF3
upgrade_hero_06_advanced,915FB2625F3BFCDBE8D3C40B6E0384D6,26610,25731,915FB2625F3BFCDBE8D3C40B6E0384D6
upgrade_potential_06,50ED69153C3A6BCB64B46466B8F92157,32043,31118,50ED69153C3A6BCB64B46466B8F92157
upgrade_potential_06_advanced,91ED37B05F2CBCC1FAABE9375F436489,28457,27600,91ED37B05F2CBCC1FAABE9375F436489
upgrade_tier2,A2A09E950B8B15BB97B474EA9B4788E0,29882,28850,A2A09E950B8B15BB97B474EA9B4788E0
upgrade_tier2_advanced,3FC5399BD0BFECA02538D80887673BFE,27267,26340,3FC5399BD0BFECA02538D80887673BFE
upgrade_tier2_pack,FEC30EED163333A21F1D63EFC571B4CA,34401,33260,FEC30EED163333A21F1D63EFC571B4CA
upgrade_tier2_pack2,1CD294D1A27EE1AF2AD9BB16A4722C17,36002,34746,1CD294D1A27EE1AF2AD9BB16A4722C17
upgrade_tier2_pack2_token380,E128D84FF9656018B291824DD2B9572C,41540,40161,E128D84FF9656018B291824DD2B9572C
upgrade_tier2_pack2_v410,942F3DC18846610A127424310150E68D,41370,40093,942F3DC18846610A127424310150E68D
upgrade_tier2_pack2_v450,B38AC28B78B5EC5F093217535CCE7D3F,39197,37905,B38AC28B78B5EC5F093217535CCE7D3F
upgrade_tier2_pack_token380,B4FF57C3284A2A1DA3506A39CF0E2037,39049,37778,B4FF57C3284A2A1DA3506A39CF0E2037
upgrade_tier2_pack_v410,EDD1E75F1857A00BAECE01ADCBA6985A,39128,37952,EDD1E75F1857A00BAECE01ADCBA6985A
upgrade_tier2_pack_v450,D312D12C40F4D5AC7BD8821BD7A5EF59,39156,37935,D312D12C40F4D5AC7BD8821BD7A5EF59
upgrade_tier2_token380,A9A8B8E3D65CD7EF5AA09D08D7C45340,30149,29047,A9A8B8E3D65CD7EF5AA09D08D7C45340
upgrade_tier2_v410,417E408FF0643076E3DE8BF8A659FFAF,30060,29070,417E408FF0643076E3DE8BF8A659FFAF
upgrade_tier3,A0982DB2D68FCFE69A73A2969AF73AE8,29686,28715,A0982DB2D68FCFE69A73A2969AF73AE8
upgrade_tier3_advanced,8C5D0B3339451AC0B9B142536E89879A,26883,26003,8C5D0B3339451AC0B9B142536E89879A
upgrade_tier4,A4E880D746D99826924A78C64F8F878F,29245,28254,A4E880D746D99826924A78C64F8F878F
upgrade_uniform_02,BB9253B0F050ACF9EE93D069AB0975F7,30676,29634,BB9253B0F050ACF9EE93D069AB0975F7
upgrade_uniform_03,2928C23FF15888284A55D27DAB090E5D,30983,29902,2928C23FF15888284A55D27DAB090E5D
upgrade_uniform_03_advanced,814287523F32FE31B21AEFF934F777F6,25732,24922,814287523F32FE31B21AEFF934F777F6
upgrade_uniform_04,F23D6AEF5838053167D1D54E231C6255,31772,30700,F23D6AEF5838053167D1D54E231C6255
upgrade_uniform_04_advanced,1258387F3DE7983F83EFB2370EEE5A7D,26613,25811,1258387F3DE7983F83EFB2370EEE5A7D
upgrade_uniform_05,181D9F72CBC1D799863325FB26531839,32113,31047,181D9F72CBC1D799863325FB26531839
upgrade_uniform_05_advanced,2181941B34009715A29180AB9BD820EA,26974,26126,2181941B34009715A29180AB9BD820EA
upgrade_uniform_06,398496F97AF9B9A35B638BA4E0947771,32175,31088,398496F97AF9B9A35B638BA4E0947771
upgrade_uniform_06_advanced,69775410E1EC1BDE01605EFEBE305BFB,26939,26158,69775410E1EC1BDE01605EFEBE305BFB
xiaomi_pack_00001,130ADD63F369B33569299D44538B0087,37557,36471,130ADD63F369B33569299D44538B0087
xiaomi_pack_00002,D53287A764D13DDC2D42AAB5F9397A89,37734,36584,D53287A764D13DDC2D42AAB5F9397A89
xiaomi_pack_00003,4EB1D673B29FB6562F3C8BA561F152BA,39059,37977,4EB1D673B29FB6562F3C8BA561F152BA
xiaomi_pack_00004,835C08A045DD94F6FAA2142C0DBFA38D,39132,38002,835C08A045DD94F6FAA2142C0DBFA38D
xiaomi_pack_00005,08AFE798B9289CEEED20BD4AF4C12F5A,39366,38162,08AFE798B9289CEEED20BD4AF4C12F5A
xiaomi_pack_00006,6A575CA805C955CEA36E3F8A5E37A346,42111,40916,6A575CA805C955CEA36E3F8A5E37A346
xiaomi_pack_00007,5796A4228A62A52F2AD8EF5B9EA073AA,42079,40891,5796A4228A62A52F2AD8EF5B9EA073AA
""
