STAGE_ID,TARGET_TYPE,TARGET_HIT_TYPE,AUTO_ABILITY_ID,AUTO_ABILITY_PARAM,AUTO_ABILITY_RATE,ABILITY_GROUP_ID,RAID_ABILITY_GROUP_ID,TYPE
60105,0,0,0,0,0,40000,0,1
60205,0,0,0,0,0,40001,0,1
60305,0,0,0,0,0,40002,0,1
60405,0,0,0,0,0,40003,0,1
60505,0,0,0,0,0,40004,0,1
60605,0,0,0,0,0,40005,0,1
60705,0,0,0,0,0,40006,0,1
60805,0,0,0,0,0,40007,0,1
60905,0,0,0,0,0,40008,0,1
60109,0,1,4,0,10000,40009,0,1
60209,0,1,4,0,10000,40010,0,1
60309,0,1,4,0,10000,40011,0,1
60409,0,1,4,0,10000,40012,0,1
60509,0,1,4,0,10000,40013,0,1
60609,0,1,4,0,10000,40014,0,1
60709,0,1,4,0,10000,40015,0,1
60809,0,1,4,0,10000,40016,0,1
60909,0,1,4,0,10000,40017,0,1
60103,0,1,4,0,10000,40018,0,1
60203,0,1,4,0,10000,40019,0,1
60303,0,1,4,0,10000,40020,0,1
60403,0,1,4,0,10000,40021,0,1
60503,0,1,4,0,10000,40022,0,1
60603,0,1,4,0,10000,40023,0,1
60703,0,1,4,0,10000,40024,0,1
60803,0,1,4,0,10000,40025,0,1
60903,0,1,4,0,10000,40026,0,1
70101,0,1,4,0,3000,40027,0,1
70102,0,1,4,0,5000,40028,0,1
70103,0,1,4,0,5000,40029,0,1
70104,0,1,4,0,5000,40030,0,1
70105,0,1,4,0,7500,40031,0,1
70201,0,0,4,0,1500,40032,0,1
70202,0,0,4,0,1500,40033,0,1
70203,0,0,4,0,2000,40034,0,1
70204,0,0,4,0,2000,40035,0,1
70205,0,0,4,0,2000,40036,0,1
70301,1,0,0,0,0,40037,0,1
70302,1,0,0,0,0,40038,0,1
70303,1,0,0,0,0,40039,0,1
70304,1,0,0,0,0,40040,0,1
70305,1,0,0,0,0,40041,0,1
70401,0,0,4,0,5000,40042,0,1
70402,0,0,4,0,5000,40043,0,1
70403,0,0,4,0,5000,40044,0,1
70404,0,0,4,0,5000,40045,0,1
70405,0,0,4,0,5000,40046,0,1
70501,0,1,4,0,500,40047,0,1
70502,0,1,4,0,500,40048,0,1
70503,0,1,4,0,500,40049,0,1
70504,0,1,4,0,500,40050,0,1
70505,0,1,4,0,500,40051,0,1
70601,0,0,0,0,10000,40052,0,1
70602,0,0,0,0,10000,40053,0,1
70603,0,0,0,0,10000,40054,0,1
70604,0,0,0,0,10000,40055,0,1
70605,0,0,0,0,10000,40056,0,1
70701,0,0,11,0,5000,40057,0,1
70702,0,0,11,0,5000,40058,0,1
70703,0,0,11,0,5000,40059,0,1
70704,0,0,11,0,5000,40060,0,1
70705,0,0,11,0,5000,40061,0,1
70801,0,1,4,0,2000,40062,0,1
70802,0,1,4,0,3000,40063,0,1
70803,0,1,4,0,4000,40064,0,1
70804,0,1,4,0,5000,40065,0,1
70805,0,1,4,0,5000,40066,0,1
70901,1,0,0,0,0,40067,0,1
70902,1,0,0,0,0,40068,0,1
70903,1,0,0,0,0,40069,0,1
70904,1,0,0,0,0,40070,0,1
70905,1,0,0,0,0,40071,0,1
71001,0,0,0,0,0,40072,0,1
71002,0,0,0,0,0,40073,0,1
71003,0,0,0,0,0,40074,0,1
71004,0,0,0,0,0,40075,0,1
71005,0,0,0,0,0,40076,0,1
71101,0,0,0,0,0,40077,0,1
71102,0,0,0,0,0,40078,0,1
71103,0,0,0,0,0,40079,0,1
71104,0,0,0,0,0,40080,0,1
71105,0,0,0,0,0,40081,0,1
71201,0,1,4,0,500,40082,0,1
71202,0,1,4,0,500,40083,0,1
71203,0,1,4,0,500,40084,0,1
71204,0,1,4,0,500,40085,0,1
71205,0,1,4,0,500,40086,0,1
101,2,0,0,0,0,40087,0,1
102,2,0,0,0,0,40088,0,1
201,2,0,0,0,0,40089,0,1
150101,0,0,0,0,0,40090,0,1
150201,0,0,0,0,0,40091,0,1
190101,0,0,0,0,0,40092,0,1
190101,1,0,0,0,0,40093,0,1
190102,0,0,0,0,0,40094,0,1
190102,0,0,0,0,0,40095,0,1
190103,0,0,0,0,0,40096,0,1
190103,0,0,0,0,0,40097,0,1
190103,0,0,0,0,0,40098,0,1
190104,0,0,0,0,0,40099,0,1
190104,0,0,0,0,0,40100,0,1
190105,1,0,0,0,0,40101,0,1
190105,0,0,0,0,0,40102,0,1
190106,0,0,0,0,0,40103,0,1
190106,0,0,0,0,0,40104,0,1
190106,0,0,0,0,0,40105,0,1
190107,0,0,0,0,0,40106,0,1
190107,0,0,0,0,0,40107,0,1
190107,0,0,0,0,0,40108,0,1
190107,0,0,0,0,0,40109,0,1
190107,0,0,0,0,0,40110,0,1
200101,2,0,0,0,0,40111,0,1
71106,0,0,0,0,0,40112,0,1
190150,0,0,0,0,0,40113,0,1
190150,0,0,0,0,0,40114,0,1
190150,0,0,0,0,0,40115,0,1
190151,0,0,0,0,0,40116,0,1
190151,0,0,0,0,0,40117,0,1
190201,0,0,0,0,0,40118,0,1
190201,1,0,0,0,0,40119,0,1
190202,0,0,0,0,0,40120,0,1
190202,0,0,0,0,0,40121,0,1
190203,0,0,0,0,0,40122,0,1
190203,0,0,0,0,0,40123,0,1
190204,0,0,0,0,0,40124,0,1
190204,0,0,0,0,0,40125,0,1
190204,0,0,0,0,0,40126,0,1
197001,0,0,0,0,0,40127,0,1
197001,1,0,0,0,0,40128,0,1
197002,0,0,0,0,0,40129,0,1
197002,0,0,0,0,0,40130,0,1
197003,0,0,0,0,0,40131,0,1
197003,0,0,0,0,0,40132,0,1
197003,0,0,0,0,0,40133,0,1
197004,0,0,0,0,0,40134,0,1
197004,0,0,0,0,0,40135,0,1
197005,1,0,0,0,0,40136,0,1
197005,0,0,0,0,0,40137,0,1
360101,1,0,33,0,0,40138,0,1
360201,1,0,33,0,0,40139,0,1
360202,1,0,33,0,0,40140,0,1
197007,0,0,0,0,0,40141,0,1
197007,0,0,0,0,0,40142,0,1
197007,0,0,0,0,0,40143,0,1
197007,0,0,0,0,0,40144,0,1
197007,0,0,0,0,0,40145,0,1
197101,0,0,0,0,0,40146,0,1
197101,1,0,0,0,0,40147,0,1
197102,0,0,0,0,0,40148,0,1
197102,0,0,0,0,0,40149,0,1
197103,0,0,0,0,0,40150,0,1
197103,0,0,0,0,0,40151,0,1
197104,0,0,0,0,0,40152,0,1
197104,0,0,0,0,0,40153,0,1
197104,0,0,0,0,0,40154,0,1
360501,1,0,4,0,500,40155,0,1
360501,1,0,4,0,1000,40156,0,1
360701,1,0,0,0,0,40157,0,1
360801,1,0,0,0,0,40158,0,1
400201,0,1,4,0,5000,40159,0,1
400202,0,1,4,0,3000,40160,0,1
400203,0,0,5,0,1000,40161,0,1
400204,0,1,4,0,5000,40162,0,1
400301,1,0,33,0,0,40163,0,1
400301,0,0,5,0,1000,40164,0,1
400302,1,0,33,0,0,40165,0,1
400302,0,0,5,0,1000,40166,0,1
400303,1,0,33,0,0,40167,0,1
400303,0,0,5,0,1000,40168,0,1
400304,1,0,33,0,0,40169,0,1
400304,0,1,4,0,5000,40170,0,1
400401,0,0,5,0,1000,40171,0,1
400403,0,0,5,0,1000,40172,0,1
400404,0,0,5,0,1000,40173,0,1
360902,1,0,33,0,0,40174,0,1
361002,1,0,33,0,0,40174,0,1
360901,1,0,33,0,0,40175,0,1
360903,1,0,33,0,0,40176,0,1
440101,1,0,33,0,0,40177,0,1
440102,1,0,33,0,0,40178,0,1
440103,1,0,33,0,0,40179,0,1
80101,1,0,33,0,0,40180,0,1
361501,1,0,33,0,0,40174,0,1
361601,1,0,33,0,0,40174,0,1
500101,0,0,0,0,0,40181,0,3
500101,0,0,0,0,0,40182,0,4
500101,1,0,0,0,0,40183,0,5
500102,0,0,0,0,0,40184,0,3
500102,0,0,0,0,0,40185,0,4
500102,1,0,0,0,0,40186,0,5
500103,0,0,0,0,0,40187,0,3
500103,0,0,0,0,0,40188,0,4
500103,1,0,0,0,0,40189,0,5
500201,0,0,0,0,0,40190,0,3
500201,0,0,0,0,0,40191,0,4
500201,1,0,0,0,0,40192,0,5
500202,0,0,0,0,0,40193,0,3
500202,0,0,0,0,0,40194,0,4
500202,1,0,0,0,0,40195,0,5
500203,0,0,0,0,0,40196,0,3
500203,0,0,0,0,0,40197,0,4
500203,1,0,0,0,0,40198,0,5
500301,0,0,0,0,0,40199,0,3
500301,0,0,0,0,0,40200,0,4
500301,1,0,0,0,0,40201,0,5
500302,0,0,0,0,0,40202,0,3
500302,0,0,0,0,0,40203,0,4
500302,1,0,0,0,0,40204,0,5
500303,0,0,0,0,0,40205,0,3
500303,0,0,0,0,0,40206,0,4
500303,1,0,0,0,0,40207,0,5
500401,0,0,0,0,0,40208,0,3
500401,0,0,0,0,0,40209,0,4
500401,1,0,5,0,2000,40210,0,5
500402,0,0,0,0,0,40211,0,3
500402,0,0,0,0,0,40212,0,4
500402,1,0,5,0,2000,40213,0,5
500501,0,0,0,0,0,40214,0,3
500501,0,0,0,0,0,40215,0,4
500501,1,0,5,0,2000,40216,0,5
500601,0,0,0,0,0,40217,0,3
500601,0,0,0,0,0,40218,0,4
500601,1,0,5,0,2000,40219,0,5
500602,0,0,0,0,0,40220,0,3
500602,0,0,0,0,0,40221,0,4
500602,1,0,5,0,2000,40222,0,5
500701,0,0,0,0,0,40223,0,3
500701,0,0,0,0,0,40224,0,4
500701,1,0,5,0,2000,40225,0,5
500702,0,0,0,0,0,40226,0,3
500702,0,0,0,0,0,40227,0,4
500702,1,0,5,0,2000,40228,0,5
500703,0,0,0,0,0,40229,0,3
500703,0,0,0,0,0,40230,0,4
500703,1,0,5,0,2000,40231,0,5
500801,0,0,0,0,0,40232,0,3
500801,0,0,0,0,0,40233,0,4
500801,1,0,0,0,0,40234,0,5
500802,0,0,0,0,0,40235,0,3
500802,0,0,0,0,0,40236,0,4
500802,1,0,0,0,0,40237,0,5
500803,0,0,0,0,0,40238,0,3
500803,0,0,0,0,0,40239,0,4
500803,1,0,0,0,0,40240,0,5
500901,0,0,0,0,0,40241,0,3
500901,0,0,0,0,0,40242,0,4
500901,1,0,5,0,2000,40243,0,5
500902,0,0,0,0,0,40244,0,3
500902,0,0,0,0,0,40245,0,4
500902,1,0,5,0,2000,40246,0,5
501001,0,0,0,0,0,40247,0,3
501001,0,0,0,0,0,40248,0,4
501001,1,0,5,0,2000,40249,0,5
501002,0,0,0,0,0,40250,0,3
501002,0,0,0,0,0,40251,0,4
501002,1,0,5,0,2000,40252,0,5
501101,0,0,0,0,0,40253,0,3
501101,0,0,0,0,0,40254,0,4
501101,1,0,5,0,1000,40255,0,5
501102,0,0,0,0,0,40256,0,3
501102,0,0,0,0,0,40257,0,4
501102,1,0,5,0,1000,40258,0,5
501201,0,0,0,0,0,40259,0,3
501201,0,0,0,0,0,40260,0,4
501201,1,0,5,0,1000,40261,0,5
501202,0,0,0,0,0,40262,0,3
501202,0,0,0,0,0,40263,0,4
501202,1,0,5,0,1000,40264,0,5
501301,0,0,0,0,0,40265,0,3
501301,0,0,0,0,0,40266,0,4
501301,1,0,0,0,0,40267,0,5
501302,0,0,0,0,0,40268,0,3
501302,0,0,0,0,0,40269,0,4
501302,1,0,0,0,0,40270,0,5
501303,0,0,0,0,0,40271,0,3
501303,0,0,0,0,0,40272,0,4
501303,1,0,0,0,0,40273,0,5
60109,0,0,0,0,0,40274,0,1
60209,0,0,0,0,0,40275,0,1
60309,0,0,0,0,0,40276,0,1
60409,0,0,0,0,0,40277,0,1
60509,0,0,0,0,0,40278,0,1
60609,0,0,0,0,0,40279,0,1
60709,0,0,0,0,0,40280,0,1
60809,0,0,0,0,0,40281,0,1
60909,0,0,0,0,0,40282,0,1
610101,3,0,18,0,1,40293,0,1
610101,3,0,18,0,1,40294,0,1
610101,3,0,18,0,1,40295,0,1
610102,3,0,18,0,1,40293,0,1
610102,3,0,18,0,1,40294,0,1
610102,3,0,18,0,1,40295,0,1
610103,3,0,18,0,1,40293,0,1
610103,3,0,18,0,1,40294,0,1
610103,3,0,18,0,1,40295,0,1
610104,3,0,18,0,1,40293,0,1
610104,3,0,18,0,1,40294,0,1
610104,3,0,18,0,1,40295,0,1
610105,3,0,18,0,1,40293,0,1
610105,3,0,18,0,1,40294,0,1
610105,3,0,18,0,1,40295,0,1
610106,3,0,18,0,1,40293,0,1
610106,3,0,18,0,1,40294,0,1
610106,3,0,18,0,1,40295,0,1
610201,3,0,18,0,1,40296,0,1
610201,3,0,18,0,1,40297,0,1
610201,3,0,18,0,1,40298,0,1
610202,3,0,18,0,1,40296,0,1
610202,3,0,18,0,1,40297,0,1
610202,3,0,18,0,1,40298,0,1
610203,3,0,18,0,1,40296,0,1
610203,3,0,18,0,1,40297,0,1
610203,3,0,18,0,1,40298,0,1
610204,3,0,18,0,1,40296,0,1
610204,3,0,18,0,1,40297,0,1
610204,3,0,18,0,1,40298,0,1
610205,3,0,18,0,1,40296,0,1
610205,3,0,18,0,1,40297,0,1
610205,3,0,18,0,1,40298,0,1
610206,3,0,18,0,1,40296,0,1
610206,3,0,18,0,1,40297,0,1
610206,3,0,18,0,1,40298,0,1
610301,3,0,18,0,1,40299,0,1
610301,3,0,18,0,1,40300,0,1
610301,3,0,18,0,1,40301,0,1
610302,3,0,18,0,1,40299,0,1
610302,3,0,18,0,1,40300,0,1
610302,3,0,18,0,1,40301,0,1
610303,3,0,18,0,1,40299,0,1
610303,3,0,18,0,1,40300,0,1
610303,3,0,18,0,1,40301,0,1
610304,3,0,18,0,1,40299,0,1
610304,3,0,18,0,1,40300,0,1
610304,3,0,18,0,1,40301,0,1
610305,3,0,18,0,1,40299,0,1
610305,3,0,18,0,1,40300,0,1
610305,3,0,18,0,1,40301,0,1
610306,3,0,18,0,1,40299,0,1
610306,3,0,18,0,1,40300,0,1
610306,3,0,18,0,1,40301,0,1
610401,3,0,18,0,1,40302,0,1
610401,3,0,18,0,1,40303,0,1
610401,3,0,18,0,1,40304,0,1
610402,3,0,18,0,1,40302,0,1
610402,3,0,18,0,1,40303,0,1
610402,3,0,18,0,1,40304,0,1
610403,3,0,18,0,1,40302,0,1
610403,3,0,18,0,1,40303,0,1
610403,3,0,18,0,1,40304,0,1
610404,3,0,18,0,1,40302,0,1
610404,3,0,18,0,1,40303,0,1
610404,3,0,18,0,1,40304,0,1
610405,3,0,18,0,1,40302,0,1
610405,3,0,18,0,1,40303,0,1
610405,3,0,18,0,1,40304,0,1
610406,3,0,18,0,1,40302,0,1
610406,3,0,18,0,1,40303,0,1
610406,3,0,18,0,1,40304,0,1
610501,3,0,18,0,1,40305,0,1
610501,3,0,18,0,1,40306,0,1
610501,3,0,18,0,1,40307,0,1
610502,3,0,18,0,1,40305,0,1
610502,3,0,18,0,1,40306,0,1
610502,3,0,18,0,1,40307,0,1
610503,3,0,18,0,1,40305,0,1
610503,3,0,18,0,1,40306,0,1
610503,3,0,18,0,1,40307,0,1
610504,3,0,18,0,1,40305,0,1
610504,3,0,18,0,1,40306,0,1
610504,3,0,18,0,1,40307,0,1
610505,3,0,18,0,1,40305,0,1
610505,3,0,18,0,1,40306,0,1
610505,3,0,18,0,1,40307,0,1
610506,3,0,18,0,1,40305,0,1
610506,3,0,18,0,1,40306,0,1
610506,3,0,18,0,1,40307,0,1
610601,3,0,18,0,1,40308,0,1
610601,3,0,18,0,1,40309,0,1
610601,3,0,18,0,1,40310,0,1
610602,3,0,18,0,1,40308,0,1
610602,3,0,18,0,1,40309,0,1
610602,3,0,18,0,1,40310,0,1
610603,3,0,18,0,1,40308,0,1
610603,3,0,18,0,1,40309,0,1
610603,3,0,18,0,1,40310,0,1
610604,3,0,18,0,1,40308,0,1
610604,3,0,18,0,1,40309,0,1
610604,3,0,18,0,1,40310,0,1
610605,3,0,18,0,1,40308,0,1
610605,3,0,18,0,1,40309,0,1
610605,3,0,18,0,1,40310,0,1
610606,3,0,18,0,1,40308,0,1
610606,3,0,18,0,1,40309,0,1
610606,3,0,18,0,1,40310,0,1
610701,3,0,18,0,1,40311,0,1
610701,3,0,18,0,1,40312,0,1
610701,3,0,18,0,1,40313,0,1
610702,3,0,18,0,1,40311,0,1
610702,3,0,18,0,1,40312,0,1
610702,3,0,18,0,1,40313,0,1
610703,3,0,18,0,1,40311,0,1
610703,3,0,18,0,1,40312,0,1
610703,3,0,18,0,1,40313,0,1
610704,3,0,18,0,1,40311,0,1
610704,3,0,18,0,1,40312,0,1
610704,3,0,18,0,1,40313,0,1
610705,3,0,18,0,1,40311,0,1
610705,3,0,18,0,1,40312,0,1
610705,3,0,18,0,1,40313,0,1
610706,3,0,18,0,1,40311,0,1
610706,3,0,18,0,1,40312,0,1
610706,3,0,18,0,1,40313,0,1
361903,1,0,33,0,0,40174,0,1
362003,1,0,33,0,0,40174,0,1
152101,1,0,33,0,0,40314,0,1
152201,1,0,33,0,0,40315,0,1
152301,1,0,33,0,0,40316,0,1
152401,1,0,33,0,0,40317,0,1
152501,1,0,33,0,0,40318,0,1
152601,1,0,33,0,0,40319,0,1
152701,1,0,33,0,0,40320,0,1
153101,1,0,33,0,0,40321,0,1
153201,1,0,33,0,0,40322,0,1
153301,1,0,33,0,0,40323,0,1
153401,1,0,33,0,0,40324,0,1
153501,1,0,33,0,0,40325,0,1
153601,1,0,33,0,0,40326,0,1
153701,1,0,33,0,0,40327,0,1
154101,1,0,33,0,0,40328,0,1
154201,1,0,33,0,0,40329,0,1
154301,1,0,33,0,0,40330,0,1
154401,1,0,33,0,0,40331,0,1
154501,1,0,33,0,0,40332,0,1
154601,1,0,33,0,0,40333,0,1
154701,1,0,33,0,0,40334,0,1
155101,1,0,33,0,0,40335,0,1
155201,1,0,33,0,0,40336,0,1
155301,1,0,33,0,0,40337,0,1
155401,1,0,33,0,0,40338,0,1
155501,1,0,33,0,0,40339,0,1
155601,1,0,33,0,0,40340,0,1
155701,1,0,33,0,0,40341,0,1
156101,1,0,33,0,0,40342,0,1
156201,1,0,33,0,0,40343,0,1
156301,1,0,33,0,0,40344,0,1
156401,1,0,33,0,0,40345,0,1
156501,1,0,33,0,0,40346,0,1
156601,1,0,33,0,0,40347,0,1
156701,1,0,33,0,0,40348,0,1
157101,1,0,33,0,0,40349,0,1
157201,1,0,33,0,0,40350,0,1
157301,1,0,33,0,0,40351,0,1
157401,1,0,33,0,0,40352,0,1
157501,1,0,33,0,0,40353,0,1
157601,1,0,33,0,0,40354,0,1
157701,1,0,33,0,0,40355,0,1
362103,2,0,33,0,0,40356,0,1
362203,2,0,33,0,0,40357,0,1
630101,2,0,49,175,10000,40358,0,1
630101,2,0,49,175,10000,40359,0,1
630101,2,0,49,175,10000,40360,0,1
630201,2,0,49,175,10000,40361,0,1
630201,2,0,49,175,10000,40362,0,1
630201,2,0,49,175,10000,40363,0,1
630301,2,0,49,175,10000,40364,0,1
630301,2,0,49,175,10000,40365,0,1
630301,2,0,49,175,10000,40366,0,1
630401,2,0,49,175,10000,40367,0,1
630401,2,0,49,175,10000,40368,0,1
630401,2,0,49,175,10000,40369,0,1
630501,2,0,49,175,10000,40370,0,1
630501,2,0,49,175,10000,40371,0,1
630501,2,0,49,175,10000,40372,0,1
630601,2,0,49,175,10000,40373,0,1
630601,2,0,49,175,10000,40374,0,1
630601,2,0,49,175,10000,40375,0,1
630701,2,0,49,175,10000,40376,0,1
630701,2,0,49,175,10000,40377,0,1
630701,2,0,49,175,10000,40378,0,1
650201,1,0,33,0,0,40379,0,1
650202,1,0,33,0,0,40380,0,1
650301,1,0,33,0,0,40381,0,1
650302,1,0,33,0,0,40382,0,1
650401,1,0,33,0,0,40383,0,1
650402,1,0,33,0,0,40384,0,1
650501,1,0,33,0,0,40385,0,1
650502,1,0,33,0,0,40386,0,1
650601,1,0,33,0,0,40387,0,1
650602,1,0,33,0,0,40388,0,1
660101,1,0,33,0,0,40389,0,1
660102,1,0,33,0,0,40390,0,1
660103,1,0,33,0,0,40391,0,1
660104,1,0,33,0,0,40392,0,1
660105,1,0,33,0,0,40393,0,1
670201,1,0,33,0,0,40394,0,1
670301,1,0,33,0,0,40395,0,1
670302,1,0,33,0,0,40396,0,1
670401,1,0,33,0,0,40397,0,1
670501,1,0,33,0,0,40398,0,1
670601,1,0,33,0,0,40399,0,1
680101,1,0,33,0,0,40400,0,1
680102,1,0,33,0,0,40401,0,1
680103,1,0,33,0,0,40402,0,1
680104,1,0,33,0,0,40403,0,1
680105,1,0,33,0,0,40404,0,1
6901001,0,0,33,0,0,40405,0,1
6901001,0,0,33,0,0,40406,0,1
6901001,0,0,33,0,0,40407,0,1
6901001,0,1,4,0,3000,40408,0,1
6901001,0,0,5,0,1000,40409,0,1
6901001,0,0,5,0,500,40410,0,1
710101,1,0,33,0,0,40411,0,1
720101,2,0,49,20,10000,40412,0,1
720101,2,0,49,30,10000,40413,0,1
720101,2,0,49,30,10000,40414,0,1
720101,2,0,49,20,10000,40415,0,1
500501,0,0,0,0,0,40416,0,4
500601,0,0,0,0,0,40417,0,4
500602,0,0,0,0,0,40418,0,4
730101,2,0,49,45,10000,40419,0,1
730101,2,0,49,45,10000,40420,0,1
730101,2,0,49,60,10000,40421,0,1
730101,2,0,49,60,10000,40422,0,1
3321001,1,0,18,0,10000,40501,0,1
3321002,1,0,18,0,10000,40502,0,1
3321003,1,0,18,0,10000,40503,0,1
3321004,1,0,18,0,10000,40504,0,1
3321005,1,0,18,0,10000,40505,0,1
3321006,1,0,18,0,10000,40506,0,1
3321007,1,0,18,0,10000,40507,0,1
3321008,1,0,18,0,10000,40508,0,1
3321009,1,0,18,0,10000,40509,0,1
3321010,1,0,18,0,10000,40510,0,1
3321011,1,0,18,0,10000,40511,0,1
3321012,1,0,18,0,10000,40512,0,1
3321013,1,0,18,0,10000,40513,0,1
3321014,1,0,18,0,10000,40514,0,1
3321015,1,0,18,0,10000,40515,0,1
3321016,1,0,18,0,10000,40516,0,1
3321017,1,0,18,0,10000,40517,0,1
3321018,1,0,18,0,10000,40518,0,1
3321019,1,0,18,0,10000,40519,0,1
3321020,1,0,18,0,10000,40520,0,1
3321021,1,0,18,0,10000,40521,0,1
3321022,1,0,18,0,10000,40522,0,1
3321023,1,0,18,0,10000,40523,0,1
3321024,1,0,18,0,10000,40524,0,1
3321025,1,0,18,0,10000,40525,0,1
3321026,1,0,18,0,10000,40526,0,1
3321027,1,0,18,0,10000,40527,0,1
3321028,1,0,18,0,10000,40528,0,1
3321029,1,0,18,0,10000,40529,0,1
3321030,1,0,18,0,10000,40530,0,1
3321031,1,0,18,0,10000,40531,0,1
3321032,1,0,18,0,10000,40532,0,1
3321033,1,0,18,0,10000,40533,0,1
3321034,1,0,18,0,10000,40534,0,1
3321035,1,0,18,0,10000,40535,0,1
3321036,1,0,18,0,10000,40536,0,1
3321037,1,0,18,0,10000,40537,0,1
3321038,1,0,18,0,10000,40538,0,1
3321039,1,0,18,0,10000,40539,0,1
3321040,1,0,18,0,10000,40540,0,1
3321041,1,0,18,0,10000,40541,0,1
3321042,1,0,18,0,10000,40542,0,1
3321043,1,0,18,0,10000,40543,0,1
3321044,1,0,18,0,10000,40544,0,1
3321045,1,0,18,0,10000,40545,0,1
3321046,1,0,18,0,10000,40546,0,1
3321047,1,0,18,0,10000,40547,0,1
3321048,1,0,18,0,10000,40548,0,1
3321049,1,0,18,0,10000,40549,0,1
3321050,1,0,18,0,10000,40550,0,1
3321051,1,0,18,0,10000,40551,0,1
3321052,1,0,18,0,10000,40552,0,1
3321053,1,0,18,0,10000,40553,0,1
3321054,1,0,18,0,10000,40554,0,1
3321055,1,0,18,0,10000,40555,0,1
3321056,1,0,18,0,10000,40556,0,1
3321057,1,0,18,0,10000,40557,0,1
3321058,1,0,18,0,10000,40558,0,1
3321059,1,0,18,0,10000,40559,0,1
3321060,1,0,18,0,10000,40560,0,1
3321061,1,0,18,0,10000,40561,0,1
3321062,1,0,18,0,10000,40562,0,1
3321063,1,0,18,0,10000,40563,0,1
3321064,1,0,18,0,10000,40564,0,1
3321065,1,0,18,0,10000,40565,0,1
3321066,1,0,18,0,10000,40566,0,1
3321067,1,0,18,0,10000,40567,0,1
3321068,1,0,18,0,10000,40568,0,1
3321069,1,0,18,0,10000,40569,0,1
3321070,1,0,18,0,10000,40570,0,1
3321071,1,0,18,0,10000,40571,0,1
3321072,1,0,18,0,10000,40572,0,1
3321073,1,0,18,0,10000,40573,0,1
3321074,1,0,18,0,10000,40574,0,1
3321075,1,0,18,0,10000,40575,0,1
3321076,1,0,18,0,10000,40576,0,1
3321077,1,0,18,0,10000,40577,0,1
3321078,1,0,18,0,10000,40578,0,1
3321079,1,0,18,0,10000,40579,0,1
3321080,1,0,18,0,10000,40580,0,1
3321081,1,0,18,0,10000,40581,0,1
3321082,1,0,18,0,10000,40582,0,1
3321083,1,0,18,0,10000,40583,0,1
3321084,1,0,18,0,10000,40584,0,1
3321085,1,0,18,0,10000,40585,0,1
3321086,1,0,18,0,10000,40586,0,1
3321087,1,0,18,0,10000,40587,0,1
3321088,1,0,18,0,10000,40588,0,1
3321089,1,0,18,0,10000,40589,0,1
3321090,1,0,18,0,10000,40590,0,1
3321091,1,0,18,0,10000,40591,0,1
3321092,1,0,18,0,10000,40592,0,1
3321093,1,0,18,0,10000,40593,0,1
3321094,1,0,18,0,10000,40594,0,1
3321095,1,0,18,0,10000,40595,0,1
3321096,1,0,18,0,10000,40596,0,1
3321097,1,0,18,0,10000,40597,0,1
3321098,1,0,18,0,10000,40598,0,1
3321099,1,0,18,0,10000,40599,0,1
230101,0,0,0,0,0,42001,0,1
230101,0,0,0,0,0,42002,0,1
230101,0,0,0,0,0,42003,0,1
230102,0,0,0,0,0,42007,0,1
230102,0,0,0,0,0,42008,0,1
230102,0,0,0,0,0,42009,0,1
230103,0,0,0,0,0,42004,0,1
230103,0,0,0,0,0,42005,0,1
230103,0,0,0,0,0,42006,0,1
260229,0,0,0,0,0,42001,0,1
260229,0,0,0,0,0,42002,0,1
260229,0,0,0,0,0,42003,0,1
260230,0,0,0,0,0,42007,0,1
260230,0,0,0,0,0,42008,0,1
260230,0,0,0,0,0,42009,0,1
260231,0,0,0,0,0,42004,0,1
260231,0,0,0,0,0,42005,0,1
260231,0,0,0,0,0,42006,0,1
260232,0,0,0,0,0,42001,0,1
260232,0,0,0,0,0,42002,0,1
260232,0,0,0,0,0,42003,0,1
260233,0,0,0,0,0,42017,0,1
260233,0,0,0,0,0,42018,0,1
230301,0,0,0,0,0,42001,0,1
230301,0,0,0,0,0,42002,0,1
230301,0,0,0,0,0,42003,0,1
230302,0,0,0,0,0,42007,0,1
230302,0,0,0,0,0,42008,0,1
230302,0,0,0,0,0,42009,0,1
230303,0,0,0,0,0,42004,0,1
230303,0,0,0,0,0,42005,0,1
230303,0,0,0,0,0,42006,0,1
230304,0,0,0,0,0,42010,0,1
230304,0,0,0,0,0,42011,0,1
230304,0,0,0,0,0,42012,0,1
230305,0,0,0,0,0,42015,0,1
230305,0,0,0,0,0,42016,0,1
230306,0,0,0,0,0,42013,0,1
230306,0,0,0,0,0,42014,0,1
230306,0,0,0,0,0,42017,0,1
230306,0,0,0,0,0,42018,0,1
240413,0,0,0,0,0,42019,0,1
240413,0,0,0,0,0,42020,0,1
240414,0,0,0,0,0,42019,0,1
240414,0,0,0,0,0,42020,0,1
240415,0,0,0,0,0,42019,0,1
240415,0,0,0,0,0,42020,0,1
240417,0,0,0,0,0,42017,0,1
240417,0,0,0,0,0,42018,0,1
260532,0,0,0,0,0,42001,0,1
260532,0,0,0,0,0,42002,0,1
260532,0,0,0,0,0,42003,0,1
260533,0,0,0,0,0,42017,0,1
260533,0,0,0,0,0,42018,0,1
260534,0,0,0,0,0,42019,0,1
260534,0,0,0,0,0,42020,0,1
260535,0,0,0,0,0,42010,0,1
260535,0,0,0,0,0,42011,0,1
260535,0,0,0,0,0,42012,0,1
260535,0,0,0,0,0,42019,0,1
260535,0,0,0,0,0,42020,0,1
260536,0,0,0,0,0,42001,0,1
260536,0,0,0,0,0,42002,0,1
260536,0,0,0,0,0,42003,0,1
230601,0,0,0,0,0,42001,0,1
230601,0,0,0,0,0,42002,0,1
230601,0,0,0,0,0,42003,0,1
230602,0,0,0,0,0,42007,0,1
230602,0,0,0,0,0,42008,0,1
230602,0,0,0,0,0,42009,0,1
230603,0,0,0,0,0,42004,0,1
230603,0,0,0,0,0,42005,0,1
230603,0,0,0,0,0,42006,0,1
230604,0,0,0,0,0,42010,0,1
230604,0,0,0,0,0,42011,0,1
230604,0,0,0,0,0,42012,0,1
230605,0,0,0,0,0,42015,0,1
230605,0,0,0,0,0,42016,0,1
230606,0,0,0,0,0,42013,0,1
230606,0,0,0,0,0,42014,0,1
230606,0,0,0,0,0,42017,0,1
230606,0,0,0,0,0,42018,0,1
260729,0,0,0,0,0,42001,0,1
260729,0,0,0,0,0,42002,0,1
260729,0,0,0,0,0,42003,0,1
260730,0,0,0,0,0,42007,0,1
260730,0,0,0,0,0,42008,0,1
260730,0,0,0,0,0,42009,0,1
260731,0,0,0,0,0,42004,0,1
260731,0,0,0,0,0,42005,0,1
260731,0,0,0,0,0,42006,0,1
260732,0,0,0,0,0,42001,0,1
260732,0,0,0,0,0,42002,0,1
260732,0,0,0,0,0,42003,0,1
260733,0,0,0,0,0,42017,0,1
260733,0,0,0,0,0,42018,0,1
260734,0,0,0,0,0,42019,0,1
260734,0,0,0,0,0,42020,0,1
230804,0,0,0,0,0,42010,0,1
230804,0,0,0,0,0,42011,0,1
230804,0,0,0,0,0,42012,0,1
230805,0,0,0,0,0,42015,0,1
230805,0,0,0,0,0,42016,0,1
230806,0,0,0,0,0,42013,0,1
230806,0,0,0,0,0,42014,0,1
230806,0,0,0,0,0,42017,0,1
230806,0,0,0,0,0,42018,0,1
230809,0,0,0,0,0,42019,0,1
230809,0,0,0,0,0,42020,0,1
240913,0,0,0,0,0,42019,0,1
240913,0,0,0,0,0,42020,0,1
240914,0,0,0,0,0,42019,0,1
240914,0,0,0,0,0,42020,0,1
240915,0,0,0,0,0,42019,0,1
240915,0,0,0,0,0,42020,0,1
240917,0,0,0,0,0,42017,0,1
240917,0,0,0,0,0,42018,0,1
240918,0,0,0,0,0,42019,0,1
240918,0,0,0,0,0,42020,0,1
261032,0,0,0,0,0,42001,0,1
261032,0,0,0,0,0,42011,0,1
261032,0,0,0,0,0,42003,0,1
261033,0,0,0,0,0,42017,0,1
261033,0,0,0,0,0,42018,0,1
261034,0,0,0,0,0,42019,0,1
261034,0,0,0,0,0,42020,0,1
261035,0,0,0,0,0,42010,0,1
261035,0,0,0,0,0,42011,0,1
261035,0,0,0,0,0,42012,0,1
261035,0,0,0,0,0,42019,0,1
261035,0,0,0,0,0,42020,0,1
261036,0,0,0,0,0,42001,0,1
261036,0,0,0,0,0,42002,0,1
261036,0,0,0,0,0,42003,0,1
261037,0,0,0,0,0,42004,0,1
261037,0,0,0,0,0,42005,0,1
261037,0,0,0,0,0,42006,0,1
231104,0,0,0,0,0,42010,0,1
231104,0,0,0,0,0,42011,0,1
231104,0,0,0,0,0,42012,0,1
231105,0,0,0,0,0,42015,0,1
231105,0,0,0,0,0,42016,0,1
231106,0,0,0,0,0,42013,0,1
231106,0,0,0,0,0,42014,0,1
231106,0,0,0,0,0,42017,0,1
231106,0,0,0,0,0,42018,0,1
251220,0,0,0,0,0,42019,0,1
251220,0,0,0,0,0,42020,0,1
251221,0,0,0,0,0,42017,0,1
251221,0,0,0,0,0,42018,0,1
251223,0,0,0,0,0,42019,0,1
251223,0,0,0,0,0,42020,0,1
231309,0,0,0,0,0,42019,0,1
231309,0,0,0,0,0,42020,0,1
231310,0,0,0,0,0,42007,0,1
231310,0,0,0,0,0,42008,0,1
231310,0,0,0,0,0,42009,0,1
231311,0,0,0,0,0,42019,0,1
231311,0,0,0,0,0,42020,0,1
261429,0,0,0,0,0,42001,0,1
261429,0,0,0,0,0,42002,0,1
261429,0,0,0,0,0,42003,0,1
261430,0,0,0,0,0,42007,0,1
261430,0,0,0,0,0,42008,0,1
261430,0,0,0,0,0,42009,0,1
261431,0,0,0,0,0,42004,0,1
261431,0,0,0,0,0,42005,0,1
261431,0,0,0,0,0,42006,0,1
261432,0,0,0,0,0,42001,0,1
261432,0,0,0,0,0,42002,0,1
261432,0,0,0,0,0,42003,0,1
261433,0,0,0,0,0,42017,0,1
261433,0,0,0,0,0,42018,0,1
261434,0,0,0,0,0,42019,0,1
261434,0,0,0,0,0,42020,0,1
261435,0,0,0,0,0,42010,0,1
261435,0,0,0,0,0,42011,0,1
261435,0,0,0,0,0,42012,0,1
261435,0,0,0,0,0,42019,0,1
261435,0,0,0,0,0,42020,0,1
261436,0,0,0,0,0,42001,0,1
261436,0,0,0,0,0,42002,0,1
261436,0,0,0,0,0,42003,0,1
261437,0,0,0,0,0,42004,0,1
261437,0,0,0,0,0,42005,0,1
261437,0,0,0,0,0,42006,0,1
351538,0,0,0,0,0,42017,0,1
351538,0,0,0,0,0,42018,0,1
231609,0,0,0,0,0,42019,0,1
231609,0,0,0,0,0,42020,0,1
231610,0,0,0,0,0,42007,0,1
231610,0,0,0,0,0,42008,0,1
231610,0,0,0,0,0,42009,0,1
231611,0,0,0,0,0,42019,0,1
231611,0,0,0,0,0,42020,0,1
251720,0,0,0,0,0,42019,0,1
251720,0,0,0,0,0,42020,0,1
251721,0,0,0,0,0,42017,0,1
251721,0,0,0,0,0,42018,0,1
251723,0,0,0,0,0,42019,0,1
251723,0,0,0,0,0,42020,0,1
261832,0,0,0,0,0,42001,0,1
261832,0,0,0,0,0,42002,0,1
261832,0,0,0,0,0,42003,0,1
261833,0,0,0,0,0,42017,0,1
261833,0,0,0,0,0,42018,0,1
261834,0,0,0,0,0,42019,0,1
261834,0,0,0,0,0,42020,0,1
261835,0,0,0,0,0,42010,0,1
261835,0,0,0,0,0,42011,0,1
261835,0,0,0,0,0,42012,0,1
261835,0,0,0,0,0,42019,0,1
261835,0,0,0,0,0,42020,0,1
261836,0,0,0,0,0,42001,0,1
261836,0,0,0,0,0,42002,0,1
261836,0,0,0,0,0,42003,0,1
261837,0,0,0,0,0,42004,0,1
261837,0,0,0,0,0,42005,0,1
261837,0,0,0,0,0,42006,0,1
241913,0,0,0,0,0,42019,0,1
241913,0,0,0,0,0,42020,0,1
241914,0,0,0,0,0,42019,0,1
241914,0,0,0,0,0,42020,0,1
241915,0,0,0,0,0,42019,0,1
241915,0,0,0,0,0,42020,0,1
241917,0,0,0,0,0,42017,0,1
241917,0,0,0,0,0,42018,0,1
241918,0,0,0,0,0,42019,0,1
241918,0,0,0,0,0,42020,0,1
352038,0,0,0,0,0,42017,0,1
352038,0,0,0,0,0,42018,0,1
352039,0,0,7,0,10000,42021,0,1
352040,0,0,0,0,0,42017,0,1
352040,0,0,0,0,0,42018,0,1
232109,0,0,0,0,0,42019,0,1
232109,0,0,0,0,0,42020,0,1
232110,0,0,0,0,0,42007,0,1
232110,0,0,0,0,0,42008,0,1
232110,0,0,0,0,0,42009,0,1
232111,0,0,0,0,0,42019,0,1
232111,0,0,0,0,0,42020,0,1
252223,0,0,0,0,0,42019,0,1
252223,0,0,0,0,0,42020,0,1
252226,0,0,0,0,0,42004,0,1
252226,0,0,0,0,0,42005,0,1
252226,0,0,0,0,0,42006,0,1
262332,0,0,0,0,0,42001,0,1
262332,0,0,0,0,0,42002,0,1
262332,0,0,0,0,0,42003,0,1
262333,0,0,0,0,0,42017,0,1
262333,0,0,0,0,0,42018,0,1
262334,0,0,0,0,0,42019,0,1
262334,0,0,0,0,0,42020,0,1
262335,0,0,0,0,0,42010,0,1
262335,0,0,0,0,0,42011,0,1
262335,0,0,0,0,0,42012,0,1
262335,0,0,0,0,0,42019,0,1
262335,0,0,0,0,0,42020,0,1
262336,0,0,0,0,0,42001,0,1
262336,0,0,0,0,0,42002,0,1
262336,0,0,0,0,0,42003,0,1
262337,0,0,0,0,0,42004,0,1
262337,0,0,0,0,0,42005,0,1
262337,0,0,0,0,0,42006,0,1
252423,0,0,0,0,0,42019,0,1
252423,0,0,0,0,0,42020,0,1
252426,0,0,0,0,0,42004,0,1
252426,0,0,0,0,0,42005,0,1
252426,0,0,0,0,0,42006,0,1
352540,0,0,0,0,0,42017,0,1
352540,0,0,0,0,0,42018,0,1
252623,0,0,0,0,0,42019,0,1
252623,0,0,0,0,0,42020,0,1
252626,0,0,0,0,0,42004,0,1
252626,0,0,0,0,0,42005,0,1
252626,0,0,0,0,0,42006,0,1
262832,0,0,0,0,0,42001,0,1
262832,0,0,0,0,0,42002,0,1
262832,0,0,0,0,0,42003,0,1
262833,0,0,0,0,0,42017,0,1
262833,0,0,0,0,0,42018,0,1
262834,0,0,0,0,0,42019,0,1
262834,0,0,0,0,0,42020,0,1
262835,0,0,0,0,0,42010,0,1
262835,0,0,0,0,0,42011,0,1
262835,0,0,0,0,0,42012,0,1
262835,0,0,0,0,0,42019,0,1
262835,0,0,0,0,0,42020,0,1
262836,0,0,0,0,0,42001,0,1
262836,0,0,0,0,0,42002,0,1
262836,0,0,0,0,0,42003,0,1
262837,0,0,0,0,0,42004,0,1
262837,0,0,0,0,0,42005,0,1
262837,0,0,0,0,0,42006,0,1
352942,0,0,4,0,2000,42022,0,1
353043,0,0,0,0,0,42019,0,1
353043,0,0,0,0,0,42020,0,1
353044,0,0,0,0,0,42019,0,1
353044,0,0,0,0,0,42020,0,1
353045,0,0,0,0,0,42017,0,1
353045,0,0,0,0,0,42018,0,1
353046,0,0,0,0,0,42019,0,1
353046,0,0,0,0,0,42020,0,1
353047,0,0,0,0,0,42010,0,1
353047,0,0,0,0,0,42011,0,1
353047,0,0,0,0,0,42012,0,1
263148,0,0,0,0,0,42001,0,1
263148,0,0,0,0,0,42002,0,1
263148,0,0,0,0,0,42003,0,1
263148,0,0,0,0,0,42019,0,1
263148,0,0,0,0,0,42020,0,1
263149,0,0,0,0,0,42007,0,1
263149,0,0,0,0,0,42008,0,1
263149,0,0,0,0,0,42009,0,1
263149,0,0,0,0,0,42019,0,1
263149,0,0,0,0,0,42020,0,1
263150,0,0,0,0,0,42004,0,1
263150,0,0,0,0,0,42005,0,1
263150,0,0,0,0,0,42006,0,1
263150,0,0,0,0,0,42017,0,1
263150,0,0,0,0,0,42018,0,1
263151,0,0,0,0,0,42010,0,1
263151,0,0,0,0,0,42011,0,1
263151,0,0,0,0,0,42012,0,1
263151,0,0,0,0,0,42017,0,1
263151,0,0,0,0,0,42018,0,1
353252,3,0,37,3,10000,42025,0,1
253353,0,0,0,0,0,42017,0,1
253353,0,0,0,0,0,42018,0,1
253353,3,1,36,1,10000,42023,0,1
253354,0,0,0,0,0,42017,0,1
253354,0,0,0,0,0,42018,0,1
253354,3,1,36,1,10000,42023,0,1
253355,3,0,0,0,0,0,0,1
253356,0,0,0,0,0,42019,0,1
253356,0,0,0,0,0,42020,0,1
253356,3,1,36,2,10000,42024,0,1
253356,3,1,36,2,10000,42024,0,1
233457,3,0,37,4,10000,42026,0,1
570101,0,0,0,0,0,44001,0,1
570101,0,0,0,0,0,44002,0,1
570101,0,0,0,0,0,44003,0,1
570102,0,0,0,0,0,44004,0,1
570102,0,0,0,0,0,44005,0,1
570102,0,0,0,0,0,44006,0,1
570103,0,0,0,0,0,44007,0,1
570103,0,0,0,0,0,44008,0,1
570103,0,0,0,0,0,44009,0,1
570104,0,0,0,0,0,44010,0,1
570104,0,0,0,0,0,44011,0,1
570104,0,0,0,0,0,44012,0,1
570105,0,0,0,0,0,44013,0,1
570105,0,0,0,0,0,44014,0,1
570105,0,0,0,0,0,44015,0,1
570106,0,0,0,0,0,44016,0,1
570106,0,0,0,0,0,44017,0,1
570106,0,0,0,0,0,44018,0,1
570107,0,0,0,0,0,44019,0,1
570107,0,0,0,0,0,44020,0,1
570107,0,0,0,0,0,44021,0,1
570108,0,0,0,0,0,44022,0,1
570108,0,0,0,0,0,44023,0,1
570108,0,0,0,0,0,44024,0,1
570109,0,0,0,0,0,44025,0,1
570109,0,0,0,0,0,44026,0,1
570109,0,0,0,0,0,44027,0,1
570110,0,0,0,0,0,44028,0,1
570110,0,0,0,0,0,44029,0,1
570110,0,0,0,0,0,44030,0,1
570111,0,0,0,0,0,44031,0,1
570111,0,0,0,0,0,44032,0,1
570111,0,0,0,0,0,44033,0,1
570112,0,0,0,0,0,44034,0,1
570112,0,0,0,0,0,44035,0,1
570112,0,0,0,0,0,44036,0,1
570113,0,0,0,0,0,44037,0,1
570113,0,0,0,0,0,44038,0,1
570113,0,0,0,0,0,44039,0,1
570114,0,0,0,0,0,44040,0,1
570114,0,0,0,0,0,44041,0,1
570114,0,0,0,0,0,44042,0,1
570115,0,0,0,0,0,44043,0,1
570115,0,0,0,0,0,44044,0,1
570115,0,0,0,0,0,44045,0,1
570116,0,0,0,0,0,44046,0,1
570116,0,0,0,0,0,44047,0,1
570116,0,0,0,0,0,44048,0,1
570117,0,0,0,0,0,44049,0,1
570118,0,0,0,0,0,44050,0,1
570119,0,0,0,0,0,44051,0,1
570120,0,0,0,0,0,44052,0,1
570121,0,0,0,0,0,44053,0,1
570122,0,0,0,0,0,44054,0,1
570123,0,0,0,0,0,44055,0,1
570124,0,0,0,0,0,44056,0,1
570125,0,0,0,0,0,44057,0,1
570126,0,0,0,0,0,44058,0,1
570127,0,0,0,0,0,44059,0,1
570128,0,0,0,0,0,44060,0,1
570129,0,0,0,0,0,44061,0,1
570130,0,0,0,0,0,44062,0,1
570131,0,0,0,0,0,44063,0,1
570132,0,0,0,0,0,44064,0,1
570133,0,0,0,0,0,44065,0,1
570133,0,0,0,0,0,44066,0,1
570133,0,0,0,0,0,44067,0,1
570134,0,0,0,0,0,44068,0,1
570134,0,0,0,0,0,44069,0,1
570134,0,0,0,0,0,44070,0,1
570135,0,0,0,0,0,44071,0,1
570135,0,0,0,0,0,44072,0,1
570135,0,0,0,0,0,44073,0,1
570136,0,0,0,0,0,44074,0,1
570136,0,0,0,0,0,44075,0,1
570136,0,0,0,0,0,44076,0,1
570137,0,0,0,0,0,44077,0,1
570138,0,0,0,0,0,44078,0,1
570139,0,0,0,0,0,44079,0,1
570140,0,0,0,0,0,44080,0,1
570201,0,0,0,0,0,44081,0,1
570201,0,0,0,0,0,44082,0,1
570201,0,0,0,0,0,44083,0,1
570202,0,0,0,0,0,44084,0,1
570202,0,0,0,0,0,44085,0,1
570202,0,0,0,0,0,44086,0,1
570203,0,0,0,0,0,44087,0,1
570203,0,0,0,0,0,44088,0,1
570203,0,0,0,0,0,44089,0,1
570204,0,0,0,0,0,44090,0,1
570204,0,0,0,0,0,44091,0,1
570204,0,0,0,0,0,44092,0,1
570205,0,0,0,0,0,44093,0,1
570205,0,0,0,0,0,44094,0,1
570205,0,0,0,0,0,44095,0,1
570206,0,0,0,0,0,44096,0,1
570206,0,0,0,0,0,44097,0,1
570206,0,0,0,0,0,44098,0,1
570207,0,0,0,0,0,44099,0,1
570207,0,0,0,0,0,44100,0,1
570207,0,0,0,0,0,44101,0,1
570208,0,0,0,0,0,44102,0,1
570208,0,0,0,0,0,44103,0,1
570208,0,0,0,0,0,44104,0,1
570209,0,0,0,0,0,44105,0,1
570209,0,0,0,0,0,44106,0,1
570209,0,0,0,0,0,44107,0,1
570210,0,0,0,0,0,44108,0,1
570210,0,0,0,0,0,44109,0,1
570210,0,0,0,0,0,44110,0,1
570211,0,0,0,0,0,44111,0,1
570211,0,0,0,0,0,44112,0,1
570211,0,0,0,0,0,44113,0,1
570212,0,0,0,0,0,44114,0,1
570212,0,0,0,0,0,44115,0,1
570212,0,0,0,0,0,44116,0,1
570213,0,0,0,0,0,44117,0,1
570213,0,0,0,0,0,44118,0,1
570213,0,0,0,0,0,44119,0,1
570214,0,0,0,0,0,44120,0,1
570214,0,0,0,0,0,44121,0,1
570214,0,0,0,0,0,44122,0,1
570215,0,0,0,0,0,44123,0,1
570215,0,0,0,0,0,44124,0,1
570215,0,0,0,0,0,44125,0,1
570216,0,0,0,0,0,44126,0,1
570216,0,0,0,0,0,44127,0,1
570216,0,0,0,0,0,44128,0,1
570217,0,0,0,0,0,44129,0,1
570218,0,0,0,0,0,44130,0,1
570219,0,0,0,0,0,44131,0,1
570220,0,0,0,0,0,44132,0,1
570221,0,0,0,0,0,44133,0,1
570222,0,0,0,0,0,44134,0,1
570223,0,0,0,0,0,44135,0,1
570224,0,0,0,0,0,44136,0,1
570225,0,0,0,0,0,44137,0,1
570226,0,0,0,0,0,44138,0,1
570227,0,0,0,0,0,44139,0,1
570228,0,0,0,0,0,44140,0,1
570229,0,0,0,0,0,44141,0,1
570230,0,0,0,0,0,44142,0,1
570231,0,0,0,0,0,44143,0,1
570232,0,0,0,0,0,44144,0,1
600201,0,0,0,0,0,44145,0,1
600201,0,0,0,0,0,44146,0,1
600201,0,0,0,0,0,44147,0,1
600202,0,0,0,0,0,44148,0,1
600202,0,0,0,0,0,44149,0,1
600202,0,0,0,0,0,44150,0,1
600203,0,0,0,0,0,44151,0,1
600203,0,0,0,0,0,44152,0,1
600203,0,0,0,0,0,44153,0,1
600204,0,0,0,0,0,44154,0,1
600204,0,0,0,0,0,44155,0,1
600204,0,0,0,0,0,44156,0,1
600205,0,0,0,0,0,44157,0,1
600206,0,0,0,0,0,44158,0,1
600207,0,0,0,0,0,44159,0,1
600208,0,0,0,0,0,44160,0,1
570301,0,0,0,0,0,44161,0,1
570301,1,0,0,0,0,44162,0,1
570301,0,0,0,0,0,44163,0,1
570301,0,0,0,0,0,44164,0,1
570302,0,0,0,0,0,44165,0,1
570302,1,0,0,0,0,44166,0,1
570302,0,0,0,0,0,44167,0,1
570302,0,0,0,0,0,44168,0,1
570303,0,0,0,0,0,44169,0,1
570303,1,0,0,0,0,44170,0,1
570303,0,0,0,0,0,44171,0,1
570303,0,0,0,0,0,44172,0,1
570304,0,0,0,0,0,44173,0,1
570304,1,0,0,0,0,44174,0,1
570304,0,0,0,0,0,44175,0,1
570304,0,0,0,0,0,44176,0,1
570305,0,0,0,0,0,44177,0,1
570305,1,0,0,0,0,44178,0,1
570305,0,0,0,0,0,44179,0,1
570305,0,0,0,0,0,44180,0,1
570306,0,0,0,0,0,44181,0,1
570306,1,0,0,0,0,44182,0,1
570306,0,0,0,0,0,44183,0,1
570306,0,0,0,0,0,44184,0,1
570307,0,0,0,0,0,44185,0,1
570307,1,0,0,0,0,44186,0,1
570307,0,0,0,0,0,44187,0,1
570307,0,0,0,0,0,44188,0,1
570308,0,0,0,0,0,44189,0,1
570308,1,0,0,0,0,44190,0,1
570308,0,0,0,0,0,44191,0,1
570308,0,0,0,0,0,44192,0,1
570309,0,0,0,0,0,44193,0,1
570309,1,0,0,0,0,44194,0,1
570309,0,0,0,0,0,44195,0,1
570309,0,0,0,0,0,44196,0,1
570310,0,0,0,0,0,44197,0,1
570310,1,0,0,0,0,44198,0,1
570310,0,0,0,0,0,44199,0,1
570310,0,0,0,0,0,44200,0,1
570311,0,0,0,0,0,44201,0,1
570311,1,0,0,0,0,44202,0,1
570311,0,0,0,0,0,44203,0,1
570311,0,0,0,0,0,44204,0,1
570312,0,0,0,0,0,44205,0,1
570312,1,0,0,0,0,44206,0,1
570312,0,0,0,0,0,44207,0,1
570312,0,0,0,0,0,44208,0,1
570313,0,0,0,0,0,44209,0,1
570313,1,0,0,0,0,44210,0,1
570313,0,0,0,0,0,44211,0,1
570313,0,0,0,0,0,44212,0,1
570314,0,0,0,0,0,44213,0,1
570314,1,0,0,0,0,44214,0,1
570314,0,0,0,0,0,44215,0,1
570314,0,0,0,0,0,44216,0,1
570315,0,0,0,0,0,44217,0,1
570315,1,0,0,0,0,44218,0,1
570315,0,0,0,0,0,44219,0,1
570315,0,0,0,0,0,44220,0,1
570316,0,0,0,0,0,44221,0,1
570316,1,0,0,0,0,44222,0,1
570316,0,0,0,0,0,44223,0,1
570316,0,0,0,0,0,44224,0,1
570317,0,0,0,0,0,44225,0,1
570317,1,0,0,0,0,44226,0,1
570318,0,0,0,0,0,44227,0,1
570318,1,0,0,0,0,44228,0,1
570319,0,0,0,0,0,44229,0,1
570319,1,0,0,0,0,44230,0,1
570320,0,0,0,0,0,44231,0,1
570320,1,0,0,0,0,44232,0,1
570321,0,0,0,0,0,44233,0,1
570321,1,0,0,0,0,44234,0,1
570322,0,0,0,0,0,44235,0,1
570322,1,0,0,0,0,44236,0,1
570323,0,0,0,0,0,44237,0,1
570323,1,0,0,0,0,44238,0,1
570324,0,0,0,0,0,44239,0,1
570324,1,0,0,0,0,44240,0,1
570325,0,0,0,0,0,44241,0,1
570325,1,0,0,0,0,44242,0,1
570326,0,0,0,0,0,44243,0,1
570326,1,0,0,0,0,44244,0,1
570327,0,0,0,0,0,44245,0,1
570327,1,0,0,0,0,44246,0,1
570328,0,0,0,0,0,44247,0,1
570328,1,0,0,0,0,44248,0,1
570329,0,0,0,0,0,44249,0,1
570329,1,0,0,0,0,44250,0,1
570330,0,0,0,0,0,44251,0,1
570330,1,0,0,0,0,44252,0,1
570331,0,0,0,0,0,44253,0,1
570331,1,0,0,0,0,44254,0,1
570332,0,0,0,0,0,44255,0,1
570332,1,0,0,0,0,44256,0,1
600301,0,0,0,0,0,44257,0,1
600301,0,0,0,0,0,44258,0,1
600301,0,0,0,0,0,44259,0,1
600301,1,0,0,0,0,44260,0,1
600302,0,0,0,0,0,44261,0,1
600302,0,0,0,0,0,44262,0,1
600302,0,0,0,0,0,44263,0,1
600302,1,0,0,0,0,44264,0,1
600303,0,0,0,0,0,44265,0,1
600303,0,0,0,0,0,44266,0,1
600303,0,0,0,0,0,44267,0,1
600303,1,0,0,0,0,44268,0,1
600304,0,0,0,0,0,44269,0,1
600304,0,0,0,0,0,44270,0,1
600304,0,0,0,0,0,44271,0,1
600304,1,0,0,0,0,44272,0,1
600305,0,0,0,0,0,44273,0,1
600305,1,0,0,0,0,44274,0,1
600306,0,0,0,0,0,44275,0,1
600306,1,0,0,0,0,44276,0,1
600307,0,0,0,0,0,44277,0,1
600307,1,0,0,0,0,44278,0,1
600308,0,0,0,0,0,44279,0,1
600308,1,0,0,0,0,44280,0,1
570401,0,0,0,0,0,44281,0,1
570401,0,0,0,0,0,44282,0,1
570401,0,0,0,0,0,44283,0,1
570401,0,0,0,0,0,44284,0,1
570401,1,0,0,0,0,44285,0,1
570401,1,0,0,0,0,44286,0,1
570402,0,0,0,0,0,44287,0,1
570402,0,0,0,0,0,44288,0,1
570402,0,0,0,0,0,44289,0,1
570402,0,0,0,0,0,44290,0,1
570402,1,0,0,0,0,44291,0,1
570402,1,0,0,0,0,44292,0,1
570403,0,0,0,0,0,44293,0,1
570403,0,0,0,0,0,44294,0,1
570403,0,0,0,0,0,44295,0,1
570403,0,0,0,0,0,44296,0,1
570403,1,0,0,0,0,44297,0,1
570403,1,0,0,0,0,44298,0,1
570404,0,0,0,0,0,44299,0,1
570404,0,0,0,0,0,44300,0,1
570404,0,0,0,0,0,44301,0,1
570404,0,0,0,0,0,44302,0,1
570404,1,0,0,0,0,44303,0,1
570404,1,0,0,0,0,44304,0,1
570405,0,0,0,0,0,44305,0,1
570405,0,0,0,0,0,44306,0,1
570405,1,0,0,0,0,44307,0,1
570405,1,0,0,0,0,44308,0,1
570406,0,0,0,0,0,44309,0,1
570406,0,0,0,0,0,44310,0,1
570406,1,0,0,0,0,44311,0,1
570406,1,0,0,0,0,44312,0,1
570407,0,0,0,0,0,44313,0,1
570407,0,0,0,0,0,44314,0,1
570407,1,0,0,0,0,44315,0,1
570407,1,0,0,0,0,44316,0,1
570408,0,0,0,0,0,44317,0,1
570408,0,0,0,0,0,44318,0,1
570408,1,0,0,0,0,44319,0,1
570408,1,0,0,0,0,44320,0,1
570409,0,0,0,0,0,44321,0,1
570409,0,0,0,0,0,44322,0,1
570409,0,0,0,0,0,44323,0,1
570409,0,0,0,0,0,44324,0,1
570409,1,0,0,0,0,44325,0,1
570409,1,0,0,0,0,44326,0,1
570410,0,0,0,0,0,44327,0,1
570410,0,0,0,0,0,44328,0,1
570410,0,0,0,0,0,44329,0,1
570410,0,0,0,0,0,44330,0,1
570410,1,0,0,0,0,44331,0,1
570410,1,0,0,0,0,44332,0,1
570411,0,0,0,0,0,44333,0,1
570411,0,0,0,0,0,44334,0,1
570411,0,0,0,0,0,44335,0,1
570411,0,0,0,0,0,44336,0,1
570411,1,0,0,0,0,44337,0,1
570411,1,0,0,0,0,44338,0,1
570412,0,0,0,0,0,44339,0,1
570412,0,0,0,0,0,44340,0,1
570412,0,0,0,0,0,44341,0,1
570412,0,0,0,0,0,44342,0,1
570412,1,0,0,0,0,44343,0,1
570412,1,0,0,0,0,44344,0,1
570413,0,0,0,0,0,44345,0,1
570413,0,0,0,0,0,44346,0,1
570413,0,0,0,0,0,44347,0,1
570413,0,0,0,0,0,44348,0,1
570413,1,0,0,0,0,44349,0,1
570413,1,0,0,0,0,44350,0,1
570414,0,0,0,0,0,44351,0,1
570414,0,0,0,0,0,44352,0,1
570414,0,0,0,0,0,44353,0,1
570414,0,0,0,0,0,44354,0,1
570414,1,0,0,0,0,44355,0,1
570414,1,0,0,0,0,44356,0,1
570415,0,0,0,0,0,44357,0,1
570415,0,0,0,0,0,44358,0,1
570415,0,0,0,0,0,44359,0,1
570415,0,0,0,0,0,44360,0,1
570415,1,0,0,0,0,44361,0,1
570415,1,0,0,0,0,44362,0,1
570416,0,0,0,0,0,44363,0,1
570416,0,0,0,0,0,44364,0,1
570416,0,0,0,0,0,44365,0,1
570416,0,0,0,0,0,44366,0,1
570416,1,0,0,0,0,44367,0,1
570416,1,0,0,0,0,44368,0,1
570417,0,0,0,0,0,44369,0,1
570417,0,0,0,0,0,44370,0,1
570417,1,0,0,0,0,44371,0,1
570417,1,0,0,0,0,44372,0,1
570418,0,0,0,0,0,44373,0,1
570418,0,0,0,0,0,44374,0,1
570418,1,0,0,0,0,44375,0,1
570418,1,0,0,0,0,44376,0,1
570419,0,0,0,0,0,44377,0,1
570419,0,0,0,0,0,44378,0,1
570419,1,0,0,0,0,44379,0,1
570419,1,0,0,0,0,44380,0,1
570420,0,0,0,0,0,44381,0,1
570420,0,0,0,0,0,44382,0,1
570420,1,0,0,0,0,44383,0,1
570420,1,0,0,0,0,44384,0,1
570421,0,0,0,0,0,44385,0,1
570421,0,0,0,0,0,44386,0,1
570421,0,0,0,0,0,44387,0,1
570421,0,0,0,0,0,44388,0,1
570421,1,0,0,0,0,44389,0,1
570421,1,0,0,0,0,44390,0,1
570422,0,0,0,0,0,44391,0,1
570422,0,0,0,0,0,44392,0,1
570422,0,0,0,0,0,44393,0,1
570422,0,0,0,0,0,44394,0,1
570422,1,0,0,0,0,44395,0,1
570422,1,0,0,0,0,44396,0,1
570423,0,0,0,0,0,44397,0,1
570423,0,0,0,0,0,44398,0,1
570423,0,0,0,0,0,44399,0,1
570423,0,0,0,0,0,44400,0,1
570423,1,0,0,0,0,44401,0,1
570423,1,0,0,0,0,44402,0,1
570424,0,0,0,0,0,44403,0,1
570424,0,0,0,0,0,44404,0,1
570424,0,0,0,0,0,44405,0,1
570424,0,0,0,0,0,44406,0,1
570424,1,0,0,0,0,44407,0,1
570424,1,0,0,0,0,44408,0,1
570425,0,0,0,0,0,44409,0,1
570425,0,0,0,0,0,44410,0,1
570425,0,0,0,0,0,44411,0,1
570425,0,0,0,0,0,44412,0,1
570425,1,0,0,0,0,44413,0,1
570425,1,0,0,0,0,44414,0,1
570426,0,0,0,0,0,44415,0,1
570426,0,0,0,0,0,44416,0,1
570426,0,0,0,0,0,44417,0,1
570426,0,0,0,0,0,44418,0,1
570426,1,0,0,0,0,44419,0,1
570426,1,0,0,0,0,44420,0,1
570427,0,0,0,0,0,44421,0,1
570427,0,0,0,0,0,44422,0,1
570427,0,0,0,0,0,44423,0,1
570427,0,0,0,0,0,44424,0,1
570427,1,0,0,0,0,44425,0,1
570427,1,0,0,0,0,44426,0,1
570428,0,0,0,0,0,44427,0,1
570428,0,0,0,0,0,44428,0,1
570428,0,0,0,0,0,44429,0,1
570428,0,0,0,0,0,44430,0,1
570428,1,0,0,0,0,44431,0,1
570428,1,0,0,0,0,44432,0,1
570429,0,0,0,0,0,44433,0,1
570429,0,0,0,0,0,44434,0,1
570429,1,0,0,0,0,44435,0,1
570429,1,0,0,0,0,44436,0,1
570430,0,0,0,0,0,44437,0,1
570430,0,0,0,0,0,44438,0,1
570430,1,0,0,0,0,44439,0,1
570430,1,0,0,0,0,44440,0,1
570431,0,0,0,0,0,44441,0,1
570431,0,0,0,0,0,44442,0,1
570431,1,0,0,0,0,44443,0,1
570431,1,0,0,0,0,44444,0,1
570432,0,0,0,0,0,44445,0,1
570432,0,0,0,0,0,44446,0,1
570432,1,0,0,0,0,44447,0,1
570432,1,0,0,0,0,44448,0,1
570433,0,0,0,0,0,44449,0,1
570433,0,0,0,0,0,44450,0,1
570433,0,0,0,0,0,44451,0,1
570433,0,0,0,0,0,44452,0,1
570433,1,0,0,0,0,44453,0,1
570433,1,0,0,0,0,44454,0,1
570434,0,0,0,0,0,44455,0,1
570434,0,0,0,0,0,44456,0,1
570434,0,0,0,0,0,44457,0,1
570434,0,0,0,0,0,44458,0,1
570434,1,0,0,0,0,44459,0,1
570434,1,0,0,0,0,44460,0,1
570435,0,0,0,0,0,44461,0,1
570435,0,0,0,0,0,44462,0,1
570435,0,0,0,0,0,44463,0,1
570435,0,0,0,0,0,44464,0,1
570435,1,0,0,0,0,44465,0,1
570435,1,0,0,0,0,44466,0,1
570436,0,0,0,0,0,44467,0,1
570436,0,0,0,0,0,44468,0,1
570436,0,0,0,0,0,44469,0,1
570436,0,0,0,0,0,44470,0,1
570436,1,0,0,0,0,44471,0,1
570436,1,0,0,0,0,44472,0,1
600401,0,0,0,0,0,44473,0,1
600401,0,0,0,0,0,44474,0,1
600401,0,0,0,0,0,44475,0,1
600401,0,0,0,0,0,44476,0,1
600401,1,0,0,0,0,44477,0,1
600401,1,0,0,0,0,44478,0,1
600402,0,0,0,0,0,44479,0,1
600402,0,0,0,0,0,44480,0,1
600402,0,0,0,0,0,44481,0,1
600402,0,0,0,0,0,44482,0,1
600402,1,0,0,0,0,44483,0,1
600402,1,0,0,0,0,44484,0,1
600403,0,0,0,0,0,44485,0,1
600403,0,0,0,0,0,44486,0,1
600403,0,0,0,0,0,44487,0,1
600403,0,0,0,0,0,44488,0,1
600403,1,0,0,0,0,44489,0,1
600403,1,0,0,0,0,44490,0,1
600404,0,0,0,0,0,44491,0,1
600404,0,0,0,0,0,44492,0,1
600404,0,0,0,0,0,44493,0,1
600404,0,0,0,0,0,44494,0,1
600404,1,0,0,0,0,44495,0,1
600404,1,0,0,0,0,44496,0,1
600405,0,0,0,0,0,44497,0,1
600405,0,0,0,0,0,44498,0,1
600405,1,0,0,0,0,44499,0,1
600405,1,0,0,0,0,44500,0,1
600406,0,0,0,0,0,44501,0,1
600406,0,0,0,0,0,44502,0,1
600406,1,0,0,0,0,44503,0,1
600406,1,0,0,0,0,44504,0,1
600407,0,0,0,0,0,44505,0,1
600407,0,0,0,0,0,44506,0,1
600407,1,0,0,0,0,44507,0,1
600407,1,0,0,0,0,44508,0,1
600408,0,0,0,0,0,44509,0,1
600408,0,0,0,0,0,44510,0,1
600408,1,0,0,0,0,44511,0,1
600408,1,0,0,0,0,44512,0,1
600409,0,0,0,0,0,44513,0,1
600409,0,0,0,0,0,44514,0,1
600409,0,0,0,0,0,44515,0,1
600409,0,0,0,0,0,44516,0,1
600409,1,0,0,0,0,44517,0,1
600409,1,0,0,0,0,44518,0,1
600410,0,0,0,0,0,44519,0,1
600410,0,0,0,0,0,44520,0,1
600410,0,0,0,0,0,44521,0,1
600410,0,0,0,0,0,44522,0,1
600410,1,0,0,0,0,44523,0,1
600410,1,0,0,0,0,44524,0,1
600411,0,0,0,0,0,44525,0,1
600411,0,0,0,0,0,44526,0,1
600411,0,0,0,0,0,44527,0,1
600411,0,0,0,0,0,44528,0,1
600411,1,0,0,0,0,44529,0,1
600411,1,0,0,0,0,44530,0,1
600412,0,0,0,0,0,44531,0,1
600412,0,0,0,0,0,44532,0,1
600412,0,0,0,0,0,44533,0,1
600412,0,0,0,0,0,44534,0,1
600412,1,0,0,0,0,44535,0,1
600412,1,0,0,0,0,44536,0,1
600413,0,0,0,0,0,44537,0,1
600413,0,0,0,0,0,44538,0,1
600413,0,0,0,0,0,44539,0,1
600413,0,0,0,0,0,44540,0,1
600413,1,0,0,0,0,44541,0,1
600413,1,0,0,0,0,44542,0,1
600414,0,0,0,0,0,44543,0,1
600414,0,0,0,0,0,44544,0,1
600414,0,0,0,0,0,44545,0,1
600414,0,0,0,0,0,44546,0,1
600414,1,0,0,0,0,44547,0,1
600414,1,0,0,0,0,44548,0,1
600415,0,0,0,0,0,44549,0,1
600415,0,0,0,0,0,44550,0,1
600415,0,0,0,0,0,44551,0,1
600415,0,0,0,0,0,44552,0,1
600415,1,0,0,0,0,44553,0,1
600415,1,0,0,0,0,44554,0,1
600416,0,0,0,0,0,44555,0,1
600416,0,0,0,0,0,44556,0,1
600416,0,0,0,0,0,44557,0,1
600416,0,0,0,0,0,44558,0,1
600416,1,0,0,0,0,44559,0,1
600416,1,0,0,0,0,44560,0,1
600417,0,0,0,0,0,44561,0,1
600417,0,0,0,0,0,44562,0,1
600417,1,0,0,0,0,44563,0,1
600417,1,0,0,0,0,44564,0,1
600418,0,0,0,0,0,44565,0,1
600418,0,0,0,0,0,44566,0,1
600418,1,0,0,0,0,44567,0,1
600418,1,0,0,0,0,44568,0,1
600419,0,0,0,0,0,44569,0,1
600419,0,0,0,0,0,44570,0,1
600419,1,0,0,0,0,44571,0,1
600419,1,0,0,0,0,44572,0,1
600420,0,0,0,0,0,44573,0,1
600420,0,0,0,0,0,44574,0,1
600420,1,0,0,0,0,44575,0,1
600420,1,0,0,0,0,44576,0,1
600421,0,0,0,0,0,44577,0,1
600421,0,0,0,0,0,44578,0,1
600421,0,0,0,0,0,44579,0,1
600421,0,0,0,0,0,44580,0,1
600421,1,0,0,0,0,44581,0,1
600421,1,0,0,0,0,44582,0,1
600422,0,0,0,0,0,44583,0,1
600422,0,0,0,0,0,44584,0,1
600422,0,0,0,0,0,44585,0,1
600422,0,0,0,0,0,44586,0,1
600422,1,0,0,0,0,44587,0,1
600422,1,0,0,0,0,44588,0,1
600423,0,0,0,0,0,44589,0,1
600423,0,0,0,0,0,44590,0,1
600423,0,0,0,0,0,44591,0,1
600423,0,0,0,0,0,44592,0,1
600423,1,0,0,0,0,44593,0,1
600423,1,0,0,0,0,44594,0,1
600424,0,0,0,0,0,44595,0,1
600424,0,0,0,0,0,44596,0,1
600424,0,0,0,0,0,44597,0,1
600424,0,0,0,0,0,44598,0,1
600424,1,0,0,0,0,44599,0,1
600424,1,0,0,0,0,44600,0,1
570501,0,0,0,0,0,44601,0,1
570501,0,0,0,0,0,44602,0,1
570501,0,0,0,0,0,44603,0,1
570501,0,0,0,0,0,44604,0,1
570501,1,0,0,0,0,44605,0,1
570501,1,0,0,0,0,44606,0,1
570502,0,0,0,0,0,44607,0,1
570502,0,0,0,0,0,44608,0,1
570502,0,0,0,0,0,44609,0,1
570502,0,0,0,0,0,44610,0,1
570502,1,0,0,0,0,44611,0,1
570502,1,0,0,0,0,44612,0,1
570503,0,0,0,0,0,44613,0,1
570503,0,0,0,0,0,44614,0,1
570503,0,0,0,0,0,44615,0,1
570503,0,0,0,0,0,44616,0,1
570503,1,0,0,0,0,44617,0,1
570503,1,0,0,0,0,44618,0,1
570504,0,0,0,0,0,44619,0,1
570504,0,0,0,0,0,44620,0,1
570504,0,0,0,0,0,44621,0,1
570504,0,0,0,0,0,44622,0,1
570504,1,0,0,0,0,44623,0,1
570504,1,0,0,0,0,44624,0,1
570505,0,0,0,0,0,44625,0,1
570505,0,0,0,0,0,44626,0,1
570505,1,0,0,0,0,44627,0,1
570505,1,0,0,0,0,44628,0,1
570506,0,0,0,0,0,44629,0,1
570506,0,0,0,0,0,44630,0,1
570506,1,0,0,0,0,44631,0,1
570506,1,0,0,0,0,44632,0,1
570507,0,0,0,0,0,44633,0,1
570507,0,0,0,0,0,44634,0,1
570507,1,0,0,0,0,44635,0,1
570507,1,0,0,0,0,44636,0,1
570508,0,0,0,0,0,44637,0,1
570508,0,0,0,0,0,44638,0,1
570508,1,0,0,0,0,44639,0,1
570508,1,0,0,0,0,44640,0,1
570509,0,0,0,0,0,44641,0,1
570509,0,0,0,0,0,44642,0,1
570509,0,0,0,0,0,44643,0,1
570509,0,0,0,0,0,44644,0,1
570509,1,0,0,0,0,44645,0,1
570509,1,0,0,0,0,44646,0,1
570510,0,0,0,0,0,44647,0,1
570510,0,0,0,0,0,44648,0,1
570510,0,0,0,0,0,44649,0,1
570510,0,0,0,0,0,44650,0,1
570510,1,0,0,0,0,44651,0,1
570510,1,0,0,0,0,44652,0,1
570511,0,0,0,0,0,44653,0,1
570511,0,0,0,0,0,44654,0,1
570511,0,0,0,0,0,44655,0,1
570511,0,0,0,0,0,44656,0,1
570511,1,0,0,0,0,44657,0,1
570511,1,0,0,0,0,44658,0,1
570512,0,0,0,0,0,44659,0,1
570512,0,0,0,0,0,44660,0,1
570512,0,0,0,0,0,44661,0,1
570512,0,0,0,0,0,44662,0,1
570512,1,0,0,0,0,44663,0,1
570512,1,0,0,0,0,44664,0,1
570513,0,0,0,0,0,44665,0,1
570513,0,0,0,0,0,44666,0,1
570513,0,0,0,0,0,44667,0,1
570513,0,0,0,0,0,44668,0,1
570513,1,0,0,0,0,44669,0,1
570513,1,0,0,0,0,44670,0,1
570514,0,0,0,0,0,44671,0,1
570514,0,0,0,0,0,44672,0,1
570514,0,0,0,0,0,44673,0,1
570514,0,0,0,0,0,44674,0,1
570514,1,0,0,0,0,44675,0,1
570514,1,0,0,0,0,44676,0,1
570515,0,0,0,0,0,44677,0,1
570515,0,0,0,0,0,44678,0,1
570515,0,0,0,0,0,44679,0,1
570515,0,0,0,0,0,44680,0,1
570515,1,0,0,0,0,44681,0,1
570515,1,0,0,0,0,44682,0,1
570516,0,0,0,0,0,44683,0,1
570516,0,0,0,0,0,44684,0,1
570516,0,0,0,0,0,44685,0,1
570516,0,0,0,0,0,44686,0,1
570516,1,0,0,0,0,44687,0,1
570516,1,0,0,0,0,44688,0,1
570517,0,0,0,0,0,44689,0,1
570517,0,0,0,0,0,44690,0,1
570517,1,0,0,0,0,44691,0,1
570517,1,0,0,0,0,44692,0,1
570518,0,0,0,0,0,44693,0,1
570518,0,0,0,0,0,44694,0,1
570518,1,0,0,0,0,44695,0,1
570518,1,0,0,0,0,44696,0,1
570519,0,0,0,0,0,44697,0,1
570519,0,0,0,0,0,44698,0,1
570519,1,0,0,0,0,44699,0,1
570519,1,0,0,0,0,44700,0,1
570520,0,0,0,0,0,44701,0,1
570520,0,0,0,0,0,44702,0,1
570520,1,0,0,0,0,44703,0,1
570520,1,0,0,0,0,44704,0,1
570521,0,0,0,0,0,44705,0,1
570521,0,0,0,0,0,44706,0,1
570521,0,0,0,0,0,44707,0,1
570521,0,0,0,0,0,44708,0,1
570521,1,0,0,0,0,44709,0,1
570521,1,0,0,0,0,44710,0,1
570522,0,0,0,0,0,44711,0,1
570522,0,0,0,0,0,44712,0,1
570522,0,0,0,0,0,44713,0,1
570522,0,0,0,0,0,44714,0,1
570522,1,0,0,0,0,44715,0,1
570522,1,0,0,0,0,44716,0,1
570523,0,0,0,0,0,44717,0,1
570523,0,0,0,0,0,44718,0,1
570523,0,0,0,0,0,44719,0,1
570523,0,0,0,0,0,44720,0,1
570523,1,0,0,0,0,44721,0,1
570523,1,0,0,0,0,44722,0,1
570524,0,0,0,0,0,44723,0,1
570524,0,0,0,0,0,44724,0,1
570524,0,0,0,0,0,44725,0,1
570524,0,0,0,0,0,44726,0,1
570524,1,0,0,0,0,44727,0,1
570524,1,0,0,0,0,44728,0,1
570525,0,0,0,0,0,44729,0,1
570525,0,0,0,0,0,44730,0,1
570525,0,0,0,0,0,44731,0,1
570525,0,0,0,0,0,44732,0,1
570525,1,0,0,0,0,44733,0,1
570525,1,0,0,0,0,44734,0,1
570526,0,0,0,0,0,44735,0,1
570526,0,0,0,0,0,44736,0,1
570526,0,0,0,0,0,44737,0,1
570526,0,0,0,0,0,44738,0,1
570526,1,0,0,0,0,44739,0,1
570526,1,0,0,0,0,44740,0,1
570527,0,0,0,0,0,44741,0,1
570527,0,0,0,0,0,44742,0,1
570527,0,0,0,0,0,44743,0,1
570527,0,0,0,0,0,44744,0,1
570527,1,0,0,0,0,44745,0,1
570527,1,0,0,0,0,44746,0,1
570528,0,0,0,0,0,44747,0,1
570528,0,0,0,0,0,44748,0,1
570528,0,0,0,0,0,44749,0,1
570528,0,0,0,0,0,44750,0,1
570528,1,0,0,0,0,44751,0,1
570528,1,0,0,0,0,44752,0,1
570529,0,0,0,0,0,44753,0,1
570529,0,0,0,0,0,44754,0,1
570529,1,0,0,0,0,44755,0,1
570529,1,0,0,0,0,44756,0,1
570530,0,0,0,0,0,44757,0,1
570530,0,0,0,0,0,44758,0,1
570530,1,0,0,0,0,44759,0,1
570530,1,0,0,0,0,44760,0,1
570531,0,0,0,0,0,44761,0,1
570531,0,0,0,0,0,44762,0,1
570531,1,0,0,0,0,44763,0,1
570531,1,0,0,0,0,44764,0,1
570532,0,0,0,0,0,44765,0,1
570532,0,0,0,0,0,44766,0,1
570532,1,0,0,0,0,44767,0,1
570532,1,0,0,0,0,44768,0,1
570533,0,0,0,0,0,44769,0,1
570533,0,0,0,0,0,44770,0,1
570533,0,0,0,0,0,44771,0,1
570533,0,0,0,0,0,44772,0,1
570533,1,0,0,0,0,44773,0,1
570533,1,0,0,0,0,44774,0,1
570534,0,0,0,0,0,44775,0,1
570534,0,0,0,0,0,44776,0,1
570534,0,0,0,0,0,44777,0,1
570534,0,0,0,0,0,44778,0,1
570534,1,0,0,0,0,44779,0,1
570534,1,0,0,0,0,44780,0,1
570535,0,0,0,0,0,44781,0,1
570535,0,0,0,0,0,44782,0,1
570535,0,0,0,0,0,44783,0,1
570535,0,0,0,0,0,44784,0,1
570535,1,0,0,0,0,44785,0,1
570535,1,0,0,0,0,44786,0,1
570536,0,0,0,0,0,44787,0,1
570536,0,0,0,0,0,44788,0,1
570536,0,0,0,0,0,44789,0,1
570536,0,0,0,0,0,44790,0,1
570536,1,0,0,0,0,44791,0,1
570536,1,0,0,0,0,44792,0,1
600501,0,0,0,0,0,44793,0,1
600501,0,0,0,0,0,44794,0,1
600501,0,0,0,0,0,44795,0,1
600501,0,0,0,0,0,44796,0,1
600501,1,0,0,0,0,44797,0,1
600501,1,0,0,0,0,44798,0,1
600502,0,0,0,0,0,44799,0,1
600502,0,0,0,0,0,44800,0,1
600502,0,0,0,0,0,44801,0,1
600502,0,0,0,0,0,44802,0,1
600502,1,0,0,0,0,44803,0,1
600502,1,0,0,0,0,44804,0,1
600503,0,0,0,0,0,44805,0,1
600503,0,0,0,0,0,44806,0,1
600503,0,0,0,0,0,44807,0,1
600503,0,0,0,0,0,44808,0,1
600503,1,0,0,0,0,44809,0,1
600503,1,0,0,0,0,44810,0,1
600504,0,0,0,0,0,44811,0,1
600504,0,0,0,0,0,44812,0,1
600504,0,0,0,0,0,44813,0,1
600504,0,0,0,0,0,44814,0,1
600504,1,0,0,0,0,44815,0,1
600504,1,0,0,0,0,44816,0,1
600505,0,0,0,0,0,44817,0,1
600505,0,0,0,0,0,44818,0,1
600505,1,0,0,0,0,44819,0,1
600505,1,0,0,0,0,44820,0,1
600506,0,0,0,0,0,44821,0,1
600506,0,0,0,0,0,44822,0,1
600506,1,0,0,0,0,44823,0,1
600506,1,0,0,0,0,44824,0,1
600507,0,0,0,0,0,44825,0,1
600507,0,0,0,0,0,44826,0,1
600507,1,0,0,0,0,44827,0,1
600507,1,0,0,0,0,44828,0,1
600508,0,0,0,0,0,44829,0,1
600508,0,0,0,0,0,44830,0,1
600508,1,0,0,0,0,44831,0,1
600508,1,0,0,0,0,44832,0,1
600509,0,0,0,0,0,44833,0,1
600509,0,0,0,0,0,44834,0,1
600509,0,0,0,0,0,44835,0,1
600509,0,0,0,0,0,44836,0,1
600509,1,0,0,0,0,44837,0,1
600509,1,0,0,0,0,44838,0,1
600510,0,0,0,0,0,44839,0,1
600510,0,0,0,0,0,44840,0,1
600510,0,0,0,0,0,44841,0,1
600510,0,0,0,0,0,44842,0,1
600510,1,0,0,0,0,44843,0,1
600510,1,0,0,0,0,44844,0,1
600511,0,0,0,0,0,44845,0,1
600511,0,0,0,0,0,44846,0,1
600511,0,0,0,0,0,44847,0,1
600511,0,0,0,0,0,44848,0,1
600511,1,0,0,0,0,44849,0,1
600511,1,0,0,0,0,44850,0,1
600512,0,0,0,0,0,44851,0,1
600512,0,0,0,0,0,44852,0,1
600512,0,0,0,0,0,44853,0,1
600512,0,0,0,0,0,44854,0,1
600512,1,0,0,0,0,44855,0,1
600512,1,0,0,0,0,44856,0,1
600513,0,0,0,0,0,44857,0,1
600513,0,0,0,0,0,44858,0,1
600513,0,0,0,0,0,44859,0,1
600513,0,0,0,0,0,44860,0,1
600513,1,0,0,0,0,44861,0,1
600513,1,0,0,0,0,44862,0,1
600514,0,0,0,0,0,44863,0,1
600514,0,0,0,0,0,44864,0,1
600514,0,0,0,0,0,44865,0,1
600514,0,0,0,0,0,44866,0,1
600514,1,0,0,0,0,44867,0,1
600514,1,0,0,0,0,44868,0,1
600515,0,0,0,0,0,44869,0,1
600515,0,0,0,0,0,44870,0,1
600515,0,0,0,0,0,44871,0,1
600515,0,0,0,0,0,44872,0,1
600515,1,0,0,0,0,44873,0,1
600515,1,0,0,0,0,44874,0,1
600516,0,0,0,0,0,44875,0,1
600516,0,0,0,0,0,44876,0,1
600516,0,0,0,0,0,44877,0,1
600516,0,0,0,0,0,44878,0,1
600516,1,0,0,0,0,44879,0,1
600516,1,0,0,0,0,44880,0,1
600517,0,0,0,0,0,44881,0,1
600517,0,0,0,0,0,44882,0,1
600517,1,0,0,0,0,44883,0,1
600517,1,0,0,0,0,44884,0,1
600518,0,0,0,0,0,44885,0,1
600518,0,0,0,0,0,44886,0,1
600518,1,0,0,0,0,44887,0,1
600518,1,0,0,0,0,44888,0,1
600519,0,0,0,0,0,44889,0,1
600519,0,0,0,0,0,44890,0,1
600519,1,0,0,0,0,44891,0,1
600519,1,0,0,0,0,44892,0,1
600520,0,0,0,0,0,44893,0,1
600520,0,0,0,0,0,44894,0,1
600520,1,0,0,0,0,44895,0,1
600520,1,0,0,0,0,44896,0,1
600521,0,0,0,0,0,44897,0,1
600521,0,0,0,0,0,44898,0,1
600521,0,0,0,0,0,44899,0,1
600521,0,0,0,0,0,44900,0,1
600521,1,0,0,0,0,44901,0,1
600521,1,0,0,0,0,44902,0,1
600522,0,0,0,0,0,44903,0,1
600522,0,0,0,0,0,44904,0,1
600522,0,0,0,0,0,44905,0,1
600522,0,0,0,0,0,44906,0,1
600522,1,0,0,0,0,44907,0,1
600522,1,0,0,0,0,44908,0,1
600523,0,0,0,0,0,44909,0,1
600523,0,0,0,0,0,44910,0,1
600523,0,0,0,0,0,44911,0,1
600523,0,0,0,0,0,44912,0,1
600523,1,0,0,0,0,44913,0,1
600523,1,0,0,0,0,44914,0,1
600524,0,0,0,0,0,44915,0,1
600524,0,0,0,0,0,44916,0,1
600524,0,0,0,0,0,44917,0,1
600524,0,0,0,0,0,44918,0,1
600524,1,0,0,0,0,44919,0,1
600524,1,0,0,0,0,44920,0,1
570601,0,0,0,0,0,44921,0,1
570601,0,0,37,10,10000,44922,0,1
570601,1,0,0,0,0,44923,0,1
570601,1,0,0,0,0,44924,0,1
570602,0,0,0,0,0,44925,0,1
570602,0,0,0,0,0,44926,0,1
570602,0,0,0,0,0,44927,0,1
570602,0,0,37,5,10000,44928,0,1
570602,1,0,0,0,0,44929,0,1
570602,1,0,0,0,0,44930,0,1
570603,0,0,0,0,0,44931,0,1
570603,0,0,37,6,10000,44932,0,1
570603,1,0,0,0,0,44933,0,1
570603,1,0,0,0,0,44934,0,1
570604,0,0,0,0,0,44935,0,1
570604,0,0,0,0,0,44936,0,1
570604,0,0,0,0,0,44937,0,1
570604,0,0,37,5,10000,44938,0,1
570604,1,0,0,0,0,44939,0,1
570604,1,0,0,0,0,44940,0,1
570605,0,0,0,0,0,44941,0,1
570605,0,0,37,9,10000,44942,0,1
570605,1,0,0,0,0,44943,0,1
570605,1,0,0,0,0,44944,0,1
570606,0,0,0,0,0,44945,0,1
570606,0,0,37,6,10000,44946,0,1
570606,1,0,0,0,0,44947,0,1
570606,1,0,0,0,0,44948,0,1
570607,0,0,0,0,0,44949,0,1
570607,0,0,0,0,0,44950,0,1
570607,0,0,0,0,0,44951,0,1
570607,0,0,37,13,10000,44952,0,1
570607,1,0,0,0,0,44953,0,1
570607,1,0,0,0,0,44954,0,1
570608,0,0,0,0,0,44955,0,1
570608,0,0,0,0,0,44956,0,1
570608,0,0,0,0,0,44957,0,1
570608,0,0,37,5,10000,44958,0,1
570608,1,0,0,0,0,44959,0,1
570608,1,0,0,0,0,44960,0,1
570609,0,0,37,16,10000,44961,0,1
570609,1,0,0,0,0,44962,0,1
570609,1,0,0,0,0,44963,0,1
570610,0,0,37,1,10000,44964,0,1
570610,1,0,0,0,0,44965,0,1
570610,1,0,0,0,0,44966,0,1
570611,0,0,37,23,10000,44967,0,1
570611,1,0,0,0,0,44968,0,1
570611,1,0,0,0,0,44969,0,1
570612,0,0,37,45,10000,44970,0,1
570612,1,0,0,0,0,44971,0,1
570612,1,0,0,0,0,44972,0,1
570613,0,0,37,24,10000,44973,0,1
570613,1,0,0,0,0,44974,0,1
570613,1,0,0,0,0,44975,0,1
570614,0,0,37,25,10000,44976,0,1
570614,1,0,0,0,0,44977,0,1
570614,1,0,0,0,0,44978,0,1
570615,0,0,0,0,0,44979,0,1
570615,0,0,37,10,10000,44980,0,1
570615,1,0,0,0,0,44981,0,1
570615,1,0,0,0,0,44982,0,1
570616,0,0,0,0,0,44983,0,1
570616,0,0,0,0,0,44984,0,1
570616,0,0,0,0,0,44985,0,1
570616,0,0,37,5,10000,44986,0,1
570616,1,0,0,0,0,44987,0,1
570616,1,0,0,0,0,44988,0,1
570617,0,0,0,0,0,44989,0,1
570617,0,0,37,6,10000,44990,0,1
570617,1,0,0,0,0,44991,0,1
570617,1,0,0,0,0,44992,0,1
570618,0,0,0,0,0,44993,0,1
570618,0,0,0,0,0,44994,0,1
570618,0,0,0,0,0,44995,0,1
570618,0,0,37,5,10000,44996,0,1
570618,1,0,0,0,0,44997,0,1
570618,1,0,0,0,0,44998,0,1
570619,0,0,0,0,0,44999,0,1
570619,0,0,37,9,10000,45000,0,1
570619,1,0,0,0,0,45001,0,1
570619,1,0,0,0,0,45002,0,1
570620,0,0,0,0,0,45003,0,1
570620,0,0,37,6,10000,45004,0,1
570620,1,0,0,0,0,45005,0,1
570620,1,0,0,0,0,45006,0,1
570621,0,0,0,0,0,45007,0,1
570621,0,0,0,0,0,45008,0,1
570621,0,0,0,0,0,45009,0,1
570621,0,0,37,13,10000,45010,0,1
570621,1,0,0,0,0,45011,0,1
570621,1,0,0,0,0,45012,0,1
570622,0,0,0,0,0,45013,0,1
570622,0,0,0,0,0,45014,0,1
570622,0,0,0,0,0,45015,0,1
570622,0,0,37,5,10000,45016,0,1
570622,1,0,0,0,0,45017,0,1
570622,1,0,0,0,0,45018,0,1
570623,0,0,37,16,10000,45019,0,1
570623,1,0,0,0,0,45020,0,1
570623,1,0,0,0,0,45021,0,1
570624,0,0,37,1,10000,45022,0,1
570624,1,0,0,0,0,45023,0,1
570624,1,0,0,0,0,45024,0,1
570625,0,0,37,23,10000,45025,0,1
570625,1,0,0,0,0,45026,0,1
570625,1,0,0,0,0,45027,0,1
570626,0,0,37,45,10000,45028,0,1
570626,1,0,0,0,0,45029,0,1
570626,1,0,0,0,0,45030,0,1
570627,0,0,37,24,10000,45031,0,1
570627,1,0,0,0,0,45032,0,1
570627,1,0,0,0,0,45033,0,1
570628,0,0,37,25,10000,45034,0,1
570628,1,0,0,0,0,45035,0,1
570628,1,0,0,0,0,45036,0,1
570629,0,0,0,0,0,45037,0,1
570629,0,0,37,10,10000,45038,0,1
570629,1,0,0,0,0,45039,0,1
570629,1,0,0,0,0,45040,0,1
570630,0,0,0,0,0,45041,0,1
570630,0,0,0,0,0,45042,0,1
570630,0,0,0,0,0,45043,0,1
570630,0,0,37,5,10000,45044,0,1
570630,1,0,0,0,0,45045,0,1
570630,1,0,0,0,0,45046,0,1
570631,0,0,0,0,0,45047,0,1
570631,0,0,37,6,10000,45048,0,1
570631,1,0,0,0,0,45049,0,1
570631,1,0,0,0,0,45050,0,1
570632,0,0,0,0,0,45051,0,1
570632,0,0,0,0,0,45052,0,1
570632,0,0,0,0,0,45053,0,1
570632,0,0,37,5,10000,45054,0,1
570632,1,0,0,0,0,45055,0,1
570632,1,0,0,0,0,45056,0,1
570633,0,0,0,0,0,45057,0,1
570633,0,0,37,9,10000,45058,0,1
570633,1,0,0,0,0,45059,0,1
570633,1,0,0,0,0,45060,0,1
570634,0,0,0,0,0,45061,0,1
570634,0,0,37,6,10000,45062,0,1
570634,1,0,0,0,0,45063,0,1
570634,1,0,0,0,0,45064,0,1
570635,0,0,0,0,0,45065,0,1
570635,0,0,0,0,0,45066,0,1
570635,0,0,0,0,0,45067,0,1
570635,0,0,37,13,10000,45068,0,1
570635,1,0,0,0,0,45069,0,1
570635,1,0,0,0,0,45070,0,1
570636,0,0,0,0,0,45071,0,1
570636,0,0,0,0,0,45072,0,1
570636,0,0,0,0,0,45073,0,1
570636,0,0,37,5,10000,45074,0,1
570636,1,0,0,0,0,45075,0,1
570636,1,0,0,0,0,45076,0,1
570637,0,0,37,16,10000,45077,0,1
570637,1,0,0,0,0,45078,0,1
570637,1,0,0,0,0,45079,0,1
570638,0,0,37,1,10000,45080,0,1
570638,1,0,0,0,0,45081,0,1
570638,1,0,0,0,0,45082,0,1
570639,0,0,37,23,10000,45083,0,1
570639,1,0,0,0,0,45084,0,1
570639,1,0,0,0,0,45085,0,1
570640,0,0,37,45,10000,45086,0,1
570640,1,0,0,0,0,45087,0,1
570640,1,0,0,0,0,45088,0,1
570641,0,0,37,24,10000,45089,0,1
570641,1,0,0,0,0,45090,0,1
570641,1,0,0,0,0,45091,0,1
570642,0,0,37,25,10000,45092,0,1
570642,1,0,0,0,0,45093,0,1
570642,1,0,0,0,0,45094,0,1
570643,0,0,0,0,0,45095,0,1
570643,0,0,37,10,10000,45096,0,1
570643,1,0,0,0,0,45097,0,1
570643,1,0,0,0,0,45098,0,1
570644,0,0,0,0,0,45099,0,1
570644,0,0,0,0,0,45100,0,1
570644,0,0,0,0,0,45101,0,1
570644,0,0,37,5,10000,45102,0,1
570644,1,0,0,0,0,45103,0,1
570644,1,0,0,0,0,45104,0,1
570645,0,0,0,0,0,45105,0,1
570645,0,0,37,6,10000,45106,0,1
570645,1,0,0,0,0,45107,0,1
570645,1,0,0,0,0,45108,0,1
570646,0,0,0,0,0,45109,0,1
570646,0,0,0,0,0,45110,0,1
570646,0,0,0,0,0,45111,0,1
570646,0,0,37,5,10000,45112,0,1
570646,1,0,0,0,0,45113,0,1
570646,1,0,0,0,0,45114,0,1
570647,0,0,0,0,0,45115,0,1
570647,0,0,37,9,10000,45116,0,1
570647,1,0,0,0,0,45117,0,1
570647,1,0,0,0,0,45118,0,1
570648,0,0,0,0,0,45119,0,1
570648,0,0,37,6,10000,45120,0,1
570648,1,0,0,0,0,45121,0,1
570648,1,0,0,0,0,45122,0,1
570649,0,0,0,0,0,45123,0,1
570649,0,0,0,0,0,45124,0,1
570649,0,0,0,0,0,45125,0,1
570649,0,0,37,13,10000,45126,0,1
570649,1,0,0,0,0,45127,0,1
570649,1,0,0,0,0,45128,0,1
570650,0,0,0,0,0,45129,0,1
570650,0,0,0,0,0,45130,0,1
570650,0,0,0,0,0,45131,0,1
570650,0,0,37,5,10000,45132,0,1
570650,1,0,0,0,0,45133,0,1
570650,1,0,0,0,0,45134,0,1
570651,0,0,37,16,10000,45135,0,1
570651,1,0,0,0,0,45136,0,1
570651,1,0,0,0,0,45137,0,1
570652,0,0,37,1,10000,45138,0,1
570652,1,0,0,0,0,45139,0,1
570652,1,0,0,0,0,45140,0,1
570653,0,0,37,23,10000,45141,0,1
570653,1,0,0,0,0,45142,0,1
570653,1,0,0,0,0,45143,0,1
570654,0,0,37,45,10000,45144,0,1
570654,1,0,0,0,0,45145,0,1
570654,1,0,0,0,0,45146,0,1
570655,0,0,37,24,10000,45147,0,1
570655,1,0,0,0,0,45148,0,1
570655,1,0,0,0,0,45149,0,1
570656,0,0,37,25,10000,45150,0,1
570656,1,0,0,0,0,45151,0,1
570656,1,0,0,0,0,45152,0,1
600601,0,0,0,0,0,45153,0,1
600601,0,0,37,10,10000,45154,0,1
600601,1,0,0,0,0,45155,0,1
600601,1,0,0,0,0,45156,0,1
600602,0,0,0,0,0,45157,0,1
600602,0,0,0,0,0,45158,0,1
600602,0,0,0,0,0,45159,0,1
600602,0,0,37,5,10000,45160,0,1
600602,1,0,0,0,0,45161,0,1
600602,1,0,0,0,0,45162,0,1
600603,0,0,0,0,0,45163,0,1
600603,0,0,37,6,10000,45164,0,1
600603,1,0,0,0,0,45165,0,1
600603,1,0,0,0,0,45166,0,1
600604,0,0,0,0,0,45167,0,1
600604,0,0,0,0,0,45168,0,1
600604,0,0,0,0,0,45169,0,1
600604,0,0,37,5,10000,45170,0,1
600604,1,0,0,0,0,45171,0,1
600604,1,0,0,0,0,45172,0,1
600605,0,0,0,0,0,45173,0,1
600605,0,0,37,9,10000,45174,0,1
600605,1,0,0,0,0,45175,0,1
600605,1,0,0,0,0,45176,0,1
600606,0,0,0,0,0,45177,0,1
600606,0,0,37,6,10000,45178,0,1
600606,1,0,0,0,0,45179,0,1
600606,1,0,0,0,0,45180,0,1
600607,0,0,0,0,0,45181,0,1
600607,0,0,0,0,0,45182,0,1
600607,0,0,0,0,0,45183,0,1
600607,0,0,37,13,10000,45184,0,1
600607,1,0,0,0,0,45185,0,1
600607,1,0,0,0,0,45186,0,1
600608,0,0,0,0,0,45187,0,1
600608,0,0,0,0,0,45188,0,1
600608,0,0,0,0,0,45189,0,1
600608,0,0,37,5,10000,45190,0,1
600608,1,0,0,0,0,45191,0,1
600608,1,0,0,0,0,45192,0,1
600609,0,0,37,16,10000,45193,0,1
600609,1,0,0,0,0,45194,0,1
600609,1,0,0,0,0,45195,0,1
600610,0,0,37,1,10000,45196,0,1
600610,1,0,0,0,0,45197,0,1
600610,1,0,0,0,0,45198,0,1
600611,0,0,37,23,10000,45199,0,1
600611,1,0,0,0,0,45200,0,1
600611,1,0,0,0,0,45201,0,1
600612,0,0,37,45,10000,45202,0,1
600612,1,0,0,0,0,45203,0,1
600612,1,0,0,0,0,45204,0,1
600613,0,0,37,24,10000,45205,0,1
600613,1,0,0,0,0,45206,0,1
600613,1,0,0,0,0,45207,0,1
600614,0,0,37,25,10000,45208,0,1
600614,1,0,0,0,0,45209,0,1
600614,1,0,0,0,0,45210,0,1
600615,0,0,0,0,0,45211,0,1
600615,0,0,37,10,10000,45212,0,1
600615,1,0,0,0,0,45213,0,1
600615,1,0,0,0,0,45214,0,1
600616,0,0,0,0,0,45215,0,1
600616,0,0,0,0,0,45216,0,1
600616,0,0,0,0,0,45217,0,1
600616,0,0,37,5,10000,45218,0,1
600616,1,0,0,0,0,45219,0,1
600616,1,0,0,0,0,45220,0,1
600617,0,0,0,0,0,45221,0,1
600617,0,0,37,6,10000,45222,0,1
600617,1,0,0,0,0,45223,0,1
600617,1,0,0,0,0,45224,0,1
600618,0,0,0,0,0,45225,0,1
600618,0,0,0,0,0,45226,0,1
600618,0,0,0,0,0,45227,0,1
600618,0,0,37,5,10000,45228,0,1
600618,1,0,0,0,0,45229,0,1
600618,1,0,0,0,0,45230,0,1
600619,0,0,0,0,0,45231,0,1
600619,0,0,37,9,10000,45232,0,1
600619,1,0,0,0,0,45233,0,1
600619,1,0,0,0,0,45234,0,1
600620,0,0,0,0,0,45235,0,1
600620,0,0,37,6,10000,45236,0,1
600620,1,0,0,0,0,45237,0,1
600620,1,0,0,0,0,45238,0,1
600621,0,0,0,0,0,45239,0,1
600621,0,0,0,0,0,45240,0,1
600621,0,0,0,0,0,45241,0,1
600621,0,0,37,13,10000,45242,0,1
600621,1,0,0,0,0,45243,0,1
600621,1,0,0,0,0,45244,0,1
600622,0,0,0,0,0,45245,0,1
600622,0,0,0,0,0,45246,0,1
600622,0,0,0,0,0,45247,0,1
600622,0,0,37,5,10000,45248,0,1
600622,1,0,0,0,0,45249,0,1
600622,1,0,0,0,0,45250,0,1
600623,0,0,37,16,10000,45251,0,1
600623,1,0,0,0,0,45252,0,1
600623,1,0,0,0,0,45253,0,1
600624,0,0,37,1,10000,45254,0,1
600624,1,0,0,0,0,45255,0,1
600624,1,0,0,0,0,45256,0,1
600625,0,0,37,23,10000,45257,0,1
600625,1,0,0,0,0,45258,0,1
600625,1,0,0,0,0,45259,0,1
600626,0,0,37,45,10000,45260,0,1
600626,1,0,0,0,0,45261,0,1
600626,1,0,0,0,0,45262,0,1
600627,0,0,37,24,10000,45263,0,1
600627,1,0,0,0,0,45264,0,1
600627,1,0,0,0,0,45265,0,1
600628,0,0,37,25,10000,45266,0,1
600628,1,0,0,0,0,45267,0,1
600628,1,0,0,0,0,45268,0,1
570701,0,0,0,0,0,45269,0,1
570701,0,0,0,0,0,45270,0,1
570701,0,0,0,0,0,45271,0,1
570701,0,0,0,0,0,45272,0,1
570702,0,0,0,0,0,45273,0,1
570702,0,0,0,0,0,45274,0,1
570702,0,0,0,0,0,45275,0,1
570702,0,0,0,0,0,45276,0,1
570703,0,0,0,0,0,45277,0,1
570703,0,0,0,0,0,45278,0,1
570703,0,0,0,0,0,45279,0,1
570703,0,0,0,0,0,45280,0,1
570704,0,0,0,0,0,45281,0,1
570704,0,0,0,0,0,45282,0,1
570704,0,0,0,0,0,45283,0,1
570704,0,0,0,0,0,45284,0,1
570705,0,0,0,0,0,45285,0,1
570705,0,0,0,0,0,45286,0,1
570705,0,0,0,0,0,45287,0,1
570705,0,0,0,0,0,45288,0,1
570706,0,0,0,0,0,45289,0,1
570706,0,0,0,0,0,45290,0,1
570706,0,0,0,0,0,45291,0,1
570706,0,0,0,0,0,45292,0,1
570707,0,0,0,0,0,45293,0,1
570707,0,0,0,0,0,45294,0,1
570707,0,0,0,0,0,45295,0,1
570707,0,0,0,0,0,45296,0,1
570708,0,0,0,0,0,45297,0,1
570708,0,0,0,0,0,45298,0,1
570708,0,0,0,0,0,45299,0,1
570708,0,0,0,0,0,45300,0,1
570709,0,0,0,0,0,45301,0,1
570709,0,0,0,0,0,45302,0,1
570709,0,0,0,0,0,45303,0,1
570709,0,0,0,0,0,45304,0,1
570710,0,0,0,0,0,45305,0,1
570710,0,0,0,0,0,45306,0,1
570710,0,0,0,0,0,45307,0,1
570710,0,0,0,0,0,45308,0,1
570711,0,0,0,0,0,45309,0,1
570711,0,0,0,0,0,45310,0,1
570711,0,0,0,0,0,45311,0,1
570711,0,0,0,0,0,45312,0,1
570712,0,0,0,0,0,45313,0,1
570712,0,0,0,0,0,45314,0,1
570712,0,0,0,0,0,45315,0,1
570712,0,0,0,0,0,45316,0,1
570713,0,0,0,0,0,45317,0,1
570713,0,0,0,0,0,45318,0,1
570713,0,0,0,0,0,45319,0,1
570713,0,0,0,0,0,45320,0,1
570714,0,0,0,0,0,45321,0,1
570714,0,0,0,0,0,45322,0,1
570714,0,0,0,0,0,45323,0,1
570714,0,0,0,0,0,45324,0,1
570715,0,0,0,0,0,45325,0,1
570715,0,0,0,0,0,45326,0,1
570715,0,0,0,0,0,45327,0,1
570715,0,0,0,0,0,45328,0,1
570716,0,0,0,0,0,45329,0,1
570716,0,0,0,0,0,45330,0,1
570716,0,0,0,0,0,45331,0,1
570716,0,0,0,0,0,45332,0,1
570717,0,0,0,0,0,45333,0,1
570717,0,0,0,0,0,45334,0,1
570717,0,0,0,0,0,45335,0,1
570717,0,0,0,0,0,45336,0,1
570718,0,0,0,0,0,45337,0,1
570718,0,0,0,0,0,45338,0,1
570718,0,0,0,0,0,45339,0,1
570718,0,0,0,0,0,45340,0,1
570719,0,0,0,0,0,45341,0,1
570719,0,0,0,0,0,45342,0,1
570719,0,0,0,0,0,45343,0,1
570719,0,0,0,0,0,45344,0,1
570720,0,0,0,0,0,45345,0,1
570720,0,0,0,0,0,45346,0,1
570720,0,0,0,0,0,45347,0,1
570720,0,0,0,0,0,45348,0,1
570721,0,0,0,0,0,45349,0,1
570721,0,0,0,0,0,45350,0,1
570721,0,0,0,0,0,45351,0,1
570721,0,0,0,0,0,45352,0,1
570722,0,0,0,0,0,45353,0,1
570722,0,0,0,0,0,45354,0,1
570722,0,0,0,0,0,45355,0,1
570722,0,0,0,0,0,45356,0,1
570723,0,0,0,0,0,45357,0,1
570723,0,0,0,0,0,45358,0,1
570723,0,0,0,0,0,45359,0,1
570723,0,0,0,0,0,45360,0,1
570724,0,0,0,0,0,45361,0,1
570724,0,0,0,0,0,45362,0,1
570724,0,0,0,0,0,45363,0,1
570724,0,0,0,0,0,45364,0,1
570725,0,0,0,0,0,45365,0,1
570725,0,0,0,0,0,45366,0,1
570726,0,0,0,0,0,45367,0,1
570726,0,0,0,0,0,45368,0,1
570727,0,0,0,0,0,45369,0,1
570727,0,0,0,0,0,45370,0,1
570728,0,0,0,0,0,45371,0,1
570728,0,0,0,0,0,45372,0,1
570729,0,0,0,0,0,45373,0,1
570729,0,0,0,0,0,45374,0,1
570730,0,0,0,0,0,45375,0,1
570730,0,0,0,0,0,45376,0,1
570731,0,0,0,0,0,45377,0,1
570731,0,0,0,0,0,45378,0,1
570732,0,0,0,0,0,45379,0,1
570732,0,0,0,0,0,45380,0,1
570733,0,0,0,0,0,45381,0,1
570733,0,0,0,0,0,45382,0,1
570734,0,0,0,0,0,45383,0,1
570734,0,0,0,0,0,45384,0,1
570735,0,0,0,0,0,45385,0,1
570735,0,0,0,0,0,45386,0,1
570736,0,0,0,0,0,45387,0,1
570736,0,0,0,0,0,45388,0,1
570737,0,0,0,0,0,45389,0,1
570737,0,0,0,0,0,45390,0,1
570738,0,0,0,0,0,45391,0,1
570738,0,0,0,0,0,45392,0,1
570739,0,0,0,0,0,45393,0,1
570739,0,0,0,0,0,45394,0,1
570740,0,0,0,0,0,45395,0,1
570740,0,0,0,0,0,45396,0,1
570741,0,0,0,0,0,45397,0,1
570741,0,0,0,0,0,45398,0,1
570742,0,0,0,0,0,45399,0,1
570742,0,0,0,0,0,45400,0,1
570743,0,0,0,0,0,45401,0,1
570743,0,0,0,0,0,45402,0,1
570744,0,0,0,0,0,45403,0,1
570744,0,0,0,0,0,45404,0,1
570745,0,0,0,0,0,45405,0,1
570745,0,0,0,0,0,45406,0,1
570746,0,0,0,0,0,45407,0,1
570746,0,0,0,0,0,45408,0,1
570747,0,0,0,0,0,45409,0,1
570747,0,0,0,0,0,45410,0,1
570748,0,0,0,0,0,45411,0,1
570748,0,0,0,0,0,45412,0,1
570749,0,0,0,0,0,45413,0,1
570749,0,0,0,0,0,45414,0,1
570749,0,0,0,0,0,45415,0,1
570749,0,0,0,0,0,45416,0,1
570750,0,0,0,0,0,45417,0,1
570750,0,0,0,0,0,45418,0,1
570750,0,0,0,0,0,45419,0,1
570750,0,0,0,0,0,45420,0,1
570751,0,0,0,0,0,45421,0,1
570751,0,0,0,0,0,45422,0,1
570751,0,0,0,0,0,45423,0,1
570751,0,0,0,0,0,45424,0,1
570752,0,0,0,0,0,45425,0,1
570752,0,0,0,0,0,45426,0,1
570752,0,0,0,0,0,45427,0,1
570752,0,0,0,0,0,45428,0,1
570753,0,0,0,0,0,45429,0,1
570753,0,0,0,0,0,45430,0,1
570753,0,0,0,0,0,45431,0,1
570753,0,0,0,0,0,45432,0,1
570754,0,0,0,0,0,45433,0,1
570754,0,0,0,0,0,45434,0,1
570754,0,0,0,0,0,45435,0,1
570754,0,0,0,0,0,45436,0,1
570755,0,0,0,0,0,45437,0,1
570755,0,0,0,0,0,45438,0,1
570755,0,0,0,0,0,45439,0,1
570755,0,0,0,0,0,45440,0,1
570756,0,0,0,0,0,45441,0,1
570756,0,0,0,0,0,45442,0,1
570756,0,0,0,0,0,45443,0,1
570756,0,0,0,0,0,45444,0,1
570757,0,0,0,0,0,45445,0,1
570757,0,0,0,0,0,45446,0,1
570757,0,0,0,0,0,45447,0,1
570757,0,0,0,0,0,45448,0,1
570758,0,0,0,0,0,45449,0,1
570758,0,0,0,0,0,45450,0,1
570758,0,0,0,0,0,45451,0,1
570758,0,0,0,0,0,45452,0,1
570759,0,0,0,0,0,45453,0,1
570759,0,0,0,0,0,45454,0,1
570759,0,0,0,0,0,45455,0,1
570759,0,0,0,0,0,45456,0,1
570760,0,0,0,0,0,45457,0,1
570760,0,0,0,0,0,45458,0,1
570760,0,0,0,0,0,45459,0,1
570760,0,0,0,0,0,45460,0,1
570761,0,0,0,0,0,45461,0,1
570761,0,0,0,0,0,45462,0,1
570761,0,0,0,0,0,45463,0,1
570761,0,0,0,0,0,45464,0,1
570762,0,0,0,0,0,45465,0,1
570762,0,0,0,0,0,45466,0,1
570762,0,0,0,0,0,45467,0,1
570762,0,0,0,0,0,45468,0,1
570763,0,0,0,0,0,45469,0,1
570763,0,0,0,0,0,45470,0,1
570763,0,0,0,0,0,45471,0,1
570763,0,0,0,0,0,45472,0,1
570764,0,0,0,0,0,45473,0,1
570764,0,0,0,0,0,45474,0,1
570764,0,0,0,0,0,45475,0,1
570764,0,0,0,0,0,45476,0,1
570765,0,0,0,0,0,45477,0,1
570765,0,0,0,0,0,45478,0,1
570765,0,0,0,0,0,45479,0,1
570765,0,0,0,0,0,45480,0,1
570766,0,0,0,0,0,45481,0,1
570766,0,0,0,0,0,45482,0,1
570766,0,0,0,0,0,45483,0,1
570766,0,0,0,0,0,45484,0,1
570767,0,0,0,0,0,45485,0,1
570767,0,0,0,0,0,45486,0,1
570767,0,0,0,0,0,45487,0,1
570767,0,0,0,0,0,45488,0,1
570768,0,0,0,0,0,45489,0,1
570768,0,0,0,0,0,45490,0,1
570768,0,0,0,0,0,45491,0,1
570768,0,0,0,0,0,45492,0,1
570769,0,0,0,0,0,45493,0,1
570769,0,0,0,0,0,45494,0,1
570769,0,0,0,0,0,45495,0,1
570769,0,0,0,0,0,45496,0,1
570770,0,0,0,0,0,45497,0,1
570770,0,0,0,0,0,45498,0,1
570770,0,0,0,0,0,45499,0,1
570770,0,0,0,0,0,45500,0,1
570771,0,0,0,0,0,45501,0,1
570771,0,0,0,0,0,45502,0,1
570771,0,0,0,0,0,45503,0,1
570771,0,0,0,0,0,45504,0,1
570772,0,0,0,0,0,45505,0,1
570772,0,0,0,0,0,45506,0,1
570772,0,0,0,0,0,45507,0,1
570772,0,0,0,0,0,45508,0,1
570801,0,0,0,0,0,45509,0,1
570801,0,0,37,10,10000,45510,0,1
570802,0,0,0,0,0,45511,0,1
570802,0,0,37,10,10000,45512,0,1
570803,0,0,0,0,0,45513,0,1
570803,0,0,37,10,10000,45514,0,1
570804,0,0,0,0,0,45515,0,1
570804,0,0,37,10,10000,45516,0,1
570805,0,0,0,0,0,45517,0,1
570805,0,0,37,10,10000,45518,0,1
570806,0,0,0,0,0,45519,0,1
570806,0,0,37,10,10000,45520,0,1
570807,0,0,0,0,0,45521,0,1
570807,0,0,37,10,10000,45522,0,1
570808,0,0,0,0,0,45523,0,1
570808,0,0,0,0,0,45524,0,1
570808,0,0,0,0,0,45525,0,1
570808,0,0,37,5,10000,45526,0,1
570809,0,0,0,0,0,45527,0,1
570809,0,0,0,0,0,45528,0,1
570809,0,0,0,0,0,45529,0,1
570809,0,0,37,5,10000,45530,0,1
570810,0,0,0,0,0,45531,0,1
570810,0,0,0,0,0,45532,0,1
570810,0,0,0,0,0,45533,0,1
570810,0,0,37,5,10000,45534,0,1
570811,0,0,0,0,0,45535,0,1
570811,0,0,0,0,0,45536,0,1
570811,0,0,0,0,0,45537,0,1
570811,0,0,37,5,10000,45538,0,1
570812,0,0,0,0,0,45539,0,1
570812,0,0,0,0,0,45540,0,1
570812,0,0,0,0,0,45541,0,1
570812,0,0,37,5,10000,45542,0,1
570813,0,0,0,0,0,45543,0,1
570813,0,0,0,0,0,45544,0,1
570813,0,0,0,0,0,45545,0,1
570813,0,0,37,5,10000,45546,0,1
570814,0,0,0,0,0,45547,0,1
570814,0,0,0,0,0,45548,0,1
570814,0,0,0,0,0,45549,0,1
570814,0,0,37,5,10000,45550,0,1
570815,0,0,0,0,0,45551,0,1
570815,0,0,37,6,10000,45552,0,1
570816,0,0,0,0,0,45553,0,1
570816,0,0,37,6,10000,45554,0,1
570817,0,0,0,0,0,45555,0,1
570817,0,0,37,6,10000,45556,0,1
570818,0,0,0,0,0,45557,0,1
570818,0,0,37,6,10000,45558,0,1
570819,0,0,0,0,0,45559,0,1
570819,0,0,37,6,10000,45560,0,1
570820,0,0,0,0,0,45561,0,1
570820,0,0,37,6,10000,45562,0,1
570821,0,0,0,0,0,45563,0,1
570821,0,0,37,6,10000,45564,0,1
570822,0,0,0,0,0,45565,0,1
570822,0,0,0,0,0,45566,0,1
570822,0,0,0,0,0,45567,0,1
570822,0,0,37,5,10000,45568,0,1
570823,0,0,0,0,0,45569,0,1
570823,0,0,0,0,0,45570,0,1
570823,0,0,0,0,0,45571,0,1
570823,0,0,37,5,10000,45572,0,1
570824,0,0,0,0,0,45573,0,1
570824,0,0,0,0,0,45574,0,1
570824,0,0,0,0,0,45575,0,1
570824,0,0,37,5,10000,45576,0,1
570825,0,0,0,0,0,45577,0,1
570825,0,0,0,0,0,45578,0,1
570825,0,0,0,0,0,45579,0,1
570825,0,0,37,5,10000,45580,0,1
570826,0,0,0,0,0,45581,0,1
570826,0,0,0,0,0,45582,0,1
570826,0,0,0,0,0,45583,0,1
570826,0,0,37,5,10000,45584,0,1
570827,0,0,0,0,0,45585,0,1
570827,0,0,0,0,0,45586,0,1
570827,0,0,0,0,0,45587,0,1
570827,0,0,37,5,10000,45588,0,1
570828,0,0,0,0,0,45589,0,1
570828,0,0,0,0,0,45590,0,1
570828,0,0,0,0,0,45591,0,1
570828,0,0,37,5,10000,45592,0,1
570829,0,0,0,0,0,45593,0,1
570829,0,0,37,9,10000,45594,0,1
570830,0,0,0,0,0,45595,0,1
570830,0,0,37,9,10000,45596,0,1
570831,0,0,0,0,0,45597,0,1
570831,0,0,37,9,10000,45598,0,1
570832,0,0,0,0,0,45599,0,1
570832,0,0,37,9,10000,45600,0,1
570833,0,0,0,0,0,45601,0,1
570833,0,0,37,9,10000,45602,0,1
570834,0,0,0,0,0,45603,0,1
570834,0,0,37,9,10000,45604,0,1
570835,0,0,0,0,0,45605,0,1
570835,0,0,37,9,10000,45606,0,1
570836,0,0,0,0,0,45607,0,1
570836,0,0,37,6,10000,45608,0,1
570837,0,0,0,0,0,45609,0,1
570837,0,0,37,6,10000,45610,0,1
570838,0,0,0,0,0,45611,0,1
570838,0,0,37,6,10000,45612,0,1
570839,0,0,0,0,0,45613,0,1
570839,0,0,37,6,10000,45614,0,1
570840,0,0,0,0,0,45615,0,1
570840,0,0,37,6,10000,45616,0,1
570841,0,0,0,0,0,45617,0,1
570841,0,0,37,6,10000,45618,0,1
570842,0,0,0,0,0,45619,0,1
570842,0,0,37,6,10000,45620,0,1
570843,0,0,0,0,0,45621,0,1
570843,0,0,0,0,0,45622,0,1
570843,0,0,0,0,0,45623,0,1
570843,0,0,37,13,10000,45624,0,1
570844,0,0,0,0,0,45625,0,1
570844,0,0,0,0,0,45626,0,1
570844,0,0,0,0,0,45627,0,1
570844,0,0,37,13,10000,45628,0,1
570845,0,0,0,0,0,45629,0,1
570845,0,0,0,0,0,45630,0,1
570845,0,0,0,0,0,45631,0,1
570845,0,0,37,13,10000,45632,0,1
570846,0,0,0,0,0,45633,0,1
570846,0,0,0,0,0,45634,0,1
570846,0,0,0,0,0,45635,0,1
570846,0,0,37,13,10000,45636,0,1
570847,0,0,0,0,0,45637,0,1
570847,0,0,0,0,0,45638,0,1
570847,0,0,0,0,0,45639,0,1
570847,0,0,37,13,10000,45640,0,1
570848,0,0,0,0,0,45641,0,1
570848,0,0,0,0,0,45642,0,1
570848,0,0,0,0,0,45643,0,1
570848,0,0,37,13,10000,45644,0,1
570849,0,0,0,0,0,45645,0,1
570849,0,0,0,0,0,45646,0,1
570849,0,0,0,0,0,45647,0,1
570849,0,0,37,13,10000,45648,0,1
570850,0,0,0,0,0,45649,0,1
570850,0,0,0,0,0,45650,0,1
570850,0,0,0,0,0,45651,0,1
570850,0,0,37,5,10000,45652,0,1
570851,0,0,0,0,0,45653,0,1
570851,0,0,0,0,0,45654,0,1
570851,0,0,0,0,0,45655,0,1
570851,0,0,37,5,10000,45656,0,1
570852,0,0,0,0,0,45657,0,1
570852,0,0,0,0,0,45658,0,1
570852,0,0,0,0,0,45659,0,1
570852,0,0,37,5,10000,45660,0,1
570853,0,0,0,0,0,45661,0,1
570853,0,0,0,0,0,45662,0,1
570853,0,0,0,0,0,45663,0,1
570853,0,0,37,5,10000,45664,0,1
570854,0,0,0,0,0,45665,0,1
570854,0,0,0,0,0,45666,0,1
570854,0,0,0,0,0,45667,0,1
570854,0,0,37,5,10000,45668,0,1
570855,0,0,0,0,0,45669,0,1
570855,0,0,0,0,0,45670,0,1
570855,0,0,0,0,0,45671,0,1
570855,0,0,37,5,10000,45672,0,1
570856,0,0,0,0,0,45673,0,1
570856,0,0,0,0,0,45674,0,1
570856,0,0,0,0,0,45675,0,1
570856,0,0,37,5,10000,45676,0,1
570857,0,0,37,16,10000,45677,0,1
570858,0,0,37,16,10000,45678,0,1
570859,0,0,37,16,10000,45679,0,1
570860,0,0,37,16,10000,45680,0,1
570861,0,0,37,16,10000,45681,0,1
570862,0,0,37,16,10000,45682,0,1
570863,0,0,37,16,10000,45683,0,1
570864,0,0,37,1,10000,45684,0,1
570865,0,0,37,1,10000,45685,0,1
570866,0,0,37,1,10000,45686,0,1
570867,0,0,37,1,10000,45687,0,1
570868,0,0,37,1,10000,45688,0,1
570869,0,0,37,1,10000,45689,0,1
570870,0,0,37,1,10000,45690,0,1
570871,0,0,37,23,10000,45691,0,1
570872,0,0,37,23,10000,45692,0,1
570873,0,0,37,23,10000,45693,0,1
570874,0,0,37,23,10000,45694,0,1
570875,0,0,37,23,10000,45695,0,1
570876,0,0,37,23,10000,45696,0,1
570877,0,0,37,23,10000,45697,0,1
570878,0,0,37,45,10000,45698,0,1
570879,0,0,37,45,10000,45699,0,1
570880,0,0,37,45,10000,45700,0,1
570881,0,0,37,45,10000,45701,0,1
570882,0,0,37,45,10000,45702,0,1
570883,0,0,37,45,10000,45703,0,1
570884,0,0,37,45,10000,45704,0,1
570885,0,0,37,24,10000,45705,0,1
570886,0,0,37,24,10000,45706,0,1
570887,0,0,37,24,10000,45707,0,1
570888,0,0,37,24,10000,45708,0,1
570889,0,0,37,24,10000,45709,0,1
570890,0,0,37,24,10000,45710,0,1
570891,0,0,37,24,10000,45711,0,1
570892,0,0,37,25,10000,45712,0,1
570893,0,0,37,25,10000,45713,0,1
570894,0,0,37,25,10000,45714,0,1
570895,0,0,37,25,10000,45715,0,1
570896,0,0,37,25,10000,45716,0,1
570897,0,0,37,25,10000,45717,0,1
570898,0,0,37,25,10000,45718,0,1
570901,0,0,0,0,0,45719,0,1
570901,0,0,37,10,10000,45720,0,1
570902,0,0,0,0,0,45721,0,1
570902,0,0,37,10,10000,45722,0,1
570903,0,0,0,0,0,45723,0,1
570903,0,0,37,10,10000,45724,0,1
570904,0,0,0,0,0,45725,0,1
570904,0,0,37,10,10000,45726,0,1
570905,0,0,0,0,0,45727,0,1
570905,0,0,37,10,10000,45728,0,1
570906,0,0,0,0,0,45729,0,1
570906,0,0,37,10,10000,45730,0,1
570907,0,0,0,0,0,45731,0,1
570907,0,0,37,10,10000,45732,0,1
570908,0,0,0,0,0,45733,0,1
570908,0,0,0,0,0,45734,0,1
570908,0,0,0,0,0,45735,0,1
570908,0,0,37,5,10000,45736,0,1
570909,0,0,0,0,0,45737,0,1
570909,0,0,0,0,0,45738,0,1
570909,0,0,0,0,0,45739,0,1
570909,0,0,37,5,10000,45740,0,1
570910,0,0,0,0,0,45741,0,1
570910,0,0,0,0,0,45742,0,1
570910,0,0,0,0,0,45743,0,1
570910,0,0,37,5,10000,45744,0,1
570911,0,0,0,0,0,45745,0,1
570911,0,0,0,0,0,45746,0,1
570911,0,0,0,0,0,45747,0,1
570911,0,0,37,5,10000,45748,0,1
570912,0,0,0,0,0,45749,0,1
570912,0,0,0,0,0,45750,0,1
570912,0,0,0,0,0,45751,0,1
570912,0,0,37,5,10000,45752,0,1
570913,0,0,0,0,0,45753,0,1
570913,0,0,0,0,0,45754,0,1
570913,0,0,0,0,0,45755,0,1
570913,0,0,37,5,10000,45756,0,1
570914,0,0,0,0,0,45757,0,1
570914,0,0,0,0,0,45758,0,1
570914,0,0,0,0,0,45759,0,1
570914,0,0,37,5,10000,45760,0,1
570915,0,0,0,0,0,45761,0,1
570915,0,0,37,6,10000,45762,0,1
570916,0,0,0,0,0,45763,0,1
570916,0,0,37,6,10000,45764,0,1
570917,0,0,0,0,0,45765,0,1
570917,0,0,37,6,10000,45766,0,1
570918,0,0,0,0,0,45767,0,1
570918,0,0,37,6,10000,45768,0,1
570919,0,0,0,0,0,45769,0,1
570919,0,0,37,6,10000,45770,0,1
570920,0,0,0,0,0,45771,0,1
570920,0,0,37,6,10000,45772,0,1
570921,0,0,0,0,0,45773,0,1
570921,0,0,37,6,10000,45774,0,1
570922,0,0,0,0,0,45775,0,1
570922,0,0,0,0,0,45776,0,1
570922,0,0,0,0,0,45777,0,1
570922,0,0,37,5,10000,45778,0,1
570923,0,0,0,0,0,45779,0,1
570923,0,0,0,0,0,45780,0,1
570923,0,0,0,0,0,45781,0,1
570923,0,0,37,5,10000,45782,0,1
570924,0,0,0,0,0,45783,0,1
570924,0,0,0,0,0,45784,0,1
570924,0,0,0,0,0,45785,0,1
570924,0,0,37,5,10000,45786,0,1
570925,0,0,0,0,0,45787,0,1
570925,0,0,0,0,0,45788,0,1
570925,0,0,0,0,0,45789,0,1
570925,0,0,37,5,10000,45790,0,1
570926,0,0,0,0,0,45791,0,1
570926,0,0,0,0,0,45792,0,1
570926,0,0,0,0,0,45793,0,1
570926,0,0,37,5,10000,45794,0,1
570927,0,0,0,0,0,45795,0,1
570927,0,0,0,0,0,45796,0,1
570927,0,0,0,0,0,45797,0,1
570927,0,0,37,5,10000,45798,0,1
570928,0,0,0,0,0,45799,0,1
570928,0,0,0,0,0,45800,0,1
570928,0,0,0,0,0,45801,0,1
570928,0,0,37,5,10000,45802,0,1
570929,0,0,0,0,0,45803,0,1
570929,0,0,37,9,10000,45804,0,1
570930,0,0,0,0,0,45805,0,1
570930,0,0,37,9,10000,45806,0,1
570931,0,0,0,0,0,45807,0,1
570931,0,0,37,9,10000,45808,0,1
570932,0,0,0,0,0,45809,0,1
570932,0,0,37,9,10000,45810,0,1
570933,0,0,0,0,0,45811,0,1
570933,0,0,37,9,10000,45812,0,1
570934,0,0,0,0,0,45813,0,1
570934,0,0,37,9,10000,45814,0,1
570935,0,0,0,0,0,45815,0,1
570935,0,0,37,9,10000,45816,0,1
570936,0,0,0,0,0,45817,0,1
570936,0,0,37,6,10000,45818,0,1
570937,0,0,0,0,0,45819,0,1
570937,0,0,37,6,10000,45820,0,1
570938,0,0,0,0,0,45821,0,1
570938,0,0,37,6,10000,45822,0,1
570939,0,0,0,0,0,45823,0,1
570939,0,0,37,6,10000,45824,0,1
570940,0,0,0,0,0,45825,0,1
570940,0,0,37,6,10000,45826,0,1
570941,0,0,0,0,0,45827,0,1
570941,0,0,37,6,10000,45828,0,1
570942,0,0,0,0,0,45829,0,1
570942,0,0,37,6,10000,45830,0,1
570943,0,0,0,0,0,45831,0,1
570943,0,0,0,0,0,45832,0,1
570943,0,0,0,0,0,45833,0,1
570943,0,0,37,13,10000,45834,0,1
570944,0,0,0,0,0,45835,0,1
570944,0,0,0,0,0,45836,0,1
570944,0,0,0,0,0,45837,0,1
570944,0,0,37,13,10000,45838,0,1
570945,0,0,0,0,0,45839,0,1
570945,0,0,0,0,0,45840,0,1
570945,0,0,0,0,0,45841,0,1
570945,0,0,37,13,10000,45842,0,1
570946,0,0,0,0,0,45843,0,1
570946,0,0,0,0,0,45844,0,1
570946,0,0,0,0,0,45845,0,1
570946,0,0,37,13,10000,45846,0,1
570947,0,0,0,0,0,45847,0,1
570947,0,0,0,0,0,45848,0,1
570947,0,0,0,0,0,45849,0,1
570947,0,0,37,13,10000,45850,0,1
570948,0,0,0,0,0,45851,0,1
570948,0,0,0,0,0,45852,0,1
570948,0,0,0,0,0,45853,0,1
570948,0,0,37,13,10000,45854,0,1
570949,0,0,0,0,0,45855,0,1
570949,0,0,0,0,0,45856,0,1
570949,0,0,0,0,0,45857,0,1
570949,0,0,37,13,10000,45858,0,1
570950,0,0,0,0,0,45859,0,1
570950,0,0,0,0,0,45860,0,1
570950,0,0,0,0,0,45861,0,1
570950,0,0,37,5,10000,45862,0,1
570951,0,0,0,0,0,45863,0,1
570951,0,0,0,0,0,45864,0,1
570951,0,0,0,0,0,45865,0,1
570951,0,0,37,5,10000,45866,0,1
570952,0,0,0,0,0,45867,0,1
570952,0,0,0,0,0,45868,0,1
570952,0,0,0,0,0,45869,0,1
570952,0,0,37,5,10000,45870,0,1
570953,0,0,0,0,0,45871,0,1
570953,0,0,0,0,0,45872,0,1
570953,0,0,0,0,0,45873,0,1
570953,0,0,37,5,10000,45874,0,1
570954,0,0,0,0,0,45875,0,1
570954,0,0,0,0,0,45876,0,1
570954,0,0,0,0,0,45877,0,1
570954,0,0,37,5,10000,45878,0,1
570955,0,0,0,0,0,45879,0,1
570955,0,0,0,0,0,45880,0,1
570955,0,0,0,0,0,45881,0,1
570955,0,0,37,5,10000,45882,0,1
570956,0,0,0,0,0,45883,0,1
570956,0,0,0,0,0,45884,0,1
570956,0,0,0,0,0,45885,0,1
570956,0,0,37,5,10000,45886,0,1
570957,0,0,37,16,10000,45887,0,1
570958,0,0,37,16,10000,45888,0,1
570959,0,0,37,16,10000,45889,0,1
570960,0,0,37,16,10000,45890,0,1
570961,0,0,37,16,10000,45891,0,1
570962,0,0,37,16,10000,45892,0,1
570963,0,0,37,16,10000,45893,0,1
570964,0,0,37,1,10000,45894,0,1
570965,0,0,37,1,10000,45895,0,1
570966,0,0,37,1,10000,45896,0,1
570967,0,0,37,1,10000,45897,0,1
570968,0,0,37,1,10000,45898,0,1
570969,0,0,37,1,10000,45899,0,1
570970,0,0,37,1,10000,45900,0,1
570971,0,0,37,23,10000,45901,0,1
570972,0,0,37,23,10000,45902,0,1
570973,0,0,37,23,10000,45903,0,1
570974,0,0,37,23,10000,45904,0,1
570975,0,0,37,23,10000,45905,0,1
570976,0,0,37,23,10000,45906,0,1
570977,0,0,37,23,10000,45907,0,1
570978,0,0,37,45,10000,45908,0,1
570979,0,0,37,45,10000,45909,0,1
570980,0,0,37,45,10000,45910,0,1
570981,0,0,37,45,10000,45911,0,1
570982,0,0,37,45,10000,45912,0,1
570983,0,0,37,45,10000,45913,0,1
570984,0,0,37,45,10000,45914,0,1
570985,0,0,37,24,10000,45915,0,1
570986,0,0,37,24,10000,45916,0,1
570987,0,0,37,24,10000,45917,0,1
570988,0,0,37,24,10000,45918,0,1
570989,0,0,37,24,10000,45919,0,1
570990,0,0,37,24,10000,45920,0,1
570991,0,0,37,24,10000,45921,0,1
570992,0,0,37,25,10000,45922,0,1
570993,0,0,37,25,10000,45923,0,1
570994,0,0,37,25,10000,45924,0,1
570995,0,0,37,25,10000,45925,0,1
570996,0,0,37,25,10000,45926,0,1
570997,0,0,37,25,10000,45927,0,1
570998,0,0,37,25,10000,45928,0,1
571001,0,0,0,0,0,45929,0,1
571001,0,0,37,10,10000,45930,0,1
571002,0,0,0,0,0,45931,0,1
571002,0,0,37,10,10000,45932,0,1
571003,0,0,0,0,0,45933,0,1
571003,0,0,37,10,10000,45934,0,1
571004,0,0,0,0,0,45935,0,1
571004,0,0,37,10,10000,45936,0,1
571005,0,0,0,0,0,45937,0,1
571005,0,0,37,10,10000,45938,0,1
571006,0,0,0,0,0,45939,0,1
571006,0,0,37,10,10000,45940,0,1
571007,0,0,0,0,0,45941,0,1
571007,0,0,37,10,10000,45942,0,1
571008,0,0,0,0,0,45943,0,1
571008,0,0,0,0,0,45944,0,1
571008,0,0,0,0,0,45945,0,1
571008,0,0,37,5,10000,45946,0,1
571009,0,0,0,0,0,45947,0,1
571009,0,0,0,0,0,45948,0,1
571009,0,0,0,0,0,45949,0,1
571009,0,0,37,5,10000,45950,0,1
571010,0,0,0,0,0,45951,0,1
571010,0,0,0,0,0,45952,0,1
571010,0,0,0,0,0,45953,0,1
571010,0,0,37,5,10000,45954,0,1
571011,0,0,0,0,0,45955,0,1
571011,0,0,0,0,0,45956,0,1
571011,0,0,0,0,0,45957,0,1
571011,0,0,37,5,10000,45958,0,1
571012,0,0,0,0,0,45959,0,1
571012,0,0,0,0,0,45960,0,1
571012,0,0,0,0,0,45961,0,1
571012,0,0,37,5,10000,45962,0,1
571013,0,0,0,0,0,45963,0,1
571013,0,0,0,0,0,45964,0,1
571013,0,0,0,0,0,45965,0,1
571013,0,0,37,5,10000,45966,0,1
571014,0,0,0,0,0,45967,0,1
571014,0,0,0,0,0,45968,0,1
571014,0,0,0,0,0,45969,0,1
571014,0,0,37,5,10000,45970,0,1
571015,0,0,0,0,0,45971,0,1
571015,0,0,37,6,10000,45972,0,1
571016,0,0,0,0,0,45973,0,1
571016,0,0,37,6,10000,45974,0,1
571017,0,0,0,0,0,45975,0,1
571017,0,0,37,6,10000,45976,0,1
571018,0,0,0,0,0,45977,0,1
571018,0,0,37,6,10000,45978,0,1
571019,0,0,0,0,0,45979,0,1
571019,0,0,37,6,10000,45980,0,1
571020,0,0,0,0,0,45981,0,1
571020,0,0,37,6,10000,45982,0,1
571021,0,0,0,0,0,45983,0,1
571021,0,0,37,6,10000,45984,0,1
571022,0,0,0,0,0,45985,0,1
571022,0,0,0,0,0,45986,0,1
571022,0,0,0,0,0,45987,0,1
571022,0,0,37,5,10000,45988,0,1
571023,0,0,0,0,0,45989,0,1
571023,0,0,0,0,0,45990,0,1
571023,0,0,0,0,0,45991,0,1
571023,0,0,37,5,10000,45992,0,1
571024,0,0,0,0,0,45993,0,1
571024,0,0,0,0,0,45994,0,1
571024,0,0,0,0,0,45995,0,1
571024,0,0,37,5,10000,45996,0,1
571025,0,0,0,0,0,45997,0,1
571025,0,0,0,0,0,45998,0,1
571025,0,0,0,0,0,45999,0,1
571025,0,0,37,5,10000,46000,0,1
571026,0,0,0,0,0,46001,0,1
571026,0,0,0,0,0,46002,0,1
571026,0,0,0,0,0,46003,0,1
571026,0,0,37,5,10000,46004,0,1
571027,0,0,0,0,0,46005,0,1
571027,0,0,0,0,0,46006,0,1
571027,0,0,0,0,0,46007,0,1
571027,0,0,37,5,10000,46008,0,1
571028,0,0,0,0,0,46009,0,1
571028,0,0,0,0,0,46010,0,1
571028,0,0,0,0,0,46011,0,1
571028,0,0,37,5,10000,46012,0,1
571029,0,0,0,0,0,46013,0,1
571029,0,0,37,9,10000,46014,0,1
571030,0,0,0,0,0,46015,0,1
571030,0,0,37,9,10000,46016,0,1
571031,0,0,0,0,0,46017,0,1
571031,0,0,37,9,10000,46018,0,1
571032,0,0,0,0,0,46019,0,1
571032,0,0,37,9,10000,46020,0,1
571033,0,0,0,0,0,46021,0,1
571033,0,0,37,9,10000,46022,0,1
571034,0,0,0,0,0,46023,0,1
571034,0,0,37,9,10000,46024,0,1
571035,0,0,0,0,0,46025,0,1
571035,0,0,37,9,10000,46026,0,1
571036,0,0,0,0,0,46027,0,1
571036,0,0,37,6,10000,46028,0,1
571037,0,0,0,0,0,46029,0,1
571037,0,0,37,6,10000,46030,0,1
571038,0,0,0,0,0,46031,0,1
571038,0,0,37,6,10000,46032,0,1
571039,0,0,0,0,0,46033,0,1
571039,0,0,37,6,10000,46034,0,1
571040,0,0,0,0,0,46035,0,1
571040,0,0,37,6,10000,46036,0,1
571041,0,0,0,0,0,46037,0,1
571041,0,0,37,6,10000,46038,0,1
571042,0,0,0,0,0,46039,0,1
571042,0,0,37,6,10000,46040,0,1
571043,0,0,0,0,0,46041,0,1
571043,0,0,0,0,0,46042,0,1
571043,0,0,0,0,0,46043,0,1
571043,0,0,37,13,10000,46044,0,1
571044,0,0,0,0,0,46045,0,1
571044,0,0,0,0,0,46046,0,1
571044,0,0,0,0,0,46047,0,1
571044,0,0,37,13,10000,46048,0,1
571045,0,0,0,0,0,46049,0,1
571045,0,0,0,0,0,46050,0,1
571045,0,0,0,0,0,46051,0,1
571045,0,0,37,13,10000,46052,0,1
571046,0,0,0,0,0,46053,0,1
571046,0,0,0,0,0,46054,0,1
571046,0,0,0,0,0,46055,0,1
571046,0,0,37,13,10000,46056,0,1
571047,0,0,0,0,0,46057,0,1
571047,0,0,0,0,0,46058,0,1
571047,0,0,0,0,0,46059,0,1
571047,0,0,37,13,10000,46060,0,1
571048,0,0,0,0,0,46061,0,1
571048,0,0,0,0,0,46062,0,1
571048,0,0,0,0,0,46063,0,1
571048,0,0,37,13,10000,46064,0,1
571049,0,0,0,0,0,46065,0,1
571049,0,0,0,0,0,46066,0,1
571049,0,0,0,0,0,46067,0,1
571049,0,0,37,13,10000,46068,0,1
571050,0,0,0,0,0,46069,0,1
571050,0,0,0,0,0,46070,0,1
571050,0,0,0,0,0,46071,0,1
571050,0,0,37,5,10000,46072,0,1
571051,0,0,0,0,0,46073,0,1
571051,0,0,0,0,0,46074,0,1
571051,0,0,0,0,0,46075,0,1
571051,0,0,37,5,10000,46076,0,1
571052,0,0,0,0,0,46077,0,1
571052,0,0,0,0,0,46078,0,1
571052,0,0,0,0,0,46079,0,1
571052,0,0,37,5,10000,46080,0,1
571053,0,0,0,0,0,46081,0,1
571053,0,0,0,0,0,46082,0,1
571053,0,0,0,0,0,46083,0,1
571053,0,0,37,5,10000,46084,0,1
571054,0,0,0,0,0,46085,0,1
571054,0,0,0,0,0,46086,0,1
571054,0,0,0,0,0,46087,0,1
571054,0,0,37,5,10000,46088,0,1
571055,0,0,0,0,0,46089,0,1
571055,0,0,0,0,0,46090,0,1
571055,0,0,0,0,0,46091,0,1
571055,0,0,37,5,10000,46092,0,1
571056,0,0,0,0,0,46093,0,1
571056,0,0,0,0,0,46094,0,1
571056,0,0,0,0,0,46095,0,1
571056,0,0,37,5,10000,46096,0,1
571057,0,0,37,16,10000,46097,0,1
571058,0,0,37,16,10000,46098,0,1
571059,0,0,37,16,10000,46099,0,1
571060,0,0,37,16,10000,46100,0,1
571061,0,0,37,16,10000,46101,0,1
571062,0,0,37,16,10000,46102,0,1
571063,0,0,37,16,10000,46103,0,1
571064,0,0,37,1,10000,46104,0,1
571065,0,0,37,1,10000,46105,0,1
571066,0,0,37,1,10000,46106,0,1
571067,0,0,37,1,10000,46107,0,1
571068,0,0,37,1,10000,46108,0,1
571069,0,0,37,1,10000,46109,0,1
571070,0,0,37,1,10000,46110,0,1
571071,0,0,37,23,10000,46111,0,1
571072,0,0,37,23,10000,46112,0,1
571073,0,0,37,23,10000,46113,0,1
571074,0,0,37,23,10000,46114,0,1
571075,0,0,37,23,10000,46115,0,1
571076,0,0,37,23,10000,46116,0,1
571077,0,0,37,23,10000,46117,0,1
571078,0,0,37,45,10000,46118,0,1
571079,0,0,37,45,10000,46119,0,1
571080,0,0,37,45,10000,46120,0,1
571081,0,0,37,45,10000,46121,0,1
571082,0,0,37,45,10000,46122,0,1
571083,0,0,37,45,10000,46123,0,1
571084,0,0,37,45,10000,46124,0,1
571085,0,0,37,24,10000,46125,0,1
571086,0,0,37,24,10000,46126,0,1
571087,0,0,37,24,10000,46127,0,1
571088,0,0,37,24,10000,46128,0,1
571089,0,0,37,24,10000,46129,0,1
571090,0,0,37,24,10000,46130,0,1
571091,0,0,37,24,10000,46131,0,1
571092,0,0,37,25,10000,46132,0,1
571093,0,0,37,25,10000,46133,0,1
571094,0,0,37,25,10000,46134,0,1
571095,0,0,37,25,10000,46135,0,1
571096,0,0,37,25,10000,46136,0,1
571097,0,0,37,25,10000,46137,0,1
571098,0,0,37,25,10000,46138,0,1
580101,0,0,0,0,0,46139,0,1
580201,0,0,0,0,0,46140,0,1
580301,0,0,0,0,0,46141,0,1
580301,1,0,0,0,0,46142,0,1
580401,0,0,0,0,0,46143,0,1
580401,1,0,0,0,0,46144,0,1
580401,1,0,0,0,0,46145,0,1
580501,0,0,0,0,0,46146,0,1
580501,1,0,0,0,0,46147,0,1
580501,1,0,0,0,0,46148,0,1
580601,0,0,0,0,0,46149,0,1
580601,1,0,0,0,0,46150,0,1
580601,1,0,0,0,0,46151,0,1
580701,0,0,0,0,0,46152,0,1
580801,0,0,0,0,0,46153,0,1
580901,0,0,0,0,0,46154,0,1
581001,0,0,0,0,0,46155,0,1
571101,0,0,0,0,0,46156,0,1
571101,0,0,0,0,0,46157,0,1
571101,0,0,0,0,0,46158,0,1
571102,0,0,0,0,0,46159,0,1
571102,0,0,0,0,0,46160,0,1
571102,0,0,0,0,0,46161,0,1
571103,0,0,0,0,0,46162,0,1
571103,0,0,0,0,0,46163,0,1
571103,0,0,0,0,0,46164,0,1
571104,0,0,0,0,0,46165,0,1
571104,0,0,0,0,0,46166,0,1
571104,0,0,0,0,0,46167,0,1
571105,0,0,0,0,0,46168,0,1
571105,0,0,0,0,0,46169,0,1
571106,0,0,0,0,0,46170,0,1
571106,0,0,0,0,0,46171,0,1
571107,0,0,0,0,0,46172,0,1
571107,0,0,0,0,0,46173,0,1
571108,0,0,0,0,0,46174,0,1
571108,0,0,0,0,0,46175,0,1
571109,0,0,0,0,0,46176,0,1
571109,0,0,0,0,0,46177,0,1
571109,0,0,0,0,0,46178,0,1
571110,0,0,0,0,0,46179,0,1
571110,0,0,0,0,0,46180,0,1
571110,0,0,0,0,0,46181,0,1
571111,0,0,0,0,0,46182,0,1
571111,0,0,0,0,0,46183,0,1
571111,0,0,0,0,0,46184,0,1
571112,0,0,0,0,0,46185,0,1
571112,0,0,0,0,0,46186,0,1
571112,0,0,0,0,0,46187,0,1
571113,0,0,0,0,0,46188,0,1
571113,0,0,0,0,0,46189,0,1
571114,0,0,0,0,0,46190,0,1
571114,0,0,0,0,0,46191,0,1
571115,0,0,0,0,0,46192,0,1
571115,0,0,0,0,0,46193,0,1
571116,0,0,0,0,0,46194,0,1
571116,0,0,0,0,0,46195,0,1
571117,0,0,0,0,0,46196,0,1
571117,0,0,0,0,0,46197,0,1
571117,0,0,0,0,0,46198,0,1
571118,0,0,0,0,0,46199,0,1
571118,0,0,0,0,0,46200,0,1
571118,0,0,0,0,0,46201,0,1
571119,0,0,0,0,0,46202,0,1
571119,0,0,0,0,0,46203,0,1
571119,0,0,0,0,0,46204,0,1
571120,0,0,0,0,0,46205,0,1
571120,0,0,0,0,0,46206,0,1
571120,0,0,0,0,0,46207,0,1
571121,0,0,0,0,0,46208,0,1
571121,0,0,0,0,0,46209,0,1
571122,0,0,0,0,0,46210,0,1
571122,0,0,0,0,0,46211,0,1
571123,0,0,0,0,0,46212,0,1
571123,0,0,0,0,0,46213,0,1
571124,0,0,0,0,0,46214,0,1
571124,0,0,0,0,0,46215,0,1
571125,0,0,0,0,0,46216,0,1
571125,0,0,0,0,0,46217,0,1
571125,0,0,0,0,0,46218,0,1
571126,0,0,0,0,0,46219,0,1
571126,0,0,0,0,0,46220,0,1
571126,0,0,0,0,0,46221,0,1
571127,0,0,0,0,0,46222,0,1
571127,0,0,0,0,0,46223,0,1
571127,0,0,0,0,0,46224,0,1
571128,0,0,0,0,0,46225,0,1
571128,0,0,0,0,0,46226,0,1
571128,0,0,0,0,0,46227,0,1
571129,0,0,0,0,0,46228,0,1
571129,0,0,0,0,0,46229,0,1
571130,0,0,0,0,0,46230,0,1
571130,0,0,0,0,0,46231,0,1
571131,0,0,0,0,0,46232,0,1
571131,0,0,0,0,0,46233,0,1
571132,0,0,0,0,0,46234,0,1
571132,0,0,0,0,0,46235,0,1
571133,0,0,0,0,0,46236,0,1
571133,0,0,0,0,0,46237,0,1
571133,0,0,0,0,0,46238,0,1
571134,0,0,0,0,0,46239,0,1
571134,0,0,0,0,0,46240,0,1
571134,0,0,0,0,0,46241,0,1
571135,0,0,0,0,0,46242,0,1
571135,0,0,0,0,0,46243,0,1
571135,0,0,0,0,0,46244,0,1
571136,0,0,0,0,0,46245,0,1
571136,0,0,0,0,0,46246,0,1
571136,0,0,0,0,0,46247,0,1
571137,0,0,0,0,0,46248,0,1
571137,0,0,0,0,0,46249,0,1
571138,0,0,0,0,0,46250,0,1
571138,0,0,0,0,0,46251,0,1
571139,0,0,0,0,0,46252,0,1
571139,0,0,0,0,0,46253,0,1
571140,0,0,0,0,0,46254,0,1
571140,0,0,0,0,0,46255,0,1
571201,0,0,0,0,0,46256,0,1
571201,0,0,0,0,0,46257,0,1
571201,0,0,0,0,0,46258,0,1
571201,0,0,0,0,0,46259,0,1
571201,0,0,0,0,0,46260,0,1
571202,0,0,0,0,0,46261,0,1
571202,0,0,0,0,0,46262,0,1
571202,0,0,0,0,0,46263,0,1
571202,0,0,0,0,0,46264,0,1
571202,0,0,0,0,0,46265,0,1
571203,0,0,0,0,0,46266,0,1
571203,0,0,0,0,0,46267,0,1
571203,0,0,0,0,0,46268,0,1
571203,0,0,0,0,0,46269,0,1
571203,0,0,0,0,0,46270,0,1
571204,0,0,0,0,0,46271,0,1
571204,0,0,0,0,0,46272,0,1
571204,0,0,0,0,0,46273,0,1
571204,0,0,0,0,0,46274,0,1
571204,0,0,0,0,0,46275,0,1
571205,0,0,0,0,0,46276,0,1
571205,0,0,0,0,0,46277,0,1
571205,0,0,0,0,0,46278,0,1
571205,0,0,0,0,0,46279,0,1
571206,0,0,0,0,0,46280,0,1
571206,0,0,0,0,0,46281,0,1
571206,0,0,0,0,0,46282,0,1
571206,0,0,0,0,0,46283,0,1
571207,0,0,0,0,0,46284,0,1
571207,0,0,0,0,0,46285,0,1
571207,0,0,0,0,0,46286,0,1
571207,0,0,0,0,0,46287,0,1
571208,0,0,0,0,0,46288,0,1
571208,0,0,0,0,0,46289,0,1
571208,0,0,0,0,0,46290,0,1
571208,0,0,0,0,0,46291,0,1
571209,0,0,0,0,0,46292,0,1
571209,0,0,0,0,0,46293,0,1
571209,0,0,0,0,0,46294,0,1
571209,0,0,0,0,0,46295,0,1
571209,0,0,0,0,0,46296,0,1
571210,0,0,0,0,0,46297,0,1
571210,0,0,0,0,0,46298,0,1
571210,0,0,0,0,0,46299,0,1
571210,0,0,0,0,0,46300,0,1
571210,0,0,0,0,0,46301,0,1
571211,0,0,0,0,0,46302,0,1
571211,0,0,0,0,0,46303,0,1
571211,0,0,0,0,0,46304,0,1
571211,0,0,0,0,0,46305,0,1
571211,0,0,0,0,0,46306,0,1
571212,0,0,0,0,0,46307,0,1
571212,0,0,0,0,0,46308,0,1
571212,0,0,0,0,0,46309,0,1
571212,0,0,0,0,0,46310,0,1
571212,0,0,0,0,0,46311,0,1
571213,0,0,0,0,0,46312,0,1
571213,0,0,0,0,0,46313,0,1
571213,0,0,0,0,0,46314,0,1
571213,0,0,0,0,0,46315,0,1
571213,0,0,0,0,0,46316,0,1
571214,0,0,0,0,0,46317,0,1
571214,0,0,0,0,0,46318,0,1
571214,0,0,0,0,0,46319,0,1
571214,0,0,0,0,0,46320,0,1
571214,0,0,0,0,0,46321,0,1
571215,0,0,0,0,0,46322,0,1
571215,0,0,0,0,0,46323,0,1
571215,0,0,0,0,0,46324,0,1
571215,0,0,0,0,0,46325,0,1
571215,0,0,0,0,0,46326,0,1
571216,0,0,0,0,0,46327,0,1
571216,0,0,0,0,0,46328,0,1
571216,0,0,0,0,0,46329,0,1
571216,0,0,0,0,0,46330,0,1
571216,0,0,0,0,0,46331,0,1
571217,0,0,0,0,0,46332,0,1
571217,0,0,0,0,0,46333,0,1
571217,0,0,0,0,0,46334,0,1
571217,0,0,0,0,0,46335,0,1
571218,0,0,0,0,0,46336,0,1
571218,0,0,0,0,0,46337,0,1
571218,0,0,0,0,0,46338,0,1
571218,0,0,0,0,0,46339,0,1
571219,0,0,0,0,0,46340,0,1
571219,0,0,0,0,0,46341,0,1
571219,0,0,0,0,0,46342,0,1
571219,0,0,0,0,0,46343,0,1
571220,0,0,0,0,0,46344,0,1
571220,0,0,0,0,0,46345,0,1
571220,0,0,0,0,0,46346,0,1
571220,0,0,0,0,0,46347,0,1
571221,0,0,0,0,0,46348,0,1
571221,0,0,0,0,0,46349,0,1
571221,0,0,0,0,0,46350,0,1
571221,0,0,0,0,0,46351,0,1
571221,0,0,0,0,0,46352,0,1
571222,0,0,0,0,0,46353,0,1
571222,0,0,0,0,0,46354,0,1
571222,0,0,0,0,0,46355,0,1
571222,0,0,0,0,0,46356,0,1
571222,0,0,0,0,0,46357,0,1
571223,0,0,0,0,0,46358,0,1
571223,0,0,0,0,0,46359,0,1
571223,0,0,0,0,0,46360,0,1
571223,0,0,0,0,0,46361,0,1
571223,0,0,0,0,0,46362,0,1
571224,0,0,0,0,0,46363,0,1
571224,0,0,0,0,0,46364,0,1
571224,0,0,0,0,0,46365,0,1
571224,0,0,0,0,0,46366,0,1
571224,0,0,0,0,0,46367,0,1
571225,0,0,0,0,0,46368,0,1
571225,0,0,0,0,0,46369,0,1
571225,0,0,0,0,0,46370,0,1
571225,0,0,0,0,0,46371,0,1
571225,0,0,0,0,0,46372,0,1
571226,0,0,0,0,0,46373,0,1
571226,0,0,0,0,0,46374,0,1
571226,0,0,0,0,0,46375,0,1
571226,0,0,0,0,0,46376,0,1
571226,0,0,0,0,0,46377,0,1
571227,0,0,0,0,0,46378,0,1
571227,0,0,0,0,0,46379,0,1
571227,0,0,0,0,0,46380,0,1
571227,0,0,0,0,0,46381,0,1
571227,0,0,0,0,0,46382,0,1
571228,0,0,0,0,0,46383,0,1
571228,0,0,0,0,0,46384,0,1
571228,0,0,0,0,0,46385,0,1
571228,0,0,0,0,0,46386,0,1
571228,0,0,0,0,0,46387,0,1
571229,0,0,0,0,0,46388,0,1
571229,0,0,0,0,0,46389,0,1
571229,0,0,0,0,0,46390,0,1
571229,0,0,0,0,0,46391,0,1
571230,0,0,0,0,0,46392,0,1
571230,0,0,0,0,0,46393,0,1
571230,0,0,0,0,0,46394,0,1
571230,0,0,0,0,0,46395,0,1
571231,0,0,0,0,0,46396,0,1
571231,0,0,0,0,0,46397,0,1
571231,0,0,0,0,0,46398,0,1
571231,0,0,0,0,0,46399,0,1
571232,0,0,0,0,0,46400,0,1
571232,0,0,0,0,0,46401,0,1
571232,0,0,0,0,0,46402,0,1
571232,0,0,0,0,0,46403,0,1
571233,0,0,0,0,0,46404,0,1
571233,0,0,0,0,0,46405,0,1
571233,0,0,0,0,0,46406,0,1
571233,0,0,0,0,0,46407,0,1
571233,0,0,0,0,0,46408,0,1
571234,0,0,0,0,0,46409,0,1
571234,0,0,0,0,0,46410,0,1
571234,0,0,0,0,0,46411,0,1
571234,0,0,0,0,0,46412,0,1
571234,0,0,0,0,0,46413,0,1
571235,0,0,0,0,0,46414,0,1
571235,0,0,0,0,0,46415,0,1
571235,0,0,0,0,0,46416,0,1
571235,0,0,0,0,0,46417,0,1
571235,0,0,0,0,0,46418,0,1
571236,0,0,0,0,0,46419,0,1
571236,0,0,0,0,0,46420,0,1
571236,0,0,0,0,0,46421,0,1
571236,0,0,0,0,0,46422,0,1
571236,0,0,0,0,0,46423,0,1
571237,0,0,0,0,0,46424,0,1
571237,0,0,0,0,0,46425,0,1
571237,0,0,0,0,0,46426,0,1
571237,0,0,0,0,0,46427,0,1
571237,0,0,0,0,0,46428,0,1
571238,0,0,0,0,0,46429,0,1
571238,0,0,0,0,0,46430,0,1
571238,0,0,0,0,0,46431,0,1
571238,0,0,0,0,0,46432,0,1
571238,0,0,0,0,0,46433,0,1
571239,0,0,0,0,0,46434,0,1
571239,0,0,0,0,0,46435,0,1
571239,0,0,0,0,0,46436,0,1
571239,0,0,0,0,0,46437,0,1
571239,0,0,0,0,0,46438,0,1
571240,0,0,0,0,0,46439,0,1
571240,0,0,0,0,0,46440,0,1
571240,0,0,0,0,0,46441,0,1
571240,0,0,0,0,0,46442,0,1
571240,0,0,0,0,0,46443,0,1
571241,0,0,0,0,0,46444,0,1
571241,0,0,0,0,0,46445,0,1
571241,0,0,0,0,0,46446,0,1
571241,0,0,0,0,0,46447,0,1
571242,0,0,0,0,0,46448,0,1
571242,0,0,0,0,0,46449,0,1
571242,0,0,0,0,0,46450,0,1
571242,0,0,0,0,0,46451,0,1
571243,0,0,0,0,0,46452,0,1
571243,0,0,0,0,0,46453,0,1
571243,0,0,0,0,0,46454,0,1
571243,0,0,0,0,0,46455,0,1
571244,0,0,0,0,0,46456,0,1
571244,0,0,0,0,0,46457,0,1
571244,0,0,0,0,0,46458,0,1
571244,0,0,0,0,0,46459,0,1
571245,0,0,0,0,0,46460,0,1
571245,0,0,0,0,0,46461,0,1
571245,0,0,0,0,0,46462,0,1
571245,0,0,0,0,0,46463,0,1
571245,0,0,0,0,0,46464,0,1
571246,0,0,0,0,0,46465,0,1
571246,0,0,0,0,0,46466,0,1
571246,0,0,0,0,0,46467,0,1
571246,0,0,0,0,0,46468,0,1
571246,0,0,0,0,0,46469,0,1
571247,0,0,0,0,0,46470,0,1
571247,0,0,0,0,0,46471,0,1
571247,0,0,0,0,0,46472,0,1
571247,0,0,0,0,0,46473,0,1
571247,0,0,0,0,0,46474,0,1
571248,0,0,0,0,0,46475,0,1
571248,0,0,0,0,0,46476,0,1
571248,0,0,0,0,0,46477,0,1
571248,0,0,0,0,0,46478,0,1
571248,0,0,0,0,0,46479,0,1
571249,0,0,0,0,0,46480,0,1
571249,0,0,0,0,0,46481,0,1
571249,0,0,0,0,0,46482,0,1
571249,0,0,0,0,0,46483,0,1
571249,0,0,0,0,0,46484,0,1
571250,0,0,0,0,0,46485,0,1
571250,0,0,0,0,0,46486,0,1
571250,0,0,0,0,0,46487,0,1
571250,0,0,0,0,0,46488,0,1
571250,0,0,0,0,0,46489,0,1
571251,0,0,0,0,0,46490,0,1
571251,0,0,0,0,0,46491,0,1
571251,0,0,0,0,0,46492,0,1
571251,0,0,0,0,0,46493,0,1
571251,0,0,0,0,0,46494,0,1
571252,0,0,0,0,0,46495,0,1
571252,0,0,0,0,0,46496,0,1
571252,0,0,0,0,0,46497,0,1
571252,0,0,0,0,0,46498,0,1
571252,0,0,0,0,0,46499,0,1
571253,0,0,0,0,0,46500,0,1
571253,0,0,0,0,0,46501,0,1
571253,0,0,0,0,0,46502,0,1
571253,0,0,0,0,0,46503,0,1
571254,0,0,0,0,0,46504,0,1
571254,0,0,0,0,0,46505,0,1
571254,0,0,0,0,0,46506,0,1
571254,0,0,0,0,0,46507,0,1
571255,0,0,0,0,0,46508,0,1
571255,0,0,0,0,0,46509,0,1
571255,0,0,0,0,0,46510,0,1
571255,0,0,0,0,0,46511,0,1
571256,0,0,0,0,0,46512,0,1
571256,0,0,0,0,0,46513,0,1
571256,0,0,0,0,0,46514,0,1
571256,0,0,0,0,0,46515,0,1
571257,0,0,0,0,0,46516,0,1
571257,0,0,0,0,0,46517,0,1
571257,0,0,0,0,0,46518,0,1
571257,0,0,0,0,0,46519,0,1
571257,0,0,0,0,0,46520,0,1
571258,0,0,0,0,0,46521,0,1
571258,0,0,0,0,0,46522,0,1
571258,0,0,0,0,0,46523,0,1
571258,0,0,0,0,0,46524,0,1
571258,0,0,0,0,0,46525,0,1
571259,0,0,0,0,0,46526,0,1
571259,0,0,0,0,0,46527,0,1
571259,0,0,0,0,0,46528,0,1
571259,0,0,0,0,0,46529,0,1
571259,0,0,0,0,0,46530,0,1
571260,0,0,0,0,0,46531,0,1
571260,0,0,0,0,0,46532,0,1
571260,0,0,0,0,0,46533,0,1
571260,0,0,0,0,0,46534,0,1
571260,0,0,0,0,0,46535,0,1
571301,0,0,0,0,0,46536,0,1
571301,0,0,0,0,0,46537,0,1
571301,0,0,0,0,0,46538,0,1
571302,0,0,0,0,0,46539,0,1
571302,0,0,0,0,0,46540,0,1
571302,0,0,0,0,0,46541,0,1
571302,0,0,0,0,0,46542,0,1
571303,0,0,0,0,0,46543,0,1
571303,0,0,0,0,0,46544,0,1
571303,0,0,0,0,0,46545,0,1
571304,0,0,0,0,0,46546,0,1
571304,0,0,0,0,0,46547,0,1
571304,0,0,0,0,0,46548,0,1
571304,0,0,0,0,0,46549,0,1
571305,0,0,0,0,0,46550,0,1
571305,0,0,0,0,0,46551,0,1
571305,0,0,0,0,0,46552,0,1
571306,0,0,0,0,0,46553,0,1
571306,0,0,0,0,0,46554,0,1
571306,0,0,0,0,0,46555,0,1
571307,0,0,0,0,0,46556,0,1
571307,0,0,0,0,0,46557,0,1
571307,0,0,0,0,0,46558,0,1
571307,0,0,0,0,0,46559,0,1
571308,0,0,0,0,0,46560,0,1
571308,0,0,0,0,0,46561,0,1
571308,0,0,0,0,0,46562,0,1
571308,0,0,0,0,0,46563,0,1
571309,0,0,0,0,0,46564,0,1
571310,0,0,0,0,0,46565,0,1
571311,0,0,0,0,0,46566,0,1
571312,0,0,0,0,0,46567,0,1
571313,0,0,0,0,0,46568,0,1
571314,0,0,0,0,0,46569,0,1
571315,0,0,0,0,0,46570,0,1
571315,0,0,0,0,0,46571,0,1
571315,0,0,0,0,0,46572,0,1
571316,0,0,0,0,0,46573,0,1
571316,0,0,0,0,0,46574,0,1
571316,0,0,0,0,0,46575,0,1
571316,0,0,0,0,0,46576,0,1
571317,0,0,0,0,0,46577,0,1
571317,0,0,0,0,0,46578,0,1
571317,0,0,0,0,0,46579,0,1
571318,0,0,0,0,0,46580,0,1
571318,0,0,0,0,0,46581,0,1
571318,0,0,0,0,0,46582,0,1
571318,0,0,0,0,0,46583,0,1
571319,0,0,0,0,0,46584,0,1
571319,0,0,0,0,0,46585,0,1
571319,0,0,0,0,0,46586,0,1
571320,0,0,0,0,0,46587,0,1
571320,0,0,0,0,0,46588,0,1
571320,0,0,0,0,0,46589,0,1
571321,0,0,0,0,0,46590,0,1
571321,0,0,0,0,0,46591,0,1
571321,0,0,0,0,0,46592,0,1
571321,0,0,0,0,0,46593,0,1
571322,0,0,0,0,0,46594,0,1
571322,0,0,0,0,0,46595,0,1
571322,0,0,0,0,0,46596,0,1
571322,0,0,0,0,0,46597,0,1
571323,0,0,0,0,0,46598,0,1
571324,0,0,0,0,0,46599,0,1
571325,0,0,0,0,0,46600,0,1
571326,0,0,0,0,0,46601,0,1
571327,0,0,0,0,0,46602,0,1
571328,0,0,0,0,0,46603,0,1
571329,0,0,0,0,0,46604,0,1
571329,0,0,0,0,0,46605,0,1
571329,0,0,0,0,0,46606,0,1
571330,0,0,0,0,0,46607,0,1
571330,0,0,0,0,0,46608,0,1
571330,0,0,0,0,0,46609,0,1
571330,0,0,0,0,0,46610,0,1
571331,0,0,0,0,0,46611,0,1
571331,0,0,0,0,0,46612,0,1
571331,0,0,0,0,0,46613,0,1
571332,0,0,0,0,0,46614,0,1
571332,0,0,0,0,0,46615,0,1
571332,0,0,0,0,0,46616,0,1
571332,0,0,0,0,0,46617,0,1
571333,0,0,0,0,0,46618,0,1
571333,0,0,0,0,0,46619,0,1
571333,0,0,0,0,0,46620,0,1
571334,0,0,0,0,0,46621,0,1
571334,0,0,0,0,0,46622,0,1
571334,0,0,0,0,0,46623,0,1
571335,0,0,0,0,0,46624,0,1
571335,0,0,0,0,0,46625,0,1
571335,0,0,0,0,0,46626,0,1
571335,0,0,0,0,0,46627,0,1
571336,0,0,0,0,0,46628,0,1
571336,0,0,0,0,0,46629,0,1
571336,0,0,0,0,0,46630,0,1
571336,0,0,0,0,0,46631,0,1
571337,0,0,0,0,0,46632,0,1
571338,0,0,0,0,0,46633,0,1
571339,0,0,0,0,0,46634,0,1
571340,0,0,0,0,0,46635,0,1
571341,0,0,0,0,0,46636,0,1
571342,0,0,0,0,0,46637,0,1
571343,0,0,0,0,0,46638,0,1
571343,0,0,0,0,0,46639,0,1
571343,0,0,0,0,0,46640,0,1
571344,0,0,0,0,0,46641,0,1
571344,0,0,0,0,0,46642,0,1
571344,0,0,0,0,0,46643,0,1
571344,0,0,0,0,0,46644,0,1
571345,0,0,0,0,0,46645,0,1
571345,0,0,0,0,0,46646,0,1
571345,0,0,0,0,0,46647,0,1
571346,0,0,0,0,0,46648,0,1
571346,0,0,0,0,0,46649,0,1
571346,0,0,0,0,0,46650,0,1
571346,0,0,0,0,0,46651,0,1
571347,0,0,0,0,0,46652,0,1
571347,0,0,0,0,0,46653,0,1
571347,0,0,0,0,0,46654,0,1
571348,0,0,0,0,0,46655,0,1
571348,0,0,0,0,0,46656,0,1
571348,0,0,0,0,0,46657,0,1
571349,0,0,0,0,0,46658,0,1
571349,0,0,0,0,0,46659,0,1
571349,0,0,0,0,0,46660,0,1
571349,0,0,0,0,0,46661,0,1
571350,0,0,0,0,0,46662,0,1
571350,0,0,0,0,0,46663,0,1
571350,0,0,0,0,0,46664,0,1
571350,0,0,0,0,0,46665,0,1
571351,0,0,0,0,0,46666,0,1
571352,0,0,0,0,0,46667,0,1
571353,0,0,0,0,0,46668,0,1
571354,0,0,0,0,0,46669,0,1
571355,0,0,0,0,0,46670,0,1
571356,0,0,0,0,0,46671,0,1
571357,0,0,0,0,0,46672,0,1
571357,0,0,0,0,0,46673,0,1
571357,0,0,0,0,0,46674,0,1
571358,0,0,0,0,0,46675,0,1
571358,0,0,0,0,0,46676,0,1
571358,0,0,0,0,0,46677,0,1
571358,0,0,0,0,0,46678,0,1
571359,0,0,0,0,0,46679,0,1
571359,0,0,0,0,0,46680,0,1
571359,0,0,0,0,0,46681,0,1
571360,0,0,0,0,0,46682,0,1
571360,0,0,0,0,0,46683,0,1
571360,0,0,0,0,0,46684,0,1
571360,0,0,0,0,0,46685,0,1
571361,0,0,0,0,0,46686,0,1
571361,0,0,0,0,0,46687,0,1
571361,0,0,0,0,0,46688,0,1
571362,0,0,0,0,0,46689,0,1
571362,0,0,0,0,0,46690,0,1
571362,0,0,0,0,0,46691,0,1
571363,0,0,0,0,0,46692,0,1
571363,0,0,0,0,0,46693,0,1
571363,0,0,0,0,0,46694,0,1
571363,0,0,0,0,0,46695,0,1
571364,0,0,0,0,0,46696,0,1
571364,0,0,0,0,0,46697,0,1
571364,0,0,0,0,0,46698,0,1
571364,0,0,0,0,0,46699,0,1
571365,0,0,0,0,0,46700,0,1
571366,0,0,0,0,0,46701,0,1
571367,0,0,0,0,0,46702,0,1
571368,0,0,0,0,0,46703,0,1
571369,0,0,0,0,0,46704,0,1
571370,0,0,0,0,0,46705,0,1
601301,1,0,0,0,0,46706,0,1
601302,1,0,0,0,0,46707,0,1
581301,1,0,0,0,0,46708,0,1
571301,1,0,0,0,0,46709,0,1
571302,1,0,0,0,0,46710,0,1
571303,1,0,0,0,0,46711,0,1
571304,1,0,0,0,0,46712,0,1
571305,1,0,0,0,0,46713,0,1
571306,1,0,0,0,0,46714,0,1
571307,1,0,0,0,0,46715,0,1
571308,1,0,0,0,0,46716,0,1
571309,1,0,0,0,0,46717,0,1
571310,1,0,0,0,0,46718,0,1
571311,1,0,0,0,0,46719,0,1
571312,1,0,0,0,0,46720,0,1
571313,1,0,0,0,0,46721,0,1
571314,1,0,0,0,0,46722,0,1
571315,1,0,0,0,0,46723,0,1
571316,1,0,0,0,0,46724,0,1
571317,1,0,0,0,0,46725,0,1
571318,1,0,0,0,0,46726,0,1
571319,1,0,0,0,0,46727,0,1
571320,1,0,0,0,0,46728,0,1
571321,1,0,0,0,0,46729,0,1
571322,1,0,0,0,0,46730,0,1
571323,1,0,0,0,0,46731,0,1
571324,1,0,0,0,0,46732,0,1
571325,1,0,0,0,0,46733,0,1
571326,1,0,0,0,0,46734,0,1
571327,1,0,0,0,0,46735,0,1
571328,1,0,0,0,0,46736,0,1
571329,1,0,0,0,0,46737,0,1
571330,1,0,0,0,0,46738,0,1
571331,1,0,0,0,0,46739,0,1
571332,1,0,0,0,0,46740,0,1
571333,1,0,0,0,0,46741,0,1
571334,1,0,0,0,0,46742,0,1
571335,1,0,0,0,0,46743,0,1
571336,1,0,0,0,0,46744,0,1
571337,1,0,0,0,0,46745,0,1
571338,1,0,0,0,0,46746,0,1
571339,1,0,0,0,0,46747,0,1
571340,1,0,0,0,0,46748,0,1
571341,1,0,0,0,0,46749,0,1
571342,1,0,0,0,0,46750,0,1
571343,1,0,0,0,0,46751,0,1
571344,1,0,0,0,0,46752,0,1
571345,1,0,0,0,0,46753,0,1
571346,1,0,0,0,0,46754,0,1
571347,1,0,0,0,0,46755,0,1
571348,1,0,0,0,0,46756,0,1
571349,1,0,0,0,0,46757,0,1
571350,1,0,0,0,0,46758,0,1
571351,1,0,0,0,0,46759,0,1
571352,1,0,0,0,0,46760,0,1
571353,1,0,0,0,0,46761,0,1
571354,1,0,0,0,0,46762,0,1
571355,1,0,0,0,0,46763,0,1
571356,1,0,0,0,0,46764,0,1
571357,1,0,0,0,0,46765,0,1
571358,1,0,0,0,0,46766,0,1
571359,1,0,0,0,0,46767,0,1
571360,1,0,0,0,0,46768,0,1
571361,1,0,0,0,0,46769,0,1
571362,1,0,0,0,0,46770,0,1
571363,1,0,0,0,0,46771,0,1
571364,1,0,0,0,0,46772,0,1
571365,1,0,0,0,0,46773,0,1
571366,1,0,0,0,0,46774,0,1
571367,1,0,0,0,0,46775,0,1
571368,1,0,0,0,0,46776,0,1
571369,1,0,0,0,0,46777,0,1
571370,1,0,0,0,0,46778,0,1
3301001,0,0,0,0,0,41001,12001,2
3301001,0,0,0,0,0,41002,12002,2
3301001,0,0,0,0,0,41003,12003,2
3301001,0,0,0,0,0,41004,12004,2
3301001,0,0,0,0,0,41005,12005,2
3301001,1,0,0,0,0,41006,12006,2
3301001,1,0,0,0,0,41007,12007,2
3301001,1,0,0,0,0,41008,12008,2
3301001,1,0,0,0,0,41009,12009,2
3301001,1,0,5,0,10000,41010,12010,2
3301001,1,0,0,0,0,41011,12011,2
3301001,1,0,0,0,0,41012,12012,2
3301001,1,0,3,8000,10000,41013,12013,2
3301001,0,0,0,0,0,41014,12014,2
3301001,0,0,0,0,0,41015,12015,2
3301001,3,0,0,0,0,41016,12016,2
3302001,0,0,0,0,0,41001,10001,2
3302001,0,0,0,0,0,41002,10002,2
3302001,0,0,0,0,0,41003,10003,2
3302001,0,0,0,0,0,41004,10004,2
3302001,0,0,0,0,0,41005,10005,2
3302001,1,0,0,0,0,41006,10006,2
3302001,1,0,0,0,0,41007,10007,2
3302001,1,0,0,0,0,41008,10008,2
3302001,1,0,0,0,0,41009,10009,2
3302001,1,0,5,0,10000,41010,10010,2
3302001,1,0,0,0,0,41011,10011,2
3302001,1,0,0,0,0,41012,10012,2
3302001,1,0,3,8000,10000,41013,10013,2
3302001,0,0,0,0,0,41014,10014,2
3302001,0,0,0,0,0,41015,10015,2
3302001,3,0,0,0,0,41016,10016,2
3303001,0,0,0,0,0,41001,11001,2
3303001,0,0,0,0,0,41002,11002,2
3303001,0,0,0,0,0,41003,11003,2
3303001,0,0,0,0,0,41004,11004,2
3303001,0,0,0,0,0,41005,11005,2
3303001,1,0,0,0,0,41006,11006,2
3303001,1,0,0,0,0,41007,11007,2
3303001,1,0,0,0,0,41008,11008,2
3303001,1,0,0,0,0,41009,11009,2
3303001,1,0,5,0,10000,41010,11010,2
3303001,1,0,0,0,0,41011,11011,2
3303001,1,0,0,0,0,41012,11012,2
3303001,1,0,3,8000,10000,41013,11013,2
3303001,0,0,0,0,0,41014,11014,2
3303001,0,0,0,0,0,41015,11015,2
3303001,3,0,0,0,0,41016,11016,2
3304001,0,0,0,0,0,41001,21001,2
3304001,0,0,0,0,0,41002,21002,2
3304001,0,0,0,0,0,41003,21003,2
3304001,0,0,0,0,0,41004,21004,2
3304001,0,0,0,0,0,41005,21005,2
3304001,1,0,0,0,0,41006,21006,2
3304001,1,0,0,0,0,41007,21007,2
3304001,1,0,0,0,0,41008,21008,2
3304001,1,0,0,0,0,41009,21009,2
3304001,1,0,5,0,10000,41010,21010,2
3304001,1,0,0,0,0,41011,21011,2
3304001,1,0,0,0,0,41012,21012,2
3304001,1,0,3,8000,10000,41013,21013,2
3304001,0,0,0,0,0,41014,21014,2
3304001,0,0,0,0,0,41015,21015,2
3304001,3,0,0,0,0,41016,21016,2
3305001,0,0,0,0,0,41001,13001,2
3305001,0,0,0,0,0,41002,13002,2
3305001,0,0,0,0,0,41003,13003,2
3305001,0,0,0,0,0,41004,13004,2
3305001,0,0,0,0,0,41005,13005,2
3305001,1,0,0,0,0,41006,13006,2
3305001,1,0,0,0,0,41007,13007,2
3305001,1,0,0,0,0,41008,13008,2
3305001,1,0,0,0,0,41009,13009,2
3305001,1,0,5,0,10000,41010,13010,2
3305001,1,0,0,0,0,41011,13011,2
3305001,1,0,0,0,0,41012,13012,2
3305001,1,0,3,8000,10000,41013,13013,2
3305001,0,0,0,0,0,41014,13014,2
3305001,0,0,0,0,0,41015,13015,2
3305001,3,0,0,0,0,41016,13016,2
3305001,0,0,0,0,0,41017,13017,2
3306001,0,0,0,0,0,41001,14001,2
3306001,0,0,0,0,0,41002,14002,2
3306001,0,0,0,0,0,41003,14003,2
3306001,0,0,0,0,0,41004,14004,2
3306001,0,0,0,0,0,41005,14005,2
3306001,1,0,0,0,0,41006,14006,2
3306001,1,0,0,0,0,41007,14007,2
3306001,1,0,0,0,0,41008,14008,2
3306001,1,0,0,0,0,41009,14009,2
3306001,1,0,5,0,10000,41010,14010,2
3306001,1,0,0,0,0,41011,14011,2
3306001,1,0,0,0,0,41012,14012,2
3306001,1,0,3,8000,10000,41013,14013,2
3306001,0,0,0,0,0,41014,14014,2
3306001,0,0,0,0,0,41015,14015,2
3306001,3,0,0,0,0,41016,14016,2
3307001,0,0,0,0,0,41018,15001,2
3307001,0,0,0,0,0,41019,15002,2
3307001,0,0,0,0,0,41020,15003,2
3307001,0,0,0,0,0,41021,15004,2
3308001,0,0,0,0,0,41018,16001,2
3308001,0,0,0,0,0,41019,16002,2
3308001,0,0,0,0,0,41020,16003,2
3308001,0,0,0,0,0,41021,16004,2
3309001,0,0,0,0,0,41018,17001,2
3309001,0,0,0,0,0,41019,17002,2
3309001,0,0,0,0,0,41020,17003,2
3309001,0,0,0,0,0,41021,17004,2
3310001,0,0,0,0,0,41018,18001,2
3310001,0,0,0,0,0,41019,18002,2
3310001,0,0,0,0,0,41020,18003,2
3310001,0,0,0,0,0,41021,18004,2
3311001,0,0,0,0,0,41001,19001,2
3311001,0,0,0,0,0,41002,19002,2
3311001,0,0,0,0,0,41003,19003,2
3311001,0,0,0,0,0,41004,19004,2
3312001,0,0,0,0,0,41001,20001,2
3312001,0,0,0,0,0,41002,20002,2
3312001,0,0,0,0,0,41003,20003,2
3312001,0,0,0,0,0,41004,20004,2
3313001,0,0,0,0,0,41001,22001,2
3313001,0,0,0,0,0,41002,22002,2
3313001,0,0,0,0,0,41003,22003,2
3313001,0,0,0,0,0,41004,22004,2
3314001,0,0,0,0,0,41001,23001,2
3314001,0,0,0,0,0,41002,23002,2
3314001,0,0,0,0,0,41003,23003,2
3314001,0,0,0,0,0,41004,23004,2
3315001,0,0,0,0,0,41001,24001,2
3315001,0,0,0,0,0,41002,24002,2
3315001,0,0,0,0,0,41003,24003,2
3315001,0,0,0,0,0,41004,24004,2
3316001,0,0,0,0,0,41001,25001,2
3316001,0,0,0,0,0,41002,25002,2
3316001,0,0,0,0,0,41003,25003,2
3316001,0,0,0,0,0,41004,25004,2
3317001,0,0,0,0,0,41001,26001,2
3317001,0,0,0,0,0,41002,26002,2
3317001,0,0,0,0,0,41003,26003,2
3317001,0,0,0,0,0,41004,26004,2
3318001,0,0,0,0,0,41001,27001,2
3318001,0,0,0,0,0,41002,27002,2
3318001,0,0,0,0,0,41003,27003,2
3318001,0,0,0,0,0,41004,27004,2
3319001,0,0,0,0,0,41001,28001,2
3319001,0,0,0,0,0,41002,28002,2
3319001,0,0,0,0,0,41003,28003,2
3319001,0,0,0,0,0,41004,28004,2
3320001,0,0,0,0,0,41001,29001,2
3320001,0,0,0,0,0,41002,29002,2
3320001,0,0,0,0,0,41003,29003,2
3320001,0,0,0,0,0,41004,29004,2
3321001,0,0,0,0,0,41001,30001,2
3321001,0,0,0,0,0,41002,30002,2
3321001,0,0,0,0,0,41003,30003,2
3321001,0,0,0,0,0,41004,30004,2
