ID,COUNT,REWARD_TYPE,REWARD_VALUE,REWARD_QTY,BEST,HERO_ID,CAMERA,ATTEND_TYPE,WEEK,HIGHLIGHT,ATTEND_CHECK_PRICE
1,1,100,1000045,2,0,0,"{""position"":{""x"":-3080,""y"":-400,""z"":-72},""rotation"":{""x"":355,""y"":33,""z"":0},""fov"":40}",1,1,0,0
1,2,100,1000045,2,0,0,"{""position"":{""x"":-3080,""y"":-400,""z"":-72},""rotation"":{""x"":355,""y"":33,""z"":0},""fov"":40}",1,1,0,0
1,3,100,1000045,2,0,0,"{""position"":{""x"":-3080,""y"":-400,""z"":-72},""rotation"":{""x"":355,""y"":33,""z"":0},""fov"":40}",1,1,0,0
1,4,100,1000045,2,0,0,"{""position"":{""x"":-3080,""y"":-400,""z"":-72},""rotation"":{""x"":355,""y"":33,""z"":0},""fov"":40}",1,1,0,0
1,5,100,1000045,4,0,0,"{""position"":{""x"":-3080,""y"":-400,""z"":-72},""rotation"":{""x"":355,""y"":33,""z"":0},""fov"":40}",1,1,0,0
1,6,100,1000045,4,0,0,"{""position"":{""x"":-3080,""y"":-400,""z"":-72},""rotation"":{""x"":355,""y"":33,""z"":0},""fov"":40}",1,1,0,0
1,7,100,1000045,4,1,1004502,"{""position"":{""x"":-3080,""y"":-400,""z"":-72},""rotation"":{""x"":355,""y"":33,""z"":0},""fov"":40}",1,1,1,0
2,1,100,1000005,2,0,0,"{""position"":{""x"":-2135,""y"":-595,""z"":362},""rotation"":{""x"":0,""y"":0,""z"":0},""fov"":40}",1,1,0,0
2,2,100,1000005,2,0,0,"{""position"":{""x"":-2135,""y"":-595,""z"":362},""rotation"":{""x"":0,""y"":0,""z"":0},""fov"":40}",1,1,0,0
2,3,100,1000005,2,0,0,"{""position"":{""x"":-2135,""y"":-595,""z"":362},""rotation"":{""x"":0,""y"":0,""z"":0},""fov"":40}",1,1,0,0
2,4,100,1000005,2,0,0,"{""position"":{""x"":-2135,""y"":-595,""z"":362},""rotation"":{""x"":0,""y"":0,""z"":0},""fov"":40}",1,1,0,0
2,5,100,1000005,4,0,0,"{""position"":{""x"":-2135,""y"":-595,""z"":362},""rotation"":{""x"":0,""y"":0,""z"":0},""fov"":40}",1,1,0,0
2,6,100,1000005,4,0,0,"{""position"":{""x"":-2135,""y"":-595,""z"":362},""rotation"":{""x"":0,""y"":0,""z"":0},""fov"":40}",1,1,0,0
2,7,100,1000005,4,1,1000502,"{""position"":{""x"":-2135,""y"":-595,""z"":362},""rotation"":{""x"":0,""y"":0,""z"":0},""fov"":40}",1,1,1,0
3,1,100,1000045,2,0,0,"{""position"":{""x"":-3080,""y"":-400,""z"":-72},""rotation"":{""x"":355,""y"":33,""z"":0},""fov"":40}",1,1,0,0
3,2,100,1000045,2,0,0,"{""position"":{""x"":-3080,""y"":-400,""z"":-72},""rotation"":{""x"":355,""y"":33,""z"":0},""fov"":40}",1,1,0,0
3,3,100,1000045,2,0,0,"{""position"":{""x"":-3080,""y"":-400,""z"":-72},""rotation"":{""x"":355,""y"":33,""z"":0},""fov"":40}",1,1,0,0
3,4,100,1000045,2,0,0,"{""position"":{""x"":-3080,""y"":-400,""z"":-72},""rotation"":{""x"":355,""y"":33,""z"":0},""fov"":40}",1,1,0,0
3,5,100,1000045,4,0,0,"{""position"":{""x"":-3080,""y"":-400,""z"":-72},""rotation"":{""x"":355,""y"":33,""z"":0},""fov"":40}",1,1,0,0
3,6,100,1000045,4,0,0,"{""position"":{""x"":-3080,""y"":-400,""z"":-72},""rotation"":{""x"":355,""y"":33,""z"":0},""fov"":40}",1,1,0,0
3,7,100,1000045,4,1,1004502,"{""position"":{""x"":-3080,""y"":-400,""z"":-72},""rotation"":{""x"":355,""y"":33,""z"":0},""fov"":40}",1,1,1,0
4,1,100,1000025,2,0,0,"{""position"":{""x"":-2164,""y"":-404,""z"":-361},""rotation"":{""x"":0,""y"":0,""z"":0},""fov"":40}",1,1,0,0
4,2,100,1000025,2,0,0,"{""position"":{""x"":-2164,""y"":-404,""z"":-361},""rotation"":{""x"":0,""y"":0,""z"":0},""fov"":40}",1,1,0,0
4,3,100,1000025,2,0,0,"{""position"":{""x"":-2164,""y"":-404,""z"":-361},""rotation"":{""x"":0,""y"":0,""z"":0},""fov"":40}",1,1,0,0
4,4,100,1000025,2,0,0,"{""position"":{""x"":-2164,""y"":-404,""z"":-361},""rotation"":{""x"":0,""y"":0,""z"":0},""fov"":40}",1,1,0,0
4,5,100,1000025,4,0,0,"{""position"":{""x"":-2164,""y"":-404,""z"":-361},""rotation"":{""x"":0,""y"":0,""z"":0},""fov"":40}",1,1,0,0
4,6,100,1000025,4,0,0,"{""position"":{""x"":-2164,""y"":-404,""z"":-361},""rotation"":{""x"":0,""y"":0,""z"":0},""fov"":40}",1,1,0,0
4,7,100,1000025,4,1,1002502,"{""position"":{""x"":-2164,""y"":-404,""z"":-361},""rotation"":{""x"":0,""y"":0,""z"":0},""fov"":40}",1,1,1,0
5,1,100,1000052,2,0,0,"{""position"":{""x"":-2196,""y"":-292,""z"":377},""rotation"":{""x"":355,""y"":0,""z"":0},""fov"":40}",1,1,0,0
5,2,100,1000052,2,0,0,"{""position"":{""x"":-2196,""y"":-292,""z"":377},""rotation"":{""x"":355,""y"":0,""z"":0},""fov"":40}",1,1,0,0
5,3,100,1000052,2,0,0,"{""position"":{""x"":-2196,""y"":-292,""z"":377},""rotation"":{""x"":355,""y"":0,""z"":0},""fov"":40}",1,1,0,0
5,4,100,1000052,2,0,0,"{""position"":{""x"":-2196,""y"":-292,""z"":377},""rotation"":{""x"":355,""y"":0,""z"":0},""fov"":40}",1,1,0,0
5,5,100,1000052,4,0,0,"{""position"":{""x"":-2196,""y"":-292,""z"":377},""rotation"":{""x"":355,""y"":0,""z"":0},""fov"":40}",1,1,0,0
5,6,100,1000052,4,0,0,"{""position"":{""x"":-2196,""y"":-292,""z"":377},""rotation"":{""x"":355,""y"":0,""z"":0},""fov"":40}",1,1,0,0
5,7,100,1000052,4,1,1005202,"{""position"":{""x"":-2196,""y"":-292,""z"":377},""rotation"":{""x"":355,""y"":0,""z"":0},""fov"":40}",1,1,1,0
6,1,100,1000002,4,0,0,"{""position"":{""x"":-3157,""y"":-486,""z"":-231},""rotation"":{""x"":355,""y"":33,""z"":0},""fov"":40}",1,1,0,0
6,2,100,1000002,4,0,0,"{""position"":{""x"":-3157,""y"":-486,""z"":-231},""rotation"":{""x"":355,""y"":33,""z"":0},""fov"":40}",1,1,0,0
6,3,100,1000002,4,0,0,"{""position"":{""x"":-3157,""y"":-486,""z"":-231},""rotation"":{""x"":355,""y"":33,""z"":0},""fov"":40}",1,1,0,0
6,4,100,1000002,4,0,0,"{""position"":{""x"":-3157,""y"":-486,""z"":-231},""rotation"":{""x"":355,""y"":33,""z"":0},""fov"":40}",1,1,0,0
6,5,100,1000002,8,0,0,"{""position"":{""x"":-3157,""y"":-486,""z"":-231},""rotation"":{""x"":355,""y"":33,""z"":0},""fov"":40}",1,1,0,0
6,6,100,1000002,8,0,0,"{""position"":{""x"":-3157,""y"":-486,""z"":-231},""rotation"":{""x"":355,""y"":33,""z"":0},""fov"":40}",1,1,0,0
6,7,100,1000002,8,1,1000203,"{""position"":{""x"":-3157,""y"":-486,""z"":-231},""rotation"":{""x"":355,""y"":33,""z"":0},""fov"":40}",1,1,1,0
7,1,100,1000045,2,0,0,"{""position"":{""x"":-3080,""y"":-400,""z"":-72},""rotation"":{""x"":355,""y"":33,""z"":0},""fov"":40}",1,1,0,0
7,2,100,1000045,2,0,0,"{""position"":{""x"":-3080,""y"":-400,""z"":-72},""rotation"":{""x"":355,""y"":33,""z"":0},""fov"":40}",1,1,0,0
7,3,100,1000045,2,0,0,"{""position"":{""x"":-3080,""y"":-400,""z"":-72},""rotation"":{""x"":355,""y"":33,""z"":0},""fov"":40}",1,1,0,0
7,4,100,1000045,2,0,0,"{""position"":{""x"":-3080,""y"":-400,""z"":-72},""rotation"":{""x"":355,""y"":33,""z"":0},""fov"":40}",1,1,0,0
7,5,100,1000045,4,0,0,"{""position"":{""x"":-3080,""y"":-400,""z"":-72},""rotation"":{""x"":355,""y"":33,""z"":0},""fov"":40}",1,1,0,0
7,6,100,1000045,4,0,0,"{""position"":{""x"":-3080,""y"":-400,""z"":-72},""rotation"":{""x"":355,""y"":33,""z"":0},""fov"":40}",1,1,0,0
7,7,100,1000045,4,1,1004502,"{""position"":{""x"":-3080,""y"":-400,""z"":-72},""rotation"":{""x"":355,""y"":33,""z"":0},""fov"":40}",1,1,1,0
8,1,100,1000010,2,0,0,"{""position"":{""x"":-2382,""y"":-79,""z"":329},""rotation"":{""x"":0,""y"":13.6,""z"":0},""fov"":40}",1,1,0,0
8,2,100,1000010,2,0,0,"{""position"":{""x"":-2382,""y"":-79,""z"":329},""rotation"":{""x"":0,""y"":13.6,""z"":0},""fov"":40}",1,1,0,0
8,3,100,1000010,2,0,0,"{""position"":{""x"":-2382,""y"":-79,""z"":329},""rotation"":{""x"":0,""y"":13.6,""z"":0},""fov"":40}",1,1,0,0
8,4,100,1000010,2,0,0,"{""position"":{""x"":-2382,""y"":-79,""z"":329},""rotation"":{""x"":0,""y"":13.6,""z"":0},""fov"":40}",1,1,0,0
8,5,100,1000010,4,0,0,"{""position"":{""x"":-2382,""y"":-79,""z"":329},""rotation"":{""x"":0,""y"":13.6,""z"":0},""fov"":40}",1,1,0,0
8,6,100,1000010,4,0,0,"{""position"":{""x"":-2382,""y"":-79,""z"":329},""rotation"":{""x"":0,""y"":13.6,""z"":0},""fov"":40}",1,1,0,0
8,7,100,1000010,4,1,1001002,"{""position"":{""x"":-2382,""y"":-79,""z"":329},""rotation"":{""x"":0,""y"":13.6,""z"":0},""fov"":40}",1,1,1,0
9,1,100,1000020,20,1,1002002,"{""position"":{""x"":-2587,""y"":-235,""z"":416},""rotation"":{""x"":355,""y"":27,""z"":0},""fov"":40}",1,1,0,0
9,2,100,1000053,20,1,1005301,"{""position"":{""x"":-2587,""y"":-235,""z"":416},""rotation"":{""x"":355,""y"":27,""z"":0},""fov"":40}",1,1,0,0
9,3,100,1000021,10,1,1002103,"{""position"":{""x"":-2587,""y"":-235,""z"":416},""rotation"":{""x"":355,""y"":27,""z"":0},""fov"":40}",1,1,0,0
9,4,100,1000011,10,1,1001101,"{""position"":{""x"":-2587,""y"":-235,""z"":416},""rotation"":{""x"":355,""y"":27,""z"":0},""fov"":40}",1,1,0,0
9,5,100,1000048,10,1,1004802,"{""position"":{""x"":-2587,""y"":-235,""z"":416},""rotation"":{""x"":355,""y"":27,""z"":0},""fov"":40}",1,1,0,0
9,6,100,1000039,20,1,1003903,"{""position"":{""x"":-2587,""y"":-235,""z"":416},""rotation"":{""x"":355,""y"":27,""z"":0},""fov"":40}",1,1,0,0
9,7,100,1000043,30,1,1004302,"{""position"":{""x"":-2587,""y"":-235,""z"":416},""rotation"":{""x"":355,""y"":27,""z"":0},""fov"":40}",1,1,1,0
10,1,100,1000043,20,0,1004302,"{""position"":{""x"":-2587,""y"":-235,""z"":416},""rotation"":{""x"":355,""y"":27,""z"":0},""fov"":40}",1,1,0,0
10,2,100,1000043,10,0,1004302,"{""position"":{""x"":-2587,""y"":-235,""z"":416},""rotation"":{""x"":355,""y"":27,""z"":0},""fov"":40}",1,1,0,0
10,3,100,1000043,20,0,1004302,"{""position"":{""x"":-2587,""y"":-235,""z"":416},""rotation"":{""x"":355,""y"":27,""z"":0},""fov"":40}",1,1,0,0
10,4,100,1000043,10,0,1004302,"{""position"":{""x"":-2587,""y"":-235,""z"":416},""rotation"":{""x"":355,""y"":27,""z"":0},""fov"":40}",1,1,0,0
10,5,100,1000043,20,0,1004302,"{""position"":{""x"":-2587,""y"":-235,""z"":416},""rotation"":{""x"":355,""y"":27,""z"":0},""fov"":40}",1,1,0,0
10,6,100,1000043,20,0,1004302,"{""position"":{""x"":-2587,""y"":-235,""z"":416},""rotation"":{""x"":355,""y"":27,""z"":0},""fov"":40}",1,1,0,0
10,7,100,1000043,20,1,1004302,"{""position"":{""x"":-2587,""y"":-235,""z"":416},""rotation"":{""x"":355,""y"":27,""z"":0},""fov"":40}",1,1,1,0
11,1,100,1000058,10,0,1005802,"{""position"":{""x"":-2438,""y"":-389,""z"":662},""rotation"":{""x"":345,""y"":20,""z"":2},""fov"":40}",1,1,0,0
11,2,100,1000058,10,0,1005802,"{""position"":{""x"":-2438,""y"":-389,""z"":662},""rotation"":{""x"":345,""y"":20,""z"":2},""fov"":40}",1,1,0,0
11,3,100,1000058,10,0,1005802,"{""position"":{""x"":-2438,""y"":-389,""z"":662},""rotation"":{""x"":345,""y"":20,""z"":2},""fov"":40}",1,1,0,0
11,4,100,1000058,10,0,1005802,"{""position"":{""x"":-2438,""y"":-389,""z"":662},""rotation"":{""x"":345,""y"":20,""z"":2},""fov"":40}",1,1,0,0
11,5,100,1000058,10,0,1005802,"{""position"":{""x"":-2438,""y"":-389,""z"":662},""rotation"":{""x"":345,""y"":20,""z"":2},""fov"":40}",1,1,0,0
11,6,100,1000058,10,0,1005802,"{""position"":{""x"":-2438,""y"":-389,""z"":662},""rotation"":{""x"":345,""y"":20,""z"":2},""fov"":40}",1,1,0,0
11,7,100,1000058,10,1,1005802,"{""position"":{""x"":-2438,""y"":-389,""z"":662},""rotation"":{""x"":345,""y"":20,""z"":2},""fov"":40}",1,1,1,0
12,1,100,1000060,2,0,1006002,"{""position"":{""x"":-2587,""y"":-235,""z"":416},""rotation"":{""x"":355,""y"":27,""z"":0},""fov"":40}",1,1,0,0
12,2,100,1000060,2,0,1006002,"{""position"":{""x"":-2587,""y"":-235,""z"":416},""rotation"":{""x"":355,""y"":27,""z"":0},""fov"":40}",1,1,0,0
12,3,100,1000060,2,0,1006002,"{""position"":{""x"":-2587,""y"":-235,""z"":416},""rotation"":{""x"":355,""y"":27,""z"":0},""fov"":40}",1,1,0,0
12,4,100,1000060,2,0,1006002,"{""position"":{""x"":-2587,""y"":-235,""z"":416},""rotation"":{""x"":355,""y"":27,""z"":0},""fov"":40}",1,1,0,0
12,5,100,1000060,4,0,1006002,"{""position"":{""x"":-2587,""y"":-235,""z"":416},""rotation"":{""x"":355,""y"":27,""z"":0},""fov"":40}",1,1,0,0
12,6,100,1000060,4,0,1006002,"{""position"":{""x"":-2587,""y"":-235,""z"":416},""rotation"":{""x"":355,""y"":27,""z"":0},""fov"":40}",1,1,0,0
12,7,100,1000060,4,1,1006002,"{""position"":{""x"":-2587,""y"":-235,""z"":416},""rotation"":{""x"":355,""y"":27,""z"":0},""fov"":40}",1,1,1,0
13,1,100,1000019,10,0,1001901,"{""position"":{""x"":-2639,""y"":-419,""z"":-309},""rotation"":{""x"":355,""y"":16,""z"":0},""fov"":45}",1,1,0,0
13,2,100,1000019,10,0,1001901,"{""position"":{""x"":-2639,""y"":-419,""z"":-309},""rotation"":{""x"":355,""y"":16,""z"":0},""fov"":45}",1,1,0,0
13,3,100,1000019,10,0,1001901,"{""position"":{""x"":-2639,""y"":-419,""z"":-309},""rotation"":{""x"":355,""y"":16,""z"":0},""fov"":45}",1,1,0,0
13,4,100,1000019,10,0,1001901,"{""position"":{""x"":-2639,""y"":-419,""z"":-309},""rotation"":{""x"":355,""y"":16,""z"":0},""fov"":45}",1,1,0,0
13,5,100,1000019,10,0,1001901,"{""position"":{""x"":-2639,""y"":-419,""z"":-309},""rotation"":{""x"":355,""y"":16,""z"":0},""fov"":45}",1,1,0,0
13,6,100,1000019,10,0,1001901,"{""position"":{""x"":-2639,""y"":-419,""z"":-309},""rotation"":{""x"":355,""y"":16,""z"":0},""fov"":45}",1,1,0,0
13,7,100,1000019,10,1,1001901,"{""position"":{""x"":-2639,""y"":-419,""z"":-309},""rotation"":{""x"":355,""y"":16,""z"":0},""fov"":45}",1,1,1,0
14,1,100,1000064,2,0,1006402,"{""position"":{""x"":-2305,""y"":-311,""z"":631},""rotation"":{""x"":355.5,""y"":11,""z"":2},""fov"":45}",1,1,0,0
14,2,100,1000064,2,0,1006402,"{""position"":{""x"":-2305,""y"":-311,""z"":631},""rotation"":{""x"":355.5,""y"":11,""z"":2},""fov"":45}",1,1,0,0
14,3,100,1000064,2,0,1006402,"{""position"":{""x"":-2305,""y"":-311,""z"":631},""rotation"":{""x"":355.5,""y"":11,""z"":2},""fov"":45}",1,1,0,0
14,4,100,1000064,2,0,1006402,"{""position"":{""x"":-2305,""y"":-311,""z"":631},""rotation"":{""x"":355.5,""y"":11,""z"":2},""fov"":45}",1,1,0,0
14,5,100,1000064,4,0,1006402,"{""position"":{""x"":-2305,""y"":-311,""z"":631},""rotation"":{""x"":355.5,""y"":11,""z"":2},""fov"":45}",1,1,0,0
14,6,100,1000064,4,0,1006402,"{""position"":{""x"":-2305,""y"":-311,""z"":631},""rotation"":{""x"":355.5,""y"":11,""z"":2},""fov"":45}",1,1,0,0
14,7,100,1000064,4,1,1006402,"{""position"":{""x"":-2305,""y"":-311,""z"":631},""rotation"":{""x"":355.5,""y"":11,""z"":2},""fov"":45}",1,1,1,0
15,1,100,1000065,2,0,1006501,"{""position"":{""x"":-2248,""y"":-341,""z"":566},""rotation"":{""x"":356,""y"":2.75,""z"":2.5},""fov"":40}",1,1,0,0
15,2,100,1000065,2,0,1006501,"{""position"":{""x"":-2248,""y"":-341,""z"":566},""rotation"":{""x"":356,""y"":2.75,""z"":2.5},""fov"":40}",1,1,0,0
15,3,100,1000065,2,0,1006501,"{""position"":{""x"":-2248,""y"":-341,""z"":566},""rotation"":{""x"":356,""y"":2.75,""z"":2.5},""fov"":40}",1,1,0,0
15,4,100,1000065,2,0,1006501,"{""position"":{""x"":-2248,""y"":-341,""z"":566},""rotation"":{""x"":356,""y"":2.75,""z"":2.5},""fov"":40}",1,1,0,0
15,5,100,1000065,4,0,1006501,"{""position"":{""x"":-2248,""y"":-341,""z"":566},""rotation"":{""x"":356,""y"":2.75,""z"":2.5},""fov"":40}",1,1,0,0
15,6,100,1000065,4,0,1006501,"{""position"":{""x"":-2248,""y"":-341,""z"":566},""rotation"":{""x"":356,""y"":2.75,""z"":2.5},""fov"":40}",1,1,0,0
15,7,100,1000065,4,1,1006501,"{""position"":{""x"":-2248,""y"":-341,""z"":566},""rotation"":{""x"":356,""y"":2.75,""z"":2.5},""fov"":40}",1,1,1,0
16,1,100,1000066,2,0,1006602,"{""position"":{""x"":-2422,""y"":-254,""z"":641},""rotation"":{""x"":355,""y"":23,""z"":0},""fov"":40}",1,1,0,0
16,2,100,1000066,2,0,1006602,"{""position"":{""x"":-2422,""y"":-254,""z"":641},""rotation"":{""x"":355,""y"":23,""z"":0},""fov"":40}",1,1,0,0
16,3,100,1000066,2,0,1006602,"{""position"":{""x"":-2422,""y"":-254,""z"":641},""rotation"":{""x"":355,""y"":23,""z"":0},""fov"":40}",1,1,0,0
16,4,100,1000066,2,0,1006602,"{""position"":{""x"":-2422,""y"":-254,""z"":641},""rotation"":{""x"":355,""y"":23,""z"":0},""fov"":40}",1,1,0,0
16,5,100,1000066,4,0,1006602,"{""position"":{""x"":-2422,""y"":-254,""z"":641},""rotation"":{""x"":355,""y"":23,""z"":0},""fov"":40}",1,1,0,0
16,6,100,1000066,4,0,1006602,"{""position"":{""x"":-2422,""y"":-254,""z"":641},""rotation"":{""x"":355,""y"":23,""z"":0},""fov"":40}",1,1,0,0
16,7,100,1000066,4,1,1006602,"{""position"":{""x"":-2422,""y"":-254,""z"":641},""rotation"":{""x"":355,""y"":23,""z"":0},""fov"":40}",1,1,1,0
17,1,100,1000067,2,0,1006701,"{""position"":{""x"":-2814,""y"":-327,""z"":765},""rotation"":{""x"":355,""y"":55,""z"":0},""fov"":40}",1,1,0,0
17,2,100,1000067,2,0,1006701,"{""position"":{""x"":-2814,""y"":-327,""z"":765},""rotation"":{""x"":355,""y"":55,""z"":0},""fov"":40}",1,1,0,0
17,3,100,1000067,2,0,1006701,"{""position"":{""x"":-2814,""y"":-327,""z"":765},""rotation"":{""x"":355,""y"":55,""z"":0},""fov"":40}",1,1,0,0
17,4,100,1000067,2,0,1006701,"{""position"":{""x"":-2814,""y"":-327,""z"":765},""rotation"":{""x"":355,""y"":55,""z"":0},""fov"":40}",1,1,0,0
17,5,100,1000067,4,0,1006701,"{""position"":{""x"":-2814,""y"":-327,""z"":765},""rotation"":{""x"":355,""y"":55,""z"":0},""fov"":40}",1,1,0,0
17,6,100,1000067,4,0,1006701,"{""position"":{""x"":-2814,""y"":-327,""z"":765},""rotation"":{""x"":355,""y"":55,""z"":0},""fov"":40}",1,1,0,0
17,7,100,1000067,4,1,1006701,"{""position"":{""x"":-2814,""y"":-327,""z"":765},""rotation"":{""x"":355,""y"":55,""z"":0},""fov"":40}",1,1,1,0
18,1,100,1000010,100,1,1001001,"{""position"":{""x"":-2382,""y"":-79,""z"":329},""rotation"":{""x"":0,""y"":13.6,""z"":0},""fov"":40}",1,1,0,0
18,2,100,1000002,100,1,1000201,"{""position"":{""x"":-3157,""y"":-486,""z"":-231},""rotation"":{""x"":355,""y"":33,""z"":0},""fov"":40}",1,1,0,0
18,3,100,1000049,100,1,1004901,"{""position"":{""x"":-2156,""y"":-238,""z"":388},""rotation"":{""x"":0,""y"":0,""z"":0},""fov"":45}",1,1,0,0
18,4,100,1000027,100,1,1002701,"{""position"":{""x"":-2120,""y"":-244,""z"":350},""rotation"":{""x"":0,""y"":0,""z"":0},""fov"":45}",1,1,0,0
18,5,100,1000052,100,1,1005201,"{""position"":{""x"":-2196,""y"":-292,""z"":377},""rotation"":{""x"":355,""y"":0,""z"":0},""fov"":40}",1,1,0,0
18,6,100,1000008,100,1,1000801,"{""position"":{""x"":-2167,""y"":-190,""z"":311},""rotation"":{""x"":0,""y"":0,""z"":0},""fov"":45}",1,1,0,0
18,7,100,1000045,100,1,1004501,"{""position"":{""x"":-3080,""y"":-400,""z"":-72},""rotation"":{""x"":355,""y"":33,""z"":0},""fov"":40}",1,1,1,0
19,1,100,1000070,2,0,1007001,"{""position"":{""x"":-2140,""y"":-440,""z"":215},""rotation"":{""x"":0,""y"":0,""z"":0},""fov"":45}",1,1,0,0
19,2,100,1000070,2,0,1007001,"{""position"":{""x"":-2140,""y"":-440,""z"":215},""rotation"":{""x"":0,""y"":0,""z"":0},""fov"":45}",1,1,0,0
19,3,100,1000070,2,0,1007001,"{""position"":{""x"":-2140,""y"":-440,""z"":215},""rotation"":{""x"":0,""y"":0,""z"":0},""fov"":45}",1,1,0,0
19,4,100,1000070,2,0,1007001,"{""position"":{""x"":-2140,""y"":-440,""z"":215},""rotation"":{""x"":0,""y"":0,""z"":0},""fov"":45}",1,1,0,0
19,5,100,1000070,4,0,1007001,"{""position"":{""x"":-2140,""y"":-440,""z"":215},""rotation"":{""x"":0,""y"":0,""z"":0},""fov"":45}",1,1,0,0
19,6,100,1000070,4,0,1007001,"{""position"":{""x"":-2140,""y"":-440,""z"":215},""rotation"":{""x"":0,""y"":0,""z"":0},""fov"":45}",1,1,0,0
19,7,100,1000070,4,1,1007001,"{""position"":{""x"":-2140,""y"":-440,""z"":215},""rotation"":{""x"":0,""y"":0,""z"":0},""fov"":45}",1,1,1,0
20,1,100,1000054,20,1,1005401,"{""position"":{""x"":-2198,""y"":-388,""z"":-85},""rotation"":{""x"":0,""y"":0,""z"":0},""fov"":45}",1,1,0,0
20,2,100,1000045,20,1,1004501,"{""position"":{""x"":-3080,""y"":-400,""z"":-72},""rotation"":{""x"":355,""y"":33,""z"":0},""fov"":40}",1,1,0,0
20,3,100,1000055,20,1,1005501,"{""position"":{""x"":-2103,""y"":-400,""z"":-15},""rotation"":{""x"":0,""y"":0,""z"":0},""fov"":45}",1,1,0,0
20,4,100,1000014,20,1,1001401,"{""position"":{""x"":-2215,""y"":-334,""z"":-249},""rotation"":{""x"":0,""y"":0,""z"":0},""fov"":45}",1,1,0,0
20,5,100,1000071,20,1,1007101,"{""position"":{""x"":-2234,""y"":-432,""z"":175},""rotation"":{""x"":0,""y"":0,""z"":0},""fov"":45}",1,1,0,0
20,6,100,1000067,20,1,1006701,"{""position"":{""x"":-2814,""y"":-327,""z"":765},""rotation"":{""x"":355,""y"":55,""z"":0},""fov"":40}",1,1,0,0
20,7,100,1000053,20,1,1005301,"{""position"":{""x"":-2215,""y"":-460,""z"":225},""rotation"":{""x"":0,""y"":0,""z"":0},""fov"":45}",1,1,1,0
21,1,100,1000054,30,1,1005401,"{""position"":{""x"":-2198,""y"":-388,""z"":-85},""rotation"":{""x"":0,""y"":0,""z"":0},""fov"":45}",1,1,0,0
21,2,100,1000045,30,1,1004501,"{""position"":{""x"":-3080,""y"":-400,""z"":-72},""rotation"":{""x"":355,""y"":33,""z"":0},""fov"":40}",1,1,0,0
21,3,100,1000055,30,1,1005501,"{""position"":{""x"":-2103,""y"":-400,""z"":-15},""rotation"":{""x"":0,""y"":0,""z"":0},""fov"":45}",1,1,0,0
21,4,100,1000014,30,1,1001401,"{""position"":{""x"":-2215,""y"":-334,""z"":-249},""rotation"":{""x"":0,""y"":0,""z"":0},""fov"":45}",1,1,0,0
21,5,100,1000071,30,1,1007101,"{""position"":{""x"":-2234,""y"":-432,""z"":175},""rotation"":{""x"":0,""y"":0,""z"":0},""fov"":45}",1,1,0,0
21,6,100,1000067,30,1,1006701,"{""position"":{""x"":-2814,""y"":-327,""z"":765},""rotation"":{""x"":355,""y"":55,""z"":0},""fov"":40}",1,1,0,0
21,7,100,1000053,30,1,1005301,"{""position"":{""x"":-2215,""y"":-460,""z"":225},""rotation"":{""x"":0,""y"":0,""z"":0},""fov"":45}",1,1,1,0
22,1,100,1000069,1,1,1006901,"{""position"":{""x"":-2202,""y"":-113,""z"":500},""rotation"":{""x"":0,""y"":0,""z"":0},""fov"":45}",1,1,0,0
22,2,100,1000069,1,1,1006901,"{""position"":{""x"":-2202,""y"":-113,""z"":500},""rotation"":{""x"":0,""y"":0,""z"":0},""fov"":45}",1,1,0,0
22,3,100,1000069,1,1,1006901,"{""position"":{""x"":-2202,""y"":-113,""z"":500},""rotation"":{""x"":0,""y"":0,""z"":0},""fov"":45}",1,1,0,0
22,4,100,1000069,1,1,1006901,"{""position"":{""x"":-2202,""y"":-113,""z"":500},""rotation"":{""x"":0,""y"":0,""z"":0},""fov"":45}",1,1,0,0
22,5,100,1000069,2,1,1006901,"{""position"":{""x"":-2202,""y"":-113,""z"":500},""rotation"":{""x"":0,""y"":0,""z"":0},""fov"":45}",1,1,0,0
22,6,100,1000069,2,1,1006901,"{""position"":{""x"":-2202,""y"":-113,""z"":500},""rotation"":{""x"":0,""y"":0,""z"":0},""fov"":45}",1,1,0,0
22,7,100,1000069,2,1,1006901,"{""position"":{""x"":-2202,""y"":-113,""z"":500},""rotation"":{""x"":0,""y"":0,""z"":0},""fov"":45}",1,1,1,0
23,1,2,0,200,1,0,0,1,1,0,0
23,2,100,10199001,300,1,0,0,1,1,0,0
23,3,5,0,500,1,0,0,1,1,0,0
23,4,100,10199002,100,1,0,0,1,1,0,0
23,5,300,1068,1,1,0,0,1,1,0,0
23,6,100,2001,100,1,0,0,1,1,0,0
23,7,307,2219,1,1,0,0,1,1,1,0
24,1,2,0,200,1,0,0,1,1,0,0
24,2,3,0,1000000,1,0,0,1,1,0,0
24,3,6,0,500,1,0,0,1,1,0,0
24,4,100,10199002,100,1,0,0,1,1,0,0
24,5,300,1078,1,1,0,0,1,1,0,0
24,6,100,2001,100,1,0,0,1,1,0,0
24,7,100,2505,1,1,0,0,1,1,1,0
25,1,100,20406001,1,1,0,0,1,1,0,0
25,2,100,20506001,1,1,0,0,1,1,0,0
25,3,100,20606001,1,1,0,0,1,1,0,0
25,4,100,20006001,1,1,0,0,1,1,0,0
25,5,100,20106001,1,1,0,0,1,1,0,0
25,6,100,20206001,1,1,0,0,1,1,0,0
25,7,100,20306001,1,1,0,0,1,1,1,0
26,1,2,0,200,1,0,0,1,1,0,0
26,2,100,10199001,300,1,0,0,1,1,0,0
26,3,100,1020005,20,1,0,0,1,1,0,0
26,4,100,10199002,200,1,0,0,1,1,0,0
26,5,300,1078,1,1,0,0,1,1,0,0
26,6,100,2001,100,1,0,0,1,1,0,0
26,7,100,2505,1,1,0,0,1,1,1,0
27,1,2,0,200,1,0,0,1,1,0,0
27,2,3,0,1000000,1,0,0,1,1,0,0
27,3,100,1070001,20,1,0,0,1,1,0,0
27,4,100,10199002,200,1,0,0,1,1,0,0
27,5,300,1068,1,1,0,0,1,1,0,0
27,6,100,2001,100,1,0,0,1,1,0,0
27,7,307,2219,1,1,0,0,1,1,1,0
28,1,100,1000054,30,1,1005401,"{""position"":{""x"":-2198,""y"":-388,""z"":-85},""rotation"":{""x"":0,""y"":0,""z"":0},""fov"":45}",1,1,0,0
28,2,100,1000045,30,1,1004501,"{""position"":{""x"":-3080,""y"":-400,""z"":-72},""rotation"":{""x"":355,""y"":33,""z"":0},""fov"":40}",1,1,0,0
28,3,100,1000055,30,1,1005501,"{""position"":{""x"":-2103,""y"":-400,""z"":-15},""rotation"":{""x"":0,""y"":0,""z"":0},""fov"":45}",1,1,0,0
28,4,100,1000014,30,1,1001401,"{""position"":{""x"":-2215,""y"":-334,""z"":-249},""rotation"":{""x"":0,""y"":0,""z"":0},""fov"":45}",1,1,0,0
28,5,100,1000071,30,1,1007101,"{""position"":{""x"":-2234,""y"":-432,""z"":175},""rotation"":{""x"":0,""y"":0,""z"":0},""fov"":45}",1,1,0,0
28,6,100,1000067,30,1,1006701,"{""position"":{""x"":-2814,""y"":-327,""z"":765},""rotation"":{""x"":355,""y"":55,""z"":0},""fov"":40}",1,1,0,0
28,7,100,1000053,30,1,1005301,"{""position"":{""x"":-2215,""y"":-460,""z"":225},""rotation"":{""x"":0,""y"":0,""z"":0},""fov"":45}",1,1,1,0
29,1,100,1000046,30,1,0,0,1,1,0,0
29,2,100,1000048,30,1,0,0,1,1,0,0
29,3,100,1000035,30,1,0,0,1,1,0,0
29,4,100,1000051,30,1,0,0,1,1,0,0
29,5,100,1000020,30,1,0,0,1,1,0,0
29,6,100,1000024,30,1,0,0,1,1,0,0
29,7,100,1000079,30,1,0,0,1,1,1,0
30,1,100,1000067,30,1,0,0,1,1,0,0
30,2,100,1000068,30,1,0,0,1,1,0,0
30,3,100,1000049,30,1,0,0,1,1,0,0
30,4,100,1000014,30,1,0,0,1,1,0,0
30,5,100,1000045,30,1,0,0,1,1,0,0
30,6,100,1000010,30,1,0,0,1,1,0,0
30,7,100,1000079,30,1,0,0,1,1,1,0
31,1,300,1057,1,1,0,0,1,1,0,0
31,2,307,2153,1,1,0,0,1,1,0,0
31,3,307,2169,1,1,0,0,1,1,0,0
31,4,3,0,500000,1,0,0,1,1,0,0
31,5,300,1057,1,1,0,0,1,1,0,0
31,6,100,201010401,1,1,0,0,1,1,0,0
31,7,100,2505,1,1,0,0,1,1,1,0
32,1,100,1000081,5,1,1008101,"{""position"":{""x"":-2814,""y"":-327,""z"":765},""rotation"":{""x"":355,""y"":55,""z"":0},""fov"":40}",1,1,0,0
32,2,100,1000081,5,1,1008101,"{""position"":{""x"":-2814,""y"":-327,""z"":765},""rotation"":{""x"":355,""y"":55,""z"":0},""fov"":40}",1,1,0,0
32,3,100,1000081,5,1,1008101,"{""position"":{""x"":-2814,""y"":-327,""z"":765},""rotation"":{""x"":355,""y"":55,""z"":0},""fov"":40}",1,1,0,0
32,4,100,1000081,5,1,1008101,"{""position"":{""x"":-2814,""y"":-327,""z"":765},""rotation"":{""x"":355,""y"":55,""z"":0},""fov"":40}",1,1,0,0
32,5,100,1000081,5,1,1008101,"{""position"":{""x"":-2814,""y"":-327,""z"":765},""rotation"":{""x"":355,""y"":55,""z"":0},""fov"":40}",1,1,0,0
32,6,100,1000081,5,1,1008101,"{""position"":{""x"":-2814,""y"":-327,""z"":765},""rotation"":{""x"":355,""y"":55,""z"":0},""fov"":40}",1,1,0,0
32,7,100,1000081,10,1,1008101,"{""position"":{""x"":-2814,""y"":-327,""z"":765},""rotation"":{""x"":355,""y"":55,""z"":0},""fov"":40}",1,1,1,0
33,1,2,0,200,1,0,0,1,1,0,0
33,2,100,10199001,300,1,0,0,1,1,0,0
33,3,100,1020005,20,1,0,0,1,1,0,0
33,4,100,10199002,200,1,0,0,1,1,0,0
33,5,300,1078,1,1,0,0,1,1,0,0
33,6,100,2001,100,1,0,0,1,1,0,0
33,7,100,2505,1,1,0,0,1,1,1,0
34,1,2,0,200,1,0,0,1,1,0,0
34,2,3,0,1000000,1,0,0,1,1,0,0
34,3,100,1070001,20,1,0,0,1,1,0,0
34,4,100,10199002,200,1,0,0,1,1,0,0
34,5,300,1083,1,1,0,0,1,1,0,0
34,6,100,2001,100,1,0,0,1,1,0,0
34,7,307,2219,1,1,0,0,1,1,1,0
35,1,2,0,100,1,0,0,1,1,0,0
35,2,3,0,500000,1,0,0,1,1,0,0
35,3,100,2001,50,1,0,0,1,1,0,0
35,4,100,10199002,100,1,0,0,1,1,0,0
35,5,300,1078,1,1,0,0,1,1,0,0
35,6,300,1083,1,1,0,0,1,1,0,0
35,7,100,2606,1,1,0,0,1,1,1,0
36,1,100,3005,325,1,0,0,1,1,0,0
36,2,300,1092,1,1,0,0,1,1,0,0
36,3,100,10199001,500,1,0,0,1,1,0,0
36,4,300,1068,1,1,0,0,1,1,0,0
36,5,100,10199002,1000,1,0,0,1,1,0,0
36,6,3,0,1000000,1,0,0,1,1,0,0
36,7,100,2901,1,1,0,0,1,1,1,0
37,1,100,3005,325,1,0,0,1,1,0,0
37,2,300,1092,1,1,0,0,1,1,0,0
37,3,100,10199001,500,1,0,0,1,1,0,0
37,4,300,1068,1,1,0,0,1,1,0,0
37,5,100,10199002,1000,1,0,0,1,1,0,0
37,6,3,0,1000000,1,0,0,1,1,0,0
37,7,100,2901,1,1,0,0,1,1,1,0
38,1,100,1000001,20,1,0,0,1,1,0,0
38,2,100,1000031,20,1,0,0,1,1,0,0
38,3,100,1000007,20,1,0,0,1,1,0,0
38,4,100,1000049,20,1,0,0,1,1,0,0
38,5,100,1000027,20,1,0,0,1,1,0,0
38,6,100,1000029,20,1,0,0,1,1,0,0
38,7,100,1000003,20,1,0,0,1,1,1,0
39,1,2,0,200,1,0,0,1,1,0,0
39,2,100,10199001,300,1,0,0,1,1,0,0
39,3,100,1020005,20,1,0,0,1,1,0,0
39,4,100,10199002,200,1,0,0,1,1,0,0
39,5,300,1078,1,1,0,0,1,1,0,0
39,6,100,2001,100,1,0,0,1,1,0,0
39,7,100,2505,1,1,0,0,1,1,1,0
40,1,2,0,200,1,0,0,1,1,0,0
40,2,3,0,1000000,1,0,0,1,1,0,0
40,3,100,1070001,20,1,0,0,1,1,0,0
40,4,100,10199002,200,1,0,0,1,1,0,0
40,5,300,1083,1,1,0,0,1,1,0,0
40,6,100,2001,100,1,0,0,1,1,0,0
40,7,307,2219,1,1,0,0,1,1,1,0
41,1,100,2503,1,1,0,0,1,1,0,0
41,2,300,1078,1,1,0,0,1,1,0,0
41,3,100,2001,100,1,0,0,1,1,0,0
41,4,100,2504,1,1,0,0,1,1,0,0
41,5,300,1068,1,1,0,0,1,1,0,0
41,6,100,10199002,200,1,0,0,1,1,0,0
41,7,100,2505,1,1,0,0,1,1,1,0
42,1,2,0,200,1,0,0,1,1,0,0
42,2,100,10199001,300,1,0,0,1,1,0,0
42,3,100,1020005,20,1,0,0,1,1,0,0
42,4,100,10199002,200,1,0,0,1,1,0,0
42,5,300,1078,1,1,0,0,1,1,0,0
42,6,100,2001,100,1,0,0,1,1,0,0
42,7,100,2505,1,1,0,0,1,1,1,0
43,1,100,1000057,20,1,0,0,1,1,0,0
43,2,100,1000008,20,1,0,0,1,1,0,0
43,3,100,1000071,20,1,0,0,1,1,0,0
43,4,100,1000057,40,1,0,0,1,1,0,0
43,5,100,1000008,40,1,0,0,1,1,0,0
43,6,100,1000071,40,1,0,0,1,1,0,0
43,7,100,1000008,200,1,0,0,1,1,1,0
44,1,100,1000065,20,1,0,0,1,1,0,0
44,2,100,1000010,20,1,0,0,1,1,0,0
44,3,100,1000067,20,1,0,0,1,1,0,0
44,4,100,1000066,40,1,0,0,1,1,0,0
44,5,100,1000065,40,1,0,0,1,1,0,0
44,6,100,1000067,40,1,0,0,1,1,0,0
44,7,100,1000010,200,1,0,0,1,1,1,0
45,1,100,1000027,20,1,0,0,1,1,0,0
45,2,100,1000003,20,1,0,0,1,1,0,0
45,3,100,1000045,20,1,0,0,1,1,0,0
45,4,100,1000030,40,1,0,0,1,1,0,0
45,5,100,1000027,40,1,0,0,1,1,0,0
45,6,100,1000045,40,1,0,0,1,1,0,0
45,7,100,1000003,200,1,0,0,1,1,1,0
46,1,2,0,200,1,0,0,1,1,0,0
46,2,100,10199001,300,1,0,0,1,1,0,0
46,3,100,1020005,20,1,0,0,1,1,0,0
46,4,100,10199002,200,1,0,0,1,1,0,0
46,5,300,1078,1,1,0,0,1,1,0,0
46,6,100,2001,100,1,0,0,1,1,0,0
46,7,100,2505,1,1,0,0,1,1,1,0
47,1,300,1078,1,1,0,0,1,1,0,0
47,2,100,3502,45,1,0,0,1,1,0,0
47,3,100,1070001,20,1,0,0,1,1,0,0
47,4,300,1083,1,1,0,0,1,1,0,0
47,5,100,10199007,20,1,0,0,1,1,0,0
47,6,100,1020005,100,1,0,0,1,1,0,0
47,7,307,2205,1,1,0,0,1,1,1,0
48,1,2,0,200,1,0,0,1,1,0,0
48,2,100,3502,45,1,0,0,1,1,0,0
48,3,100,1020005,20,1,0,0,1,1,0,0
48,4,100,10199002,200,1,0,0,1,1,0,0
48,5,300,1078,1,1,0,0,1,1,0,0
48,6,100,10199007,20,1,0,0,1,1,0,0
48,7,100,2606,1,1,0,0,1,1,1,0
49,1,300,1078,1,1,0,0,1,1,0,0
49,2,100,2051,5,1,0,0,1,1,0,0
49,3,100,1070001,20,1,0,0,1,1,0,0
49,4,300,1083,1,1,0,0,1,1,0,0
49,5,100,10199002,200,1,0,0,1,1,0,0
49,6,100,1020005,100,1,0,0,1,1,0,0
49,7,307,2196,1,1,0,0,1,1,1,0
50,1,2,0,200,1,0,0,1,1,0,0
50,2,307,2158,1,1,0,0,1,1,0,0
50,3,100,3502,50,1,0,0,1,1,0,0
50,4,100,10199002,200,1,0,0,1,1,0,0
50,5,100,10199001,300,1,0,0,1,1,0,0
50,6,100,10199007,20,1,0,0,1,1,0,0
50,7,100,2505,1,1,0,0,1,1,1,0
51,1,300,1078,1,1,0,0,1,1,0,0
51,2,100,2051,10,1,0,0,1,1,0,0
51,3,100,1070001,20,1,0,0,1,1,0,0
51,4,300,1083,1,1,0,0,1,1,0,0
51,5,100,10199002,200,1,0,0,1,1,0,0
51,6,100,1020005,50,1,0,0,1,1,0,0
51,7,100,1070001,200,1,0,0,1,1,1,0
52,1,2,0,100,1,0,0,1,1,0,0
52,2,100,3502,50,1,0,0,1,1,0,0
52,3,100,10199001,500,1,0,0,1,1,0,0
52,4,300,1068,1,1,0,0,1,1,0,0
52,5,100,10199002,1000,1,0,0,1,1,0,0
52,6,100,10199007,20,1,0,0,1,1,0,0
52,7,307,2219,1,1,0,0,1,1,1,0
53,1,307,2155,1,1,0,0,1,1,0,0
53,2,100,2001,50,1,0,0,1,1,0,0
53,3,100,10199001,200,1,0,0,1,1,0,0
53,4,307,2155,1,1,0,0,1,1,0,0
53,5,100,10199002,100,1,0,0,1,1,0,0
53,6,100,2805,1,1,0,0,1,1,0,0
53,7,100,2901,1,1,0,0,1,1,1,0
54,1,300,1078,1,1,0,0,1,1,0,0
54,2,300,1083,1,1,0,0,1,1,0,0
54,3,300,1078,1,1,0,0,1,1,0,0
54,4,300,1083,1,1,0,0,1,1,0,0
54,5,300,1078,1,1,0,0,1,1,0,0
54,6,300,1068,1,1,0,0,1,1,0,0
54,7,300,1078,1,1,0,0,1,1,1,0
55,1,2,0,100,1,0,0,1,1,0,0
55,2,100,3502,50,1,0,0,1,1,0,0
55,3,100,10199001,500,1,0,0,1,1,0,0
55,4,100,10199007,20,1,0,0,1,1,0,0
55,5,100,10199002,1000,1,0,0,1,1,0,0
55,6,100,3505,5,1,0,0,1,1,0,0
55,7,307,2219,1,1,0,0,1,1,1,0
56,1,100,1100001,50,1,0,0,1,1,0,0
56,2,100,2001,50,1,0,0,1,1,0,0
56,3,100,10199001,300,1,0,0,1,1,0,0
56,4,307,2155,1,1,0,0,1,1,0,0
56,5,100,10199002,500,1,0,0,1,1,0,0
56,6,100,1100001,50,1,0,0,1,1,0,0
56,7,100,2704,1,1,0,0,1,1,1,0
57,1,2,0,100,1,0,0,1,1,0,0
57,2,100,3502,50,1,0,0,1,1,0,0
57,3,100,10199001,500,1,0,0,1,1,0,0
57,4,100,10199007,30,1,0,0,1,1,0,0
57,5,100,10199002,1000,1,0,0,1,1,0,0
57,6,100,1110001,100,1,0,0,1,1,0,0
57,7,100,1120001,300,1,0,0,1,1,1,0
58,1,2,0,100,1,0,0,1,1,0,0
58,2,100,2001,50,1,0,0,1,1,0,0
58,3,100,2051,50,1,0,0,1,1,0,0
58,4,100,10199001,300,1,0,0,1,1,0,0
58,5,100,10199002,500,1,0,0,1,1,0,0
58,6,100,1100001,50,1,0,0,1,1,0,0
58,7,307,2219,1,1,0,0,1,1,1,0
59,1,2,0,100,1,0,0,1,1,0,0
59,2,100,3502,50,1,0,0,1,1,0,0
59,3,100,10199001,500,1,0,0,1,1,0,0
59,4,100,10199007,30,1,0,0,1,1,0,0
59,5,100,10199002,1000,1,0,0,1,1,0,0
59,6,100,1110001,100,1,0,0,1,1,0,0
59,7,100,1120001,300,1,0,0,1,1,1,0
60,1,2,0,100,1,0,0,1,1,0,0
60,2,307,2158,1,1,0,0,1,1,0,0
60,3,100,3502,50,1,0,0,1,1,0,0
60,4,100,10199002,200,1,0,0,1,1,0,0
60,5,100,10199001,200,1,0,0,1,1,0,0
60,6,100,10199007,20,1,0,0,1,1,0,0
60,7,100,2505,1,1,0,0,1,1,1,0
61,1,100,3005,50,1,0,0,1,1,0,0
61,2,100,10199001,200,1,0,0,1,1,0,0
61,3,100,2051,20,1,0,0,1,1,0,0
61,4,100,1020005,20,1,0,0,1,1,0,0
61,5,100,10199002,200,1,0,0,1,1,0,0
61,6,100,1070001,100,1,0,0,1,1,0,0
61,7,100,2606,1,1,0,0,1,1,1,0
62,1,2,0,100,1,0,0,1,1,0,0
62,2,100,2001,50,1,0,0,1,1,0,0
62,3,100,2051,20,1,0,0,1,1,0,0
62,4,300,1128,1,1,0,0,1,1,0,0
62,5,100,10199002,300,1,0,0,1,1,0,0
62,6,100,1120001,50,1,0,0,1,1,0,0
62,7,307,2219,1,1,0,0,1,1,1,0
63,1,100,1070001,20,1,0,0,1,1,0,0
63,2,100,1020005,30,1,0,0,1,1,0,0
63,3,100,1070001,30,1,0,0,1,1,0,0
63,4,100,1020005,30,1,0,0,1,1,0,0
63,5,100,1070001,50,1,0,0,1,1,0,0
63,6,100,1020005,40,1,0,0,1,1,0,0
63,7,100,1070001,100,1,0,0,1,1,1,0
64,1,2,0,100,1,0,0,1,1,0,0
64,2,100,2001,50,1,0,0,1,1,0,0
64,3,100,2051,20,1,0,0,1,1,0,0
64,4,300,1128,1,1,0,0,1,1,0,0
64,5,100,10199002,300,1,0,0,1,1,0,0
64,6,100,1120001,50,1,0,0,1,1,0,0
64,7,307,2219,1,1,0,0,1,1,1,0
65,1,2,0,100,1,0,0,1,1,0,0
65,2,307,2158,1,1,0,0,1,1,0,0
65,3,100,3502,50,1,0,0,1,1,0,0
65,4,100,10199002,200,1,0,0,1,1,0,0
65,5,100,10199001,200,1,0,0,1,1,0,0
65,6,100,10199007,20,1,0,0,1,1,0,0
65,7,100,2505,1,1,0,0,1,1,1,0
66,1,2,0,100,1,0,0,1,1,0,0
66,2,307,2158,1,1,0,0,1,1,0,0
66,3,100,3502,50,1,0,0,1,1,0,0
66,4,100,10199002,200,1,0,0,1,1,0,0
66,5,100,10199001,200,1,0,0,1,1,0,0
66,6,100,10199007,20,1,0,0,1,1,0,0
66,7,100,2505,1,1,0,0,1,1,1,0
67,1,2,0,100,1,0,0,1,1,0,0
67,2,100,2001,50,1,0,0,1,1,0,0
67,3,100,2051,20,1,0,0,1,1,0,0
67,4,300,1128,1,1,0,0,1,1,0,0
67,5,100,10199002,300,1,0,0,1,1,0,0
67,6,100,1120001,50,1,0,0,1,1,0,0
67,7,307,2219,1,1,0,0,1,1,1,0
68,1,2,0,100,1,0,0,1,1,0,0
68,2,100,1020005,30,1,0,0,1,1,0,0
68,3,100,1070001,30,1,0,0,1,1,0,0
68,4,100,1020005,30,1,0,0,1,1,0,0
68,5,100,1070001,50,1,0,0,1,1,0,0
68,6,100,1020005,40,1,0,0,1,1,0,0
68,7,100,1070001,100,1,0,0,1,1,1,0
69,1,2,0,100,1,0,0,1,1,0,0
69,2,100,10199001,200,1,0,0,1,1,0,0
69,3,100,2051,20,1,0,0,1,1,0,0
69,4,3,0,300000,1,0,0,1,1,0,0
69,5,28,0,50,1,0,0,1,1,0,0
69,6,100,1020005,50,1,0,0,1,1,0,0
69,7,100,2505,1,1,0,0,1,1,1,0
70,1,2,0,100,1,0,0,1,1,0,0
70,2,100,2001,50,1,0,0,1,1,0,0
70,3,100,2051,20,1,0,0,1,1,0,0
70,4,300,1128,1,1,0,0,1,1,0,0
70,5,100,10199002,300,1,0,0,1,1,0,0
70,6,100,1120001,50,1,0,0,1,1,0,0
70,7,307,2219,1,1,0,0,1,1,1,0
71,1,2,0,100,1,0,0,1,1,0,0
71,2,100,2001,50,1,0,0,1,1,0,0
71,3,3,0,200000,1,0,0,1,1,0,0
71,4,100,2051,10,1,0,0,1,1,0,0
71,5,100,10199002,200,1,0,0,1,1,0,0
71,6,100,1070001,50,1,0,0,1,1,0,0
71,7,100,1020005,100,1,0,0,1,1,1,0
71,8,100,10199002,200,1,0,0,1,2,0,0
71,9,100,2051,10,1,0,0,1,2,0,0
71,10,100,2001,100,1,0,0,1,2,0,0
71,11,3,0,500000,1,0,0,1,2,0,0
71,12,100,1020005,50,1,0,0,1,2,0,0
71,13,100,1070001,100,1,0,0,1,2,0,0
71,14,100,2901,1,1,0,0,1,2,1,0
72,1,2,0,100,1,0,0,1,1,0,0
72,2,3,0,300000,1,0,0,1,1,0,0
72,3,100,2051,20,1,0,0,1,1,0,0
72,4,4,0,1750,1,0,0,1,1,0,0
72,5,28,0,50,1,0,0,1,1,0,0
72,6,100,1020005,50,1,0,0,1,1,0,0
72,7,100,2505,1,1,0,0,1,1,1,0
73,1,2,0,100,1,0,0,1,1,0,0
73,2,100,10199001,200,1,0,0,1,1,0,0
73,3,100,2051,20,1,0,0,1,1,0,0
73,4,3,0,300000,1,0,0,1,1,0,0
73,5,28,0,50,1,0,0,1,1,0,0
73,6,100,1020005,50,1,0,0,1,1,0,0
73,7,100,2505,1,1,0,0,1,1,1,0
74,1,2,0,100,1,0,0,1,1,0,0
74,2,100,2001,50,1,0,0,1,1,0,0
74,3,100,2051,20,1,0,0,1,1,0,0
74,4,300,1128,1,1,0,0,1,1,0,0
74,5,100,10199002,300,1,0,0,1,1,0,0
74,6,100,1070001,100,1,0,0,1,1,0,0
74,7,307,2219,1,1,0,0,1,1,1,0
75,1,2,0,100,1,0,0,1,1,0,0
75,2,100,2001,50,1,0,0,1,1,0,0
75,3,100,3503,40,1,0,0,1,1,0,0
75,4,100,2051,20,1,0,0,1,1,0,0
75,5,3,0,300000,1,0,0,1,1,0,0
75,6,100,1070001,50,1,0,0,1,1,0,0
75,7,100,1020005,100,1,0,0,1,1,1,0
75,8,28,0,50,1,0,0,1,2,0,0
75,9,100,2001,100,1,0,0,1,2,0,0
75,10,100,10199002,200,1,0,0,1,2,0,0
75,11,100,2051,20,1,0,0,1,2,0,0
75,12,3,0,500000,1,0,0,1,2,0,0
75,13,100,1070001,100,1,0,0,1,2,0,0
75,14,100,2901,1,1,0,0,1,2,1,0
76,1,2,0,100,1,0,0,1,1,0,0
76,2,100,1020005,30,1,0,0,1,1,0,0
76,3,100,1070001,30,1,0,0,1,1,0,0
76,4,100,1020005,30,1,0,0,1,1,0,0
76,5,100,1070001,50,1,0,0,1,1,0,0
76,6,100,1020005,40,1,0,0,1,1,0,0
76,7,100,1070001,100,1,0,0,1,1,1,0
77,1,2,0,100,1,0,0,1,1,0,0
77,2,100,2001,50,1,0,0,1,1,0,0
77,3,100,2051,20,1,0,0,1,1,0,0
77,4,300,1128,1,1,0,0,1,1,0,0
77,5,100,10199002,300,1,0,0,1,1,0,0
77,6,100,1070001,100,1,0,0,1,1,0,0
77,7,307,2219,1,1,0,0,1,1,1,0
78,1,100,2001,50,1,0,0,1,1,0,0
78,2,100,10199002,200,1,0,0,1,1,0,0
78,3,100,2051,20,1,0,0,1,1,0,0
78,4,2,0,100,1,0,0,1,1,0,0
78,5,300,1056,1,1,0,0,1,1,0,0
78,6,100,1110001,80,1,0,0,1,1,0,0
78,7,100,1120001,150,1,0,0,1,1,1,0
79,1,2,0,100,1,0,0,1,1,0,0
79,2,100,2001,50,1,0,0,1,1,0,0
79,3,100,2051,20,1,0,0,1,1,0,0
79,4,300,1128,1,1,0,0,1,1,0,0
79,5,100,10199002,300,1,0,0,1,1,0,0
79,6,100,1070001,100,1,0,0,1,1,0,0
79,7,307,2219,1,1,0,0,1,1,1,0
80,1,3,0,1000000,1,0,0,2,1,0,0
80,2,2,0,100,1,0,0,2,1,0,0
80,3,100,3005,50,1,0,0,2,1,0,0
80,4,307,2160,1,1,0,0,2,1,0,0
80,5,100,10199001,75,1,0,0,2,1,0,0
80,6,100,2001,50,1,0,0,2,1,0,0
80,7,100,2704,1,1,0,0,2,1,1,0
80,8,3,0,200000,1,0,0,2,2,0,0
80,9,2,0,100,1,0,0,2,2,0,0
80,10,4,0,300,1,0,0,2,2,0,0
80,11,307,2162,1,1,0,0,2,2,0,0
80,12,100,10199002,125,1,0,0,2,2,0,0
80,13,100,2001,50,1,0,0,2,2,0,0
80,14,300,1606,1,1,0,0,2,2,1,0
80,15,3,0,200000,1,0,0,2,3,0,0
80,16,2,0,100,1,0,0,2,3,0,0
80,17,100,3005,50,1,0,0,2,3,0,0
80,18,100,204010701,1,1,0,0,2,3,0,0
80,19,100,10199001,75,1,0,0,2,3,0,0
80,20,100,2001,50,1,0,0,2,3,0,0
80,21,300,1605,1,1,0,0,2,3,1,0
80,22,3,0,200000,1,0,0,2,4,0,0
80,23,2,0,100,1,0,0,2,4,0,0
80,24,4,0,300,1,0,0,2,4,0,0
80,25,100,1070001,200,1,0,0,2,4,0,0
80,26,100,10199002,125,1,0,0,2,4,0,0
80,27,100,2001,50,1,0,0,2,4,0,0
80,28,300,1608,1,1,0,0,2,4,1,0
80,29,3,0,200000,1,0,0,2,5,0,0
80,30,2,0,100,1,0,0,2,5,0,0
80,31,100,3005,50,1,0,0,2,5,0,0
80,32,100,1020005,300,1,0,0,2,5,0,0
80,33,100,10199001,75,1,0,0,2,5,0,0
80,34,100,2001,50,1,0,0,2,5,0,0
80,35,300,1609,1,1,0,0,2,5,1,0
80,36,3,0,200000,1,0,0,2,6,0,0
80,37,2,0,100,1,0,0,2,6,0,0
80,38,4,0,300,1,0,0,2,6,0,0
80,39,100,10199007,100,1,0,0,2,6,0,0
80,40,100,10199002,125,1,0,0,2,6,0,0
80,41,100,2001,50,1,0,0,2,6,0,0
80,42,300,1610,1,1,0,0,2,6,1,0
80,43,3,0,200000,1,0,0,2,7,0,0
80,44,2,0,100,1,0,0,2,7,0,0
80,45,100,3005,50,1,0,0,2,7,0,0
80,46,300,1068,1,1,0,0,2,7,0,0
80,47,100,10199001,75,1,0,0,2,7,0,0
80,48,100,2001,50,1,0,0,2,7,0,0
80,49,300,1611,1,1,0,0,2,7,1,0
80,50,3,0,500000,1,0,0,2,8,0,0
80,51,2,0,100,1,0,0,2,8,0,0
80,52,4,0,300,1,0,0,2,8,0,0
80,53,300,1078,1,1,0,0,2,8,0,0
80,54,100,10199002,125,1,0,0,2,8,0,0
80,55,100,2001,50,1,0,0,2,8,0,0
80,56,100,2901,1,1,0,0,2,8,1,0
81,1,2,0,100,1,0,0,1,1,0,0
81,2,100,1020005,30,1,0,0,1,1,0,0
81,3,100,1070001,30,1,0,0,1,1,0,0
81,4,100,1020005,30,1,0,0,1,1,0,0
81,5,100,1070001,50,1,0,0,1,1,0,0
81,6,100,1020005,40,1,0,0,1,1,0,0
81,7,100,1070001,100,1,0,0,1,1,1,0
82,1,2,0,100,1,0,0,1,1,0,0
82,2,100,2001,50,1,0,0,1,1,0,0
82,3,100,2051,20,1,0,0,1,1,0,0
82,4,300,1128,1,1,0,0,1,1,0,0
82,5,100,10199002,300,1,0,0,1,1,0,0
82,6,100,1070001,100,1,0,0,1,1,0,0
82,7,307,2219,1,1,0,0,1,1,1,0
83,1,2,0,100,1,0,0,1,1,0,0
83,2,100,2001,50,1,0,0,1,1,0,0
83,3,100,2051,20,1,0,0,1,1,0,0
83,4,300,1128,1,1,0,0,1,1,0,0
83,5,100,10199002,300,1,0,0,1,1,0,0
83,6,100,1070001,100,1,0,0,1,1,0,0
83,7,307,2219,1,1,0,0,1,1,1,0
84,1,2,0,100,1,0,0,1,1,0,0
84,2,100,1020005,30,1,0,0,1,1,0,0
84,3,100,1070001,30,1,0,0,1,1,0,0
84,4,100,1020005,30,1,0,0,1,1,0,0
84,5,100,1070001,50,1,0,0,1,1,0,0
84,6,100,1020005,40,1,0,0,1,1,0,0
84,7,100,1070001,100,1,0,0,1,1,1,0
85,1,2,0,100,1,0,0,1,1,0,0
85,2,100,1020005,30,1,0,0,1,1,0,0
85,3,100,1070001,30,1,0,0,1,1,0,0
85,4,100,1020005,30,1,0,0,1,1,0,0
85,5,100,1070001,50,1,0,0,1,1,0,0
85,6,100,1020005,40,1,0,0,1,1,0,0
85,7,100,1070001,100,1,0,0,1,1,1,0
86,1,2,0,100,1,0,0,1,1,0,0
86,2,100,2001,50,1,0,0,1,1,0,0
86,3,100,2051,20,1,0,0,1,1,0,0
86,4,300,1128,1,1,0,0,1,1,0,0
86,5,100,10199002,300,1,0,0,1,1,0,0
86,6,100,1070001,100,1,0,0,1,1,0,0
86,7,307,2219,1,1,0,0,1,1,1,0
87,1,2,0,100,1,0,0,1,1,0,0
87,2,100,10199007,10,1,0,0,1,1,0,0
87,3,100,2001,50,1,0,0,1,1,0,0
87,4,100,3503,10,1,0,0,1,1,0,0
87,5,100,2051,20,1,0,0,1,1,0,0
87,6,100,10199002,300,1,0,0,1,1,0,0
87,7,100,10199007,40,1,0,0,1,1,1,0
88,1,2,0,100,1,0,0,1,1,0,0
88,2,100,1020005,30,1,0,0,1,1,0,0
88,3,100,1070001,30,1,0,0,1,1,0,0
88,4,100,1020005,30,1,0,0,1,1,0,0
88,5,100,1070001,50,1,0,0,1,1,0,0
88,6,100,1020005,40,1,0,0,1,1,0,0
88,7,100,1070001,100,1,0,0,1,1,1,0
89,1,3,0,1000000,1,0,0,2,1,0,0
89,2,2,0,100,1,0,0,2,1,0,0
89,3,100,3005,50,1,0,0,2,1,0,0
89,4,307,2160,1,1,0,0,2,1,0,0
89,5,100,10199001,75,1,0,0,2,1,0,0
89,6,100,2001,50,1,0,0,2,1,0,0
89,7,100,2505,1,1,0,0,2,1,1,0
89,8,3,0,200000,1,0,0,2,2,0,0
89,9,2,0,100,1,0,0,2,2,0,0
89,10,4,0,300,1,0,0,2,2,0,0
89,11,307,2162,1,1,0,0,2,2,0,0
89,12,100,1140002,80,1,0,0,2,2,0,0
89,13,100,2001,50,1,0,0,2,2,0,0
89,14,300,1628,1,1,0,0,2,2,1,0
89,15,3,0,200000,1,0,0,2,3,0,0
89,16,2,0,100,1,0,0,2,3,0,0
89,17,100,3005,50,1,0,0,2,3,0,0
89,18,100,204010701,1,1,0,0,2,3,0,0
89,19,100,10199001,75,1,0,0,2,3,0,0
89,20,100,2001,50,1,0,0,2,3,0,0
89,21,300,1629,1,1,0,0,2,3,1,0
89,22,3,0,200000,1,0,0,2,4,0,0
89,23,2,0,100,1,0,0,2,4,0,0
89,24,4,0,300,1,0,0,2,4,0,0
89,25,100,1070001,200,1,0,0,2,4,0,0
89,26,100,10199002,125,1,0,0,2,4,0,0
89,27,100,2001,50,1,0,0,2,4,0,0
89,28,300,1630,1,1,0,0,2,4,1,0
89,29,3,0,200000,1,0,0,2,5,0,0
89,30,2,0,100,1,0,0,2,5,0,0
89,31,100,3005,50,1,0,0,2,5,0,0
89,32,100,1020005,300,1,0,0,2,5,0,0
89,33,100,10199001,75,1,0,0,2,5,0,0
89,34,100,2001,50,1,0,0,2,5,0,0
89,35,300,1624,1,1,0,0,2,5,1,0
89,36,3,0,200000,1,0,0,2,6,0,0
89,37,2,0,100,1,0,0,2,6,0,0
89,38,4,0,300,1,0,0,2,6,0,0
89,39,100,10199007,100,1,0,0,2,6,0,0
89,40,100,1140002,80,1,0,0,2,6,0,0
89,41,100,2001,50,1,0,0,2,6,0,0
89,42,300,1631,1,1,0,0,2,6,1,0
89,43,3,0,200000,1,0,0,2,7,0,0
89,44,2,0,100,1,0,0,2,7,0,0
89,45,100,3005,50,1,0,0,2,7,0,0
89,46,300,1068,1,1,0,0,2,7,0,0
89,47,100,10199001,75,1,0,0,2,7,0,0
89,48,100,2001,50,1,0,0,2,7,0,0
89,49,300,1632,1,1,0,0,2,7,1,0
89,50,3,0,500000,1,0,0,2,8,0,0
89,51,2,0,100,1,0,0,2,8,0,0
89,52,4,0,300,1,0,0,2,8,0,0
89,53,300,1078,1,1,0,0,2,8,0,0
89,54,100,10199002,125,1,0,0,2,8,0,0
89,55,100,2001,50,1,0,0,2,8,0,0
89,56,100,2901,1,1,0,0,2,8,1,0
90,1,100,2001,50,1,0,0,1,1,0,0
90,2,100,10199002,200,1,0,0,1,1,0,0
90,3,100,2051,20,1,0,0,1,1,0,0
90,4,2,0,100,1,0,0,1,1,0,0
90,5,300,1056,1,1,0,0,1,1,0,0
90,6,100,1110001,100,1,0,0,1,1,0,0
90,7,100,1120001,200,1,0,0,1,1,1,0
91,1,2,0,100,1,0,0,1,1,0,0
91,2,100,3503,10,1,0,0,1,1,0,0
91,3,307,2163,1,1,0,0,1,1,0,0
91,4,100,3503,10,1,0,0,1,1,0,0
91,5,100,2051,20,1,0,0,1,1,0,0
91,6,307,2160,1,1,0,0,1,1,0,0
91,7,100,10199007,50,1,0,0,1,1,1,0
92,1,2,0,100,1,0,0,1,1,0,0
92,2,100,2001,50,1,0,0,1,1,0,0
92,3,100,2051,20,1,0,0,1,1,0,0
92,4,300,1128,1,1,0,0,1,1,0,0
92,5,100,10199002,300,1,0,0,1,1,0,0
92,6,100,1070001,100,1,0,0,1,1,0,0
92,7,307,2219,1,1,0,0,1,1,1,0
93,1,2,0,100,1,0,0,1,1,0,0
93,2,3,0,30000,1,0,0,1,1,0,0
93,3,100,2001,50,1,0,0,1,1,0,0
93,4,100,10199001,300,1,0,0,1,1,0,0
93,5,3,0,100000,1,0,0,1,1,0,0
93,6,100,1020005,100,1,0,0,1,1,0,0
93,7,100,1070001,200,1,0,0,1,1,1,0
94,1,100,1000147,50,1,0,0,1,1,0,0
94,2,100,1000087,50,1,0,0,1,1,0,0
94,3,100,1000056,50,1,0,0,1,1,0,0
94,4,100,1000070,50,1,0,0,1,1,0,0
94,5,100,1000066,50,1,0,0,1,1,0,0
94,6,100,1000113,50,1,0,0,1,1,0,0
94,7,307,2160,1,1,0,0,1,1,1,0
95,1,2,0,100,1,0,0,1,1,0,0
95,2,100,3503,10,1,0,0,1,1,0,0
95,3,307,2163,1,1,0,0,1,1,0,0
95,4,100,3503,10,1,0,0,1,1,0,0
95,5,100,2051,20,1,0,0,1,1,0,0
95,6,307,2160,1,1,0,0,1,1,0,0
95,7,100,10199007,50,1,0,0,1,1,1,0
96,1,2,0,100,1,0,0,1,1,0,0
96,2,100,2001,50,1,0,0,1,1,0,0
96,3,100,2051,20,1,0,0,1,1,0,0
96,4,300,1128,1,1,0,0,1,1,0,0
96,5,100,10199002,300,1,0,0,1,1,0,0
96,6,100,1070001,100,1,0,0,1,1,0,0
96,7,307,2219,1,1,0,0,1,1,1,0
97,1,100,2001,50,1,0,0,1,1,0,0
97,2,100,10199002,200,1,0,0,1,1,0,0
97,3,100,2051,20,1,0,0,1,1,0,0
97,4,2,0,100,1,0,0,1,1,0,0
97,5,300,1056,1,1,0,0,1,1,0,0
97,6,100,1110001,100,1,0,0,1,1,0,0
97,7,100,1120001,200,1,0,0,1,1,1,0
98,1,2,0,100,1,0,0,1,1,0,0
98,2,100,10199001,200,1,0,0,1,1,0,0
98,3,100,10199002,200,1,0,0,1,1,0,0
98,4,307,2163,1,1,0,0,1,1,0,0
98,5,100,1020005,50,1,0,0,1,1,0,0
98,6,100,1070001,50,1,0,0,1,1,0,0
98,7,307,2160,1,1,0,0,1,1,1,0
98,8,100,3503,10,1,0,0,1,2,0,0
98,9,100,10199007,20,1,0,0,1,2,0,0
98,10,100,3503,10,1,0,0,1,2,0,0
98,11,100,10199007,20,1,0,0,1,2,0,0
98,12,100,1020005,100,1,0,0,1,2,0,0
98,13,100,1070001,100,1,0,0,1,2,0,0
98,14,100,2901,1,1,0,0,1,2,1,0
99,1,3,0,1000000,1,0,0,2,1,0,0
99,2,2,0,100,1,0,0,2,1,0,0
99,3,100,3005,50,1,0,0,2,1,0,0
99,4,307,2160,1,1,0,0,2,1,0,0
99,5,100,10199001,75,1,0,0,2,1,0,0
99,6,100,2001,50,1,0,0,2,1,0,0
99,7,100,2505,1,1,0,0,2,1,1,0
99,8,3,0,200000,1,0,0,2,2,0,0
99,9,2,0,100,1,0,0,2,2,0,0
99,10,4,0,300,1,0,0,2,2,0,0
99,11,307,2162,1,1,0,0,2,2,0,0
99,12,100,1140002,80,1,0,0,2,2,0,0
99,13,100,2001,50,1,0,0,2,2,0,0
99,14,300,1647,1,1,0,0,2,2,1,0
99,15,3,0,200000,1,0,0,2,3,0,0
99,16,2,0,100,1,0,0,2,3,0,0
99,17,100,3005,50,1,0,0,2,3,0,0
99,18,100,204010701,1,1,0,0,2,3,0,0
99,19,100,10199001,75,1,0,0,2,3,0,0
99,20,100,2001,50,1,0,0,2,3,0,0
99,21,300,1648,1,1,0,0,2,3,1,0
99,22,3,0,200000,1,0,0,2,4,0,0
99,23,2,0,100,1,0,0,2,4,0,0
99,24,4,0,300,1,0,0,2,4,0,0
99,25,100,1070001,200,1,0,0,2,4,0,0
99,26,100,10199002,125,1,0,0,2,4,0,0
99,27,100,2001,50,1,0,0,2,4,0,0
99,28,300,1649,1,1,0,0,2,4,1,0
99,29,3,0,200000,1,0,0,2,5,0,0
99,30,2,0,100,1,0,0,2,5,0,0
99,31,100,3005,50,1,0,0,2,5,0,0
99,32,100,1020005,300,1,0,0,2,5,0,0
99,33,100,10199001,75,1,0,0,2,5,0,0
99,34,100,2001,50,1,0,0,2,5,0,0
99,35,300,1650,1,1,0,0,2,5,1,0
99,36,3,0,200000,1,0,0,2,6,0,0
99,37,2,0,100,1,0,0,2,6,0,0
99,38,4,0,300,1,0,0,2,6,0,0
99,39,100,10199007,100,1,0,0,2,6,0,0
99,40,100,1140002,80,1,0,0,2,6,0,0
99,41,100,2001,50,1,0,0,2,6,0,0
99,42,300,1651,1,1,0,0,2,6,1,0
99,43,3,0,200000,1,0,0,2,7,0,0
99,44,2,0,100,1,0,0,2,7,0,0
99,45,100,3005,50,1,0,0,2,7,0,0
99,46,300,1068,1,1,0,0,2,7,0,0
99,47,100,10199001,75,1,0,0,2,7,0,0
99,48,100,2001,50,1,0,0,2,7,0,0
99,49,300,1652,1,1,0,0,2,7,1,0
99,50,3,0,500000,1,0,0,2,8,0,0
99,51,2,0,100,1,0,0,2,8,0,0
99,52,4,0,300,1,0,0,2,8,0,0
99,53,300,1078,1,1,0,0,2,8,0,0
99,54,100,10199002,125,1,0,0,2,8,0,0
99,55,100,2001,50,1,0,0,2,8,0,0
99,56,100,2901,1,1,0,0,2,8,1,0
100,1,2,0,100,1,0,0,1,1,0,0
100,2,100,3503,10,1,0,0,1,1,0,0
100,3,307,2163,1,1,0,0,1,1,0,0
100,4,100,3503,10,1,0,0,1,1,0,0
100,5,100,2051,20,1,0,0,1,1,0,0
100,6,307,2160,1,1,0,0,1,1,0,0
100,7,100,10199007,50,1,0,0,1,1,1,0
101,1,100,1000065,50,1,0,0,1,1,0,0
101,2,100,1000067,50,1,0,0,1,1,0,0
101,3,100,1000066,50,1,0,0,1,1,0,0
101,4,100,1000042,50,1,0,0,1,1,0,0
101,5,100,1000010,50,1,0,0,1,1,0,0
101,6,100,1020005,100,1,0,0,1,1,0,0
101,7,100,1070001,200,1,0,0,1,1,1,0
102,1,2,0,100,1,0,0,1,1,0,0
102,2,100,2001,50,1,0,0,1,1,0,0
102,3,100,2051,20,1,0,0,1,1,0,0
102,4,300,1128,1,1,0,0,1,1,0,0
102,5,100,10199002,300,1,0,0,1,1,0,0
102,6,100,1070001,100,1,0,0,1,1,0,0
102,7,307,2219,1,1,0,0,1,1,1,0
103,1,100,2001,50,1,0,0,1,1,0,0
103,2,100,10199002,200,1,0,0,1,1,0,0
103,3,2,0,100,1,0,0,1,1,0,0
103,4,100,1020005,20,1,0,0,1,1,0,0
103,5,100,1070001,30,1,0,0,1,1,0,0
103,6,100,1020005,100,1,0,0,1,1,0,0
103,7,100,1070001,150,1,0,0,1,1,1,0
104,1,2,0,100,1,0,0,1,1,0,0
104,2,100,3503,10,1,0,0,1,1,0,0
104,3,100,10199001,300,1,0,0,1,1,0,0
104,4,100,3503,10,1,0,0,1,1,0,0
104,5,307,2163,1,1,0,0,1,1,0,0
104,6,100,10199007,50,1,0,0,1,1,0,0
104,7,307,2205,1,1,0,0,1,1,1,0
105,1,2,0,100,1,0,0,1,1,0,0
105,2,100,10199002,200,1,0,0,1,1,0,0
105,3,100,10199001,300,1,0,0,1,1,0,0
105,4,300,1128,1,1,0,0,1,1,0,0
105,5,307,2162,1,1,0,0,1,1,0,0
105,6,3,0,100000,1,0,0,1,1,0,0
105,7,300,1078,1,1,0,0,1,1,1,0
106,1,3,0,1000000,1,0,0,2,1,0,0
106,2,2,0,100,1,0,0,2,1,0,0
106,3,100,3005,50,1,0,0,2,1,0,0
106,4,307,2160,1,1,0,0,2,1,0,0
106,5,100,10199001,75,1,0,0,2,1,0,0
106,6,100,2001,50,1,0,0,2,1,0,0
106,7,100,2505,1,1,0,0,2,1,1,0
106,8,3,0,200000,1,0,0,2,2,0,0
106,9,2,0,100,1,0,0,2,2,0,0
106,10,4,0,300,1,0,0,2,2,0,0
106,11,307,2162,1,1,0,0,2,2,0,0
106,12,100,1140002,80,1,0,0,2,2,0,0
106,13,100,2001,50,1,0,0,2,2,0,0
106,14,300,1670,1,1,0,0,2,2,1,0
106,15,3,0,200000,1,0,0,2,3,0,0
106,16,2,0,100,1,0,0,2,3,0,0
106,17,100,3005,50,1,0,0,2,3,0,0
106,18,100,204010701,1,1,0,0,2,3,0,0
106,19,100,10199001,75,1,0,0,2,3,0,0
106,20,100,2001,50,1,0,0,2,3,0,0
106,21,300,1671,1,1,0,0,2,3,1,0
106,22,3,0,200000,1,0,0,2,4,0,0
106,23,2,0,100,1,0,0,2,4,0,0
106,24,4,0,300,1,0,0,2,4,0,0
106,25,100,1070001,200,1,0,0,2,4,0,0
106,26,100,10199002,125,1,0,0,2,4,0,0
106,27,100,2001,50,1,0,0,2,4,0,0
106,28,300,1672,1,1,0,0,2,4,1,0
106,29,3,0,200000,1,0,0,2,5,0,0
106,30,2,0,100,1,0,0,2,5,0,0
106,31,100,3005,50,1,0,0,2,5,0,0
106,32,100,1020005,300,1,0,0,2,5,0,0
106,33,100,10199001,75,1,0,0,2,5,0,0
106,34,100,2001,50,1,0,0,2,5,0,0
106,35,300,1673,1,1,0,0,2,5,1,0
106,36,3,0,200000,1,0,0,2,6,0,0
106,37,2,0,100,1,0,0,2,6,0,0
106,38,4,0,300,1,0,0,2,6,0,0
106,39,100,10199007,100,1,0,0,2,6,0,0
106,40,100,1140002,80,1,0,0,2,6,0,0
106,41,100,2001,50,1,0,0,2,6,0,0
106,42,300,1674,1,1,0,0,2,6,1,0
106,43,3,0,200000,1,0,0,2,7,0,0
106,44,2,0,100,1,0,0,2,7,0,0
106,45,100,3005,50,1,0,0,2,7,0,0
106,46,300,1068,1,1,0,0,2,7,0,0
106,47,100,10199001,75,1,0,0,2,7,0,0
106,48,100,2001,50,1,0,0,2,7,0,0
106,49,300,1675,1,1,0,0,2,7,1,0
106,50,3,0,500000,1,0,0,2,8,0,0
106,51,2,0,100,1,0,0,2,8,0,0
106,52,4,0,300,1,0,0,2,8,0,0
106,53,300,1078,1,1,0,0,2,8,0,0
106,54,100,10199002,125,1,0,0,2,8,0,0
106,55,100,2001,50,1,0,0,2,8,0,0
106,56,100,2901,1,1,0,0,2,8,1,0
107,1,100,2001,50,1,0,0,1,1,0,0
107,2,100,1150001,30,1,0,0,1,1,0,0
107,3,2,0,100,1,0,0,1,1,0,0
107,4,100,1190001,64,1,0,0,1,1,0,0
107,5,100,2051,20,1,0,0,1,1,0,0
107,6,100,1020005,100,1,0,0,1,1,0,0
107,7,100,1070001,300,1,0,0,1,1,1,0
108,1,2,0,100,1,0,0,1,1,0,0
108,2,100,2001,50,1,0,0,1,1,0,0
108,3,100,2051,20,1,0,0,1,1,0,0
108,4,100,10199001,200,1,0,0,1,1,0,0
108,5,100,10199002,300,1,0,0,1,1,0,0
108,6,100,1070001,100,1,0,0,1,1,0,0
108,7,307,2219,1,1,0,0,1,1,1,0
109,1,100,1100001,50,1,0,0,1,1,0,0
109,2,100,2001,50,1,0,0,1,1,0,0
109,3,100,10199002,200,1,0,0,1,1,0,0
109,4,2,0,100,1,0,0,1,1,0,0
109,5,300,1056,1,1,0,0,1,1,0,0
109,6,100,1110001,100,1,0,0,1,1,0,0
109,7,100,1120001,200,1,0,0,1,1,1,0
110,1,2,0,100,1,0,0,1,1,0,0
110,2,100,3503,10,1,0,0,1,1,0,0
110,3,100,1100001,50,1,0,0,1,1,0,0
110,4,100,3503,10,1,0,0,1,1,0,0
110,5,100,2051,20,1,0,0,1,1,0,0
110,6,100,10199007,20,1,0,0,1,1,0,0
110,7,307,2244,1,1,0,0,1,1,1,0
111,1,2,0,100,1,0,0,1,1,0,0
111,2,3,0,50000,1,0,0,1,1,0,0
111,3,100,1150001,30,1,0,0,1,1,0,0
111,4,100,10199001,300,1,0,0,1,1,0,0
111,5,100,1160001,64,1,0,0,1,1,0,0
111,6,100,2051,20,1,0,0,1,1,0,0
111,7,307,2205,1,1,0,0,1,1,1,0
112,1,3,0,1000000,1,0,0,2,1,0,0
112,2,2,0,100,1,0,0,2,1,0,0
112,3,100,3005,50,1,0,0,2,1,0,0
112,4,307,2160,1,1,0,0,2,1,0,0
112,5,100,10199001,75,1,0,0,2,1,0,0
112,6,100,2001,50,1,0,0,2,1,0,0
112,7,100,2704,1,1,0,0,2,1,1,0
112,8,3,0,200000,1,0,0,2,2,0,0
112,9,2,0,100,1,0,0,2,2,0,0
112,10,4,0,300,1,0,0,2,2,0,0
112,11,307,2162,1,1,0,0,2,2,0,0
112,12,100,1140002,80,1,0,0,2,2,0,0
112,13,100,2001,50,1,0,0,2,2,0,0
112,14,300,1629,1,1,0,0,2,2,1,0
112,15,3,0,200000,1,0,0,2,3,0,0
112,16,2,0,100,1,0,0,2,3,0,0
112,17,100,3005,50,1,0,0,2,3,0,0
112,18,100,204010701,1,1,0,0,2,3,0,0
112,19,100,10199001,75,1,0,0,2,3,0,0
112,20,100,2001,50,1,0,0,2,3,0,0
112,21,300,1728,1,1,0,0,2,3,1,0
112,22,3,0,200000,1,0,0,2,4,0,0
112,23,2,0,100,1,0,0,2,4,0,0
112,24,4,0,300,1,0,0,2,4,0,0
112,25,100,1070001,200,1,0,0,2,4,0,0
112,26,100,10199002,125,1,0,0,2,4,0,0
112,27,100,2001,50,1,0,0,2,4,0,0
112,28,300,1729,1,1,0,0,2,4,1,0
112,29,3,0,200000,1,0,0,2,5,0,0
112,30,2,0,100,1,0,0,2,5,0,0
112,31,100,3005,50,1,0,0,2,5,0,0
112,32,100,1020005,300,1,0,0,2,5,0,0
112,33,100,10199001,75,1,0,0,2,5,0,0
112,34,100,2001,50,1,0,0,2,5,0,0
112,35,300,1628,1,1,0,0,2,5,1,0
112,36,3,0,200000,1,0,0,2,6,0,0
112,37,2,0,100,1,0,0,2,6,0,0
112,38,4,0,300,1,0,0,2,6,0,0
112,39,100,10199007,100,1,0,0,2,6,0,0
112,40,100,1140002,80,1,0,0,2,6,0,0
112,41,100,2001,50,1,0,0,2,6,0,0
112,42,300,1610,1,1,0,0,2,6,1,0
112,43,3,0,200000,1,0,0,2,7,0,0
112,44,2,0,100,1,0,0,2,7,0,0
112,45,100,3005,50,1,0,0,2,7,0,0
112,46,300,1068,1,1,0,0,2,7,0,0
112,47,100,10199001,75,1,0,0,2,7,0,0
112,48,100,2001,50,1,0,0,2,7,0,0
112,49,300,1632,1,1,0,0,2,7,1,0
112,50,3,0,500000,1,0,0,2,8,0,0
112,51,2,0,100,1,0,0,2,8,0,0
112,52,4,0,300,1,0,0,2,8,0,0
112,53,300,1078,1,1,0,0,2,8,0,0
112,54,100,10199002,125,1,0,0,2,8,0,0
112,55,100,2001,50,1,0,0,2,8,0,0
112,56,100,2901,1,1,0,0,2,8,1,0
113,1,2,0,100,1,0,0,1,1,0,0
113,2,100,2001,50,1,0,0,1,1,0,0
113,3,307,2163,1,1,0,0,1,1,0,0
113,4,100,3502,20,1,0,0,1,1,0,0
113,5,100,10199007,20,1,0,0,1,1,0,0
113,6,100,1020005,100,1,0,0,1,1,0,0
113,7,100,1070001,200,1,0,0,1,1,1,0
114,1,2,0,100,1,0,0,1,1,0,0
114,2,3,0,50000,1,0,0,1,1,0,0
114,3,100,1150001,30,1,0,0,1,1,0,0
114,4,100,10199001,300,1,0,0,1,1,0,0
114,5,100,1190001,64,1,0,0,1,1,0,0
114,6,100,2051,20,1,0,0,1,1,0,0
114,7,307,2205,1,1,0,0,1,1,1,0
115,1,300,1733,1,1,0,0,1,1,1,0
115,2,2,0,100,1,0,0,1,1,0,0
115,3,100,10199001,200,1,0,0,1,1,0,0
115,4,100,10199002,200,1,0,0,1,1,0,0
115,5,100,1100001,50,1,0,0,1,1,0,0
115,6,100,1110001,50,1,0,0,1,1,0,0
115,7,100,1100001,50,1,0,0,1,1,0,0
115,8,300,1732,1,1,0,0,1,2,1,0
115,9,100,3503,10,1,0,0,1,2,0,0
115,10,100,10199007,20,1,0,0,1,2,0,0
115,11,100,3503,10,1,0,0,1,2,0,0
115,12,100,10199007,20,1,0,0,1,2,0,0
115,13,100,1110001,100,1,0,0,1,2,0,0
115,14,100,1100001,100,1,0,0,1,2,0,0
116,1,100,1100001,50,1,0,0,1,1,0,0
116,2,100,2001,50,1,0,0,1,1,0,0
116,3,100,1150001,30,1,0,0,1,1,0,0
116,4,2,0,100,1,0,0,1,1,0,0
116,5,100,1170001,64,1,0,0,1,1,0,0
116,6,100,1110001,100,1,0,0,1,1,0,0
116,7,100,1120001,200,1,0,0,1,1,1,0
117,1,100,1000010,50,1,0,0,1,1,0,0
117,2,100,1000134,50,1,0,0,1,1,0,0
117,3,307,2171,1,1,0,0,1,1,0,0
117,4,100,1000095,50,1,0,0,1,1,0,0
117,5,100,1000097,50,1,0,0,1,1,0,0
117,6,307,2218,1,1,0,0,1,1,0,0
117,7,307,2160,1,1,0,0,1,1,1,0
118,1,100,2051,20,1,0,0,1,1,0,0
118,2,2,0,100,1,0,0,1,1,0,0
118,3,100,2001,50,1,0,0,1,1,0,0
118,4,100,10199002,100,1,0,0,1,1,0,0
118,5,307,2162,1,1,0,0,1,1,0,0
118,6,100,1020005,100,1,0,0,1,1,0,0
118,7,100,1070001,200,1,0,0,1,1,1,0
119,1,2,0,100,1,0,0,1,1,0,0
119,2,3,0,50000,1,0,0,1,1,0,0
119,3,100,1150001,30,1,0,0,1,1,0,0
119,4,100,10199001,300,1,0,0,1,1,0,0
119,5,100,1170001,64,1,0,0,1,1,0,0
119,6,100,2051,20,1,0,0,1,1,0,0
119,7,307,2205,1,1,0,0,1,1,1,0
120,1,3,0,1000000,1,0,0,2,1,0,0
120,2,2,0,100,1,0,0,2,1,0,0
120,3,100,3005,50,1,0,0,2,1,0,0
120,4,307,2160,1,1,0,0,2,1,0,0
120,5,100,10199001,75,1,0,0,2,1,0,0
120,6,100,2001,50,1,0,0,2,1,0,0
120,7,100,2505,1,1,0,0,2,1,1,0
120,8,3,0,200000,1,0,0,2,2,0,0
120,9,2,0,100,1,0,0,2,2,0,0
120,10,4,0,300,1,0,0,2,2,0,0
120,11,307,2162,1,1,0,0,2,2,0,0
120,12,100,1140002,80,1,0,0,2,2,0,0
120,13,100,2001,50,1,0,0,2,2,0,0
120,14,300,1751,1,1,0,0,2,2,1,0
120,15,3,0,200000,1,0,0,2,3,0,0
120,16,2,0,100,1,0,0,2,3,0,0
120,17,100,3005,50,1,0,0,2,3,0,0
120,18,100,204010701,1,1,0,0,2,3,0,0
120,19,100,10199002,125,1,0,0,2,3,0,0
120,20,100,2001,50,1,0,0,2,3,0,0
120,21,300,1752,1,1,0,0,2,3,1,0
120,22,3,0,200000,1,0,0,2,4,0,0
120,23,2,0,100,1,0,0,2,4,0,0
120,24,4,0,300,1,0,0,2,4,0,0
120,25,100,1070001,200,1,0,0,2,4,0,0
120,26,100,1140003,80,1,0,0,2,4,0,0
120,27,100,2001,50,1,0,0,2,4,0,0
120,28,300,1753,1,1,0,0,2,4,1,0
120,29,3,0,200000,1,0,0,2,5,0,0
120,30,2,0,100,1,0,0,2,5,0,0
120,31,100,3005,50,1,0,0,2,5,0,0
120,32,100,1020005,300,1,0,0,2,5,0,0
120,33,100,10199001,75,1,0,0,2,5,0,0
120,34,100,2001,50,1,0,0,2,5,0,0
120,35,300,1754,1,1,0,0,2,5,1,0
120,36,3,0,200000,1,0,0,2,6,0,0
120,37,2,0,100,1,0,0,2,6,0,0
120,38,4,0,300,1,0,0,2,6,0,0
120,39,100,10199007,100,1,0,0,2,6,0,0
120,40,100,1140002,80,1,0,0,2,6,0,0
120,41,100,2001,50,1,0,0,2,6,0,0
120,42,300,1755,1,1,0,0,2,6,1,0
120,43,3,0,200000,1,0,0,2,7,0,0
120,44,2,0,100,1,0,0,2,7,0,0
120,45,100,3005,50,1,0,0,2,7,0,0
120,46,300,1068,1,1,0,0,2,7,0,0
120,47,100,10199002,125,1,0,0,2,7,0,0
120,48,100,2001,50,1,0,0,2,7,0,0
120,49,300,1756,1,1,0,0,2,7,1,0
120,50,3,0,500000,1,0,0,2,8,0,0
120,51,2,0,100,1,0,0,2,8,0,0
120,52,4,0,300,1,0,0,2,8,0,0
120,53,300,1078,1,1,0,0,2,8,0,0
120,54,100,1140003,80,1,0,0,2,8,0,0
120,55,100,2001,50,1,0,0,2,8,0,0
120,56,100,2901,1,1,0,0,2,8,1,0
121,1,2,0,100,1,0,0,1,1,0,0
121,2,100,3503,10,1,0,0,1,1,0,0
121,3,100,10199001,300,1,0,0,1,1,0,0
121,4,100,3503,10,1,0,0,1,1,0,0
121,5,307,2163,1,1,0,0,1,1,0,0
121,6,100,10199007,50,1,0,0,1,1,0,0
121,7,307,2205,1,1,0,0,1,1,1,0
122,1,2,0,100,1,0,0,1,1,0,0
122,2,100,3503,10,1,0,0,1,1,0,0
122,3,100,1100001,50,1,0,0,1,1,0,0
122,4,100,3503,10,1,0,0,1,1,0,0
122,5,100,2051,20,1,0,0,1,1,0,0
122,6,100,10199007,20,1,0,0,1,1,0,0
122,7,307,2244,1,1,0,0,1,1,1,0
123,1,3,0,500000,1,0,0,1,1,0,0
123,2,100,2901,1,1,0,0,1,1,0,0
123,3,307,2160,1,1,0,0,1,1,0,0
123,4,100,403060000,1,1,0,0,1,1,0,0
123,5,3,0,500000,1,0,0,1,1,0,0
123,6,100,3204,1,1,0,0,1,1,0,0
123,7,100,405060000,1,1,0,0,1,1,1,0
124,1,3,0,1000000,1,0,0,2,1,0,0
124,2,2,0,100,1,0,0,2,1,0,0
124,3,100,3005,50,1,0,0,2,1,0,0
124,4,307,2160,1,1,0,0,2,1,0,0
124,5,100,10199001,75,1,0,0,2,1,0,0
124,6,100,2001,50,1,0,0,2,1,0,0
124,7,100,2505,1,1,0,0,2,1,1,0
124,8,3,0,200000,1,0,0,2,2,0,0
124,9,2,0,100,1,0,0,2,2,0,0
124,10,4,0,300,1,0,0,2,2,0,0
124,11,307,2162,1,1,0,0,2,2,0,0
124,12,100,1140002,80,1,0,0,2,2,0,0
124,13,100,2001,50,1,0,0,2,2,0,0
124,14,300,1816,1,1,0,0,2,2,1,0
124,15,3,0,200000,1,0,0,2,3,0,0
124,16,2,0,100,1,0,0,2,3,0,0
124,17,100,3005,50,1,0,0,2,3,0,0
124,18,100,204010701,1,1,0,0,2,3,0,0
124,19,100,10199002,125,1,0,0,2,3,0,0
124,20,100,2001,50,1,0,0,2,3,0,0
124,21,300,1672,1,1,0,0,2,3,1,0
124,22,3,0,200000,1,0,0,2,4,0,0
124,23,2,0,100,1,0,0,2,4,0,0
124,24,4,0,300,1,0,0,2,4,0,0
124,25,100,1070001,200,1,0,0,2,4,0,0
124,26,100,1140003,80,1,0,0,2,4,0,0
124,27,100,2001,50,1,0,0,2,4,0,0
124,28,300,1817,1,1,0,0,2,4,1,0
124,29,3,0,200000,1,0,0,2,5,0,0
124,30,2,0,100,1,0,0,2,5,0,0
124,31,100,3005,50,1,0,0,2,5,0,0
124,32,100,1020005,300,1,0,0,2,5,0,0
124,33,100,10199001,75,1,0,0,2,5,0,0
124,34,100,2001,50,1,0,0,2,5,0,0
124,35,300,1818,1,1,0,0,2,5,1,0
124,36,3,0,200000,1,0,0,2,6,0,0
124,37,2,0,100,1,0,0,2,6,0,0
124,38,4,0,300,1,0,0,2,6,0,0
124,39,100,10199007,100,1,0,0,2,6,0,0
124,40,100,1140002,80,1,0,0,2,6,0,0
124,41,100,2001,50,1,0,0,2,6,0,0
124,42,300,1819,1,1,0,0,2,6,1,0
124,43,3,0,200000,1,0,0,2,7,0,0
124,44,2,0,100,1,0,0,2,7,0,0
124,45,100,3005,50,1,0,0,2,7,0,0
124,46,300,1068,1,1,0,0,2,7,0,0
124,47,100,10199002,125,1,0,0,2,7,0,0
124,48,100,2001,50,1,0,0,2,7,0,0
124,49,300,1820,1,1,0,0,2,7,1,0
124,50,3,0,500000,1,0,0,2,8,0,0
124,51,2,0,100,1,0,0,2,8,0,0
124,52,4,0,300,1,0,0,2,8,0,0
124,53,300,1078,1,1,0,0,2,8,0,0
124,54,100,1140003,80,1,0,0,2,8,0,0
124,55,100,2001,50,1,0,0,2,8,0,0
124,56,100,2901,1,1,0,0,2,8,1,0
125,1,100,2001,50,1,0,0,1,1,0,0
125,2,100,10199002,200,1,0,0,1,1,0,0
125,3,2,0,100,1,0,0,1,1,0,0
125,4,100,1160001,64,1,0,0,1,1,0,0
125,5,100,2051,20,1,0,0,1,1,0,0
125,6,100,1110001,100,1,0,0,1,1,0,0
125,7,100,1120001,200,1,0,0,1,1,1,0
126,1,2,0,100,1,0,0,1,1,0,0
126,2,100,2001,50,1,0,0,1,1,0,0
126,3,100,2051,20,1,0,0,1,1,0,0
126,4,100,10199001,200,1,0,0,1,1,0,0
126,5,100,10199002,300,1,0,0,1,1,0,0
126,6,100,1070001,100,1,0,0,1,1,0,0
126,7,307,2245,1,1,0,0,1,1,1,0
127,1,100,2001,50,1,0,0,1,1,0,0
127,2,100,10199002,200,1,0,0,1,1,0,0
127,3,2,0,100,1,0,0,1,1,0,0
127,4,100,1160001,100,1,0,0,1,1,0,0
127,5,307,2162,1,1,0,0,1,1,0,0
127,6,100,2051,20,1,0,0,1,1,0,0
127,7,307,2205,1,1,0,0,1,1,1,0
128,1,100,3503,10,1,0,0,1,1,0,0
128,2,2,0,100,1,0,0,1,1,0,0
128,3,100,3503,10,1,0,0,1,1,0,0
128,4,307,2160,1,1,0,0,1,1,0,0
128,5,100,10199007,50,1,0,0,1,1,0,0
128,6,100,1020005,100,1,0,0,1,1,0,0
128,7,100,1070001,300,1,0,0,1,1,1,0
129,1,3,0,1000000,1,0,0,2,1,0,0
129,2,2,0,100,1,0,0,2,1,0,0
129,3,100,3005,50,1,0,0,2,1,0,0
129,4,307,2160,1,1,0,0,2,1,0,0
129,5,100,10199001,75,1,0,0,2,1,0,0
129,6,100,2001,50,1,0,0,2,1,0,0
129,7,100,2505,1,1,0,0,2,1,1,0
129,8,3,0,200000,1,0,0,2,2,0,0
129,9,2,0,100,1,0,0,2,2,0,0
129,10,4,0,300,1,0,0,2,2,0,0
129,11,307,2162,1,1,0,0,2,2,0,0
129,12,100,1140002,80,1,0,0,2,2,0,0
129,13,100,2001,50,1,0,0,2,2,0,0
129,14,300,1611,1,1,0,0,2,2,1,0
129,15,3,0,200000,1,0,0,2,3,0,0
129,16,2,0,100,1,0,0,2,3,0,0
129,17,100,3005,50,1,0,0,2,3,0,0
129,18,100,204010701,1,1,0,0,2,3,0,0
129,19,100,10199002,125,1,0,0,2,3,0,0
129,20,100,2001,50,1,0,0,2,3,0,0
129,21,300,1842,1,1,0,0,2,3,1,0
129,22,3,0,200000,1,0,0,2,4,0,0
129,23,2,0,100,1,0,0,2,4,0,0
129,24,4,0,300,1,0,0,2,4,0,0
129,25,100,1070001,200,1,0,0,2,4,0,0
129,26,100,1140003,80,1,0,0,2,4,0,0
129,27,100,2001,50,1,0,0,2,4,0,0
129,28,300,1843,1,1,0,0,2,4,1,0
129,29,3,0,200000,1,0,0,2,5,0,0
129,30,2,0,100,1,0,0,2,5,0,0
129,31,100,3005,50,1,0,0,2,5,0,0
129,32,100,1020005,300,1,0,0,2,5,0,0
129,33,100,10199001,75,1,0,0,2,5,0,0
129,34,100,2001,50,1,0,0,2,5,0,0
129,35,300,1844,1,1,0,0,2,5,1,0
129,36,3,0,200000,1,0,0,2,6,0,0
129,37,2,0,100,1,0,0,2,6,0,0
129,38,4,0,300,1,0,0,2,6,0,0
129,39,100,10199007,100,1,0,0,2,6,0,0
129,40,100,1140002,80,1,0,0,2,6,0,0
129,41,100,2001,50,1,0,0,2,6,0,0
129,42,300,1728,1,1,0,0,2,6,1,0
129,43,3,0,200000,1,0,0,2,7,0,0
129,44,2,0,100,1,0,0,2,7,0,0
129,45,100,3005,50,1,0,0,2,7,0,0
129,46,300,1068,1,1,0,0,2,7,0,0
129,47,100,10199002,125,1,0,0,2,7,0,0
129,48,100,2001,50,1,0,0,2,7,0,0
129,49,300,1845,1,1,0,0,2,7,1,0
129,50,3,0,500000,1,0,0,2,8,0,0
129,51,2,0,100,1,0,0,2,8,0,0
129,52,4,0,300,1,0,0,2,8,0,0
129,53,300,1078,1,1,0,0,2,8,0,0
129,54,100,1140003,80,1,0,0,2,8,0,0
129,55,100,2001,50,1,0,0,2,8,0,0
129,56,100,2901,1,1,0,0,2,8,1,0
130,1,100,1000078,50,1,0,0,1,1,0,0
130,2,100,1000001,50,1,0,0,1,1,0,0
130,3,100,3503,10,1,0,0,1,1,0,0
130,4,100,1000015,50,1,0,0,1,1,0,0
130,5,100,1000017,50,1,0,0,1,1,0,0
130,6,307,2160,1,1,0,0,1,1,0,0
130,7,100,10199007,50,1,0,0,1,1,1,0
131,1,100,3503,10,1,0,0,1,1,0,0
131,2,2,0,100,1,0,0,1,1,0,0
131,3,100,3503,10,1,0,0,1,1,0,0
131,4,307,2160,1,1,0,0,1,1,0,0
131,5,100,10199007,50,1,0,0,1,1,0,0
131,6,100,1020005,100,1,0,0,1,1,0,0
131,7,100,1070001,300,1,0,0,1,1,1,0
132,1,100,2001,50,1,0,0,1,1,0,0
132,2,100,10199002,200,1,0,0,1,1,0,0
132,3,2,0,100,1,0,0,1,1,0,0
132,4,100,1170001,64,1,0,0,1,1,0,0
132,5,100,2051,20,1,0,0,1,1,0,0
132,6,100,1110001,100,1,0,0,1,1,0,0
132,7,100,1120001,200,1,0,0,1,1,1,0
133,1,2,0,100,1,0,0,1,1,0,0
133,2,100,2001,50,1,0,0,1,1,0,0
133,3,307,2163,1,1,0,0,1,1,0,0
133,4,100,3502,20,1,0,0,1,1,0,0
133,5,100,10199007,20,1,0,0,1,1,0,0
133,6,100,1020005,100,1,0,0,1,1,0,0
133,7,100,1070001,200,1,0,0,1,1,1,0
134,1,2,0,100,1,0,0,1,1,0,0
134,2,100,2001,50,1,0,0,1,1,0,0
134,3,100,2051,20,1,0,0,1,1,0,0
134,4,100,10199001,200,1,0,0,1,1,0,0
134,5,100,10199002,300,1,0,0,1,1,0,0
134,6,100,1070001,100,1,0,0,1,1,0,0
134,7,100,8101,1,1,0,0,1,1,1,0
135,1,3,0,1000000,1,0,0,2,1,0,0
135,2,2,0,100,1,0,0,2,1,0,0
135,3,100,3005,50,1,0,0,2,1,0,0
135,4,307,2160,1,1,0,0,2,1,0,0
135,5,100,10199001,75,1,0,0,2,1,0,0
135,6,100,2001,50,1,0,0,2,1,0,0
135,7,100,2704,1,1,0,0,2,1,1,0
135,8,3,0,200000,1,0,0,2,2,0,0
135,9,2,0,100,1,0,0,2,2,0,0
135,10,4,0,300,1,0,0,2,2,0,0
135,11,307,2162,1,1,0,0,2,2,0,0
135,12,100,1140002,80,1,0,0,2,2,0,0
135,13,100,2001,50,1,0,0,2,2,0,0
135,14,300,1907,1,1,0,0,2,2,1,0
135,15,3,0,200000,1,0,0,2,3,0,0
135,16,2,0,100,1,0,0,2,3,0,0
135,17,100,3005,50,1,0,0,2,3,0,0
135,18,100,204010701,1,1,0,0,2,3,0,0
135,19,100,10199002,125,1,0,0,2,3,0,0
135,20,100,2001,50,1,0,0,2,3,0,0
135,21,300,1821,1,1,0,0,2,3,1,0
135,22,3,0,200000,1,0,0,2,4,0,0
135,23,2,0,100,1,0,0,2,4,0,0
135,24,4,0,300,1,0,0,2,4,0,0
135,25,100,1070001,200,1,0,0,2,4,0,0
135,26,100,1140003,80,1,0,0,2,4,0,0
135,27,100,2001,50,1,0,0,2,4,0,0
135,28,300,1908,1,1,0,0,2,4,1,0
135,29,3,0,200000,1,0,0,2,5,0,0
135,30,2,0,100,1,0,0,2,5,0,0
135,31,100,3005,50,1,0,0,2,5,0,0
135,32,100,1020005,300,1,0,0,2,5,0,0
135,33,100,10199001,75,1,0,0,2,5,0,0
135,34,100,2001,50,1,0,0,2,5,0,0
135,35,300,1817,1,1,0,0,2,5,1,0
135,36,3,0,200000,1,0,0,2,6,0,0
135,37,2,0,100,1,0,0,2,6,0,0
135,38,4,0,300,1,0,0,2,6,0,0
135,39,100,10199007,100,1,0,0,2,6,0,0
135,40,100,1140002,80,1,0,0,2,6,0,0
135,41,100,2001,50,1,0,0,2,6,0,0
135,42,300,1652,1,1,0,0,2,6,1,0
135,43,3,0,200000,1,0,0,2,7,0,0
135,44,2,0,100,1,0,0,2,7,0,0
135,45,100,3005,50,1,0,0,2,7,0,0
135,46,300,1068,1,1,0,0,2,7,0,0
135,47,100,10199002,125,1,0,0,2,7,0,0
135,48,100,2001,50,1,0,0,2,7,0,0
135,49,300,1650,1,1,0,0,2,7,1,0
135,50,3,0,500000,1,0,0,2,8,0,0
135,51,2,0,100,1,0,0,2,8,0,0
135,52,4,0,300,1,0,0,2,8,0,0
135,53,300,1078,1,1,0,0,2,8,0,0
135,54,100,1140003,80,1,0,0,2,8,0,0
135,55,100,2001,50,1,0,0,2,8,0,0
135,56,100,2901,1,1,0,0,2,8,1,0
136,1,2,0,100,1,0,0,1,1,0,0
136,2,100,3503,10,1,0,0,1,1,0,0
136,3,307,2163,1,1,0,0,1,1,0,0
136,4,100,3503,10,1,0,0,1,1,0,0
136,5,100,2051,20,1,0,0,1,1,0,0
136,6,307,2160,1,1,0,0,1,1,0,0
136,7,100,10199007,50,1,0,0,1,1,1,0
137,1,2,0,100,1,0,0,1,1,0,0
137,2,100,2001,50,1,0,0,1,1,0,0
137,3,100,2051,20,1,0,0,1,1,0,0
137,4,100,10199001,200,1,0,0,1,1,0,0
137,5,100,10199002,300,1,0,0,1,1,0,0
137,6,100,1070001,100,1,0,0,1,1,0,0
137,7,307,2245,1,1,0,0,1,1,1,0
138,1,2,0,100,1,0,0,1,1,0,0
138,2,100,2001,50,1,0,0,1,1,0,0
138,3,307,2163,1,1,0,0,1,1,0,0
138,4,100,3502,20,1,0,0,1,1,0,0
138,5,100,10199007,20,1,0,0,1,1,0,0
138,6,100,1020005,100,1,0,0,1,1,0,0
138,7,100,1070001,200,1,0,0,1,1,1,0
139,1,2,0,100,1,0,0,1,1,0,0
139,2,100,2001,50,1,0,0,1,1,0,0
139,3,100,1000002,100,1,0,0,1,1,0,0
139,4,100,1000068,100,1,0,0,1,1,0,0
139,5,100,3503,10,1,0,0,1,1,0,0
139,6,100,1000055,100,1,0,0,1,1,0,0
139,7,100,10199007,50,1,0,0,1,1,1,0
140,1,100,1110001,50,1,0,0,1,1,0,0
140,2,100,3503,10,1,0,0,1,1,0,0
140,3,100,1120001,100,1,0,0,1,1,0,0
140,4,100,2051,20,1,0,0,1,1,0,0
140,5,2,0,100,1,0,0,1,1,0,0
140,6,100,10199007,20,1,0,0,1,1,0,0
140,7,100,97,10,1,0,0,1,1,1,0
141,1,3,0,1000000,1,0,0,2,1,0,0
141,2,2,0,100,1,0,0,2,1,0,0
141,3,100,3005,50,1,0,0,2,1,0,0
141,4,307,2160,1,1,0,0,2,1,0,0
141,5,100,10199001,75,1,0,0,2,1,0,0
141,6,100,2001,50,1,0,0,2,1,0,0
141,7,100,2505,1,1,0,0,2,1,1,0
141,8,3,0,200000,1,0,0,2,2,0,0
141,9,2,0,100,1,0,0,2,2,0,0
141,10,4,0,300,1,0,0,2,2,0,0
141,11,307,2162,1,1,0,0,2,2,0,0
141,12,100,1140002,80,1,0,0,2,2,0,0
141,13,100,2001,50,1,0,0,2,2,0,0
141,14,300,1935,1,1,0,0,2,2,1,0
141,15,3,0,200000,1,0,0,2,3,0,0
141,16,2,0,100,1,0,0,2,3,0,0
141,17,100,3005,50,1,0,0,2,3,0,0
141,18,100,204010701,1,1,0,0,2,3,0,0
141,19,100,10199002,125,1,0,0,2,3,0,0
141,20,100,2001,50,1,0,0,2,3,0,0
141,21,300,1674,1,1,0,0,2,3,1,0
141,22,3,0,200000,1,0,0,2,4,0,0
141,23,2,0,100,1,0,0,2,4,0,0
141,24,4,0,300,1,0,0,2,4,0,0
141,25,100,1070001,200,1,0,0,2,4,0,0
141,26,100,1140003,80,1,0,0,2,4,0,0
141,27,100,2001,50,1,0,0,2,4,0,0
141,28,300,1751,1,1,0,0,2,4,1,0
141,29,3,0,200000,1,0,0,2,5,0,0
141,30,2,0,100,1,0,0,2,5,0,0
141,31,100,3005,50,1,0,0,2,5,0,0
141,32,100,1020005,300,1,0,0,2,5,0,0
141,33,100,10199001,75,1,0,0,2,5,0,0
141,34,100,2001,50,1,0,0,2,5,0,0
141,35,300,1936,1,1,0,0,2,5,1,0
141,36,3,0,200000,1,0,0,2,6,0,0
141,37,2,0,100,1,0,0,2,6,0,0
141,38,4,0,300,1,0,0,2,6,0,0
141,39,100,10199007,100,1,0,0,2,6,0,0
141,40,100,1140002,80,1,0,0,2,6,0,0
141,41,100,2001,50,1,0,0,2,6,0,0
141,42,300,1671,1,1,0,0,2,6,1,0
141,43,3,0,200000,1,0,0,2,7,0,0
141,44,2,0,100,1,0,0,2,7,0,0
141,45,100,3005,50,1,0,0,2,7,0,0
141,46,300,1068,1,1,0,0,2,7,0,0
141,47,100,10199002,125,1,0,0,2,7,0,0
141,48,100,2001,50,1,0,0,2,7,0,0
141,49,300,1675,1,1,0,0,2,7,1,0
141,50,3,0,500000,1,0,0,2,8,0,0
141,51,2,0,100,1,0,0,2,8,0,0
141,52,4,0,300,1,0,0,2,8,0,0
141,53,300,1078,1,1,0,0,2,8,0,0
141,54,100,1140003,80,1,0,0,2,8,0,0
141,55,100,2001,50,1,0,0,2,8,0,0
141,56,100,2901,1,1,0,0,2,8,1,0
142,1,2,0,100,1,0,0,1,1,0,0
142,2,100,3503,10,1,0,0,1,1,0,0
142,3,100,1000038,100,1,0,0,1,1,0,0
142,4,100,10199007,20,1,0,0,1,1,0,0
142,5,100,1230001,30,1,0,0,1,1,0,0
142,6,100,1240002,50,1,0,0,1,1,0,0
142,7,4,0,200,1,0,0,1,1,1,0
143,1,100,2001,50,1,0,0,1,1,0,0
143,2,100,10199002,200,1,0,0,1,1,0,0
143,3,2,0,100,1,0,0,1,1,0,0
143,4,100,1170001,64,1,0,0,1,1,0,0
143,5,100,2051,20,1,0,0,1,1,0,0
143,6,100,1110001,100,1,0,0,1,1,0,0
143,7,100,1120001,200,1,0,0,1,1,1,0
144,1,2,0,100,1,0,0,1,1,0,0
144,2,307,2155,1,1,0,0,1,1,0,0
144,3,100,2001,50,1,0,0,1,1,0,0
144,4,100,1230001,30,1,0,0,1,1,0,0
144,5,100,3503,10,1,0,0,1,1,0,0
144,6,307,2155,1,1,0,0,1,1,0,0
144,7,100,1070001,200,1,0,0,1,1,1,0
145,1,100,3503,10,1,0,0,1,1,0,0
145,2,2,0,100,1,0,0,1,1,0,0
145,3,100,10199007,20,1,0,0,1,1,0,0
145,4,100,1020005,100,1,0,0,1,1,0,0
145,5,100,10199002,300,1,0,0,1,1,0,0
145,6,100,1070001,100,1,0,0,1,1,0,0
145,7,4,0,100,1,0,0,1,1,1,0
146,1,2,0,100,1,0,0,1,1,0,0
146,2,307,2155,1,1,0,0,1,1,0,0
146,3,100,2001,50,1,0,0,1,1,0,0
146,4,100,1230001,30,1,0,0,1,1,0,0
146,5,100,3503,10,1,0,0,1,1,0,0
146,6,100,1000230,30,1,0,0,1,1,0,0
146,7,100,1070001,200,1,0,0,1,1,1,0
147,1,2,0,100,1,0,0,1,1,0,0
147,2,307,2155,1,1,0,0,1,1,0,0
147,3,100,2001,50,1,0,0,1,1,0,0
147,4,100,1020005,100,1,0,0,1,1,0,0
147,5,100,3503,10,1,0,0,1,1,0,0
147,6,307,2155,1,1,0,0,1,1,0,0
147,7,100,1070001,200,1,0,0,1,1,1,0
148,1,3,0,1000000,1,0,0,2,1,0,0
148,2,2,0,100,1,0,0,2,1,0,0
148,3,100,3005,50,1,0,0,2,1,0,0
148,4,307,2160,1,1,0,0,2,1,0,0
148,5,100,10199001,75,1,0,0,2,1,0,0
148,6,100,2001,50,1,0,0,2,1,0,0
148,7,100,2505,1,1,0,0,2,1,1,0
148,8,3,0,200000,1,0,0,2,2,0,0
148,9,2,0,100,1,0,0,2,2,0,0
148,10,4,0,300,1,0,0,2,2,0,0
148,11,307,2162,1,1,0,0,2,2,0,0
148,12,100,1140002,80,1,0,0,2,2,0,0
148,13,100,2001,50,1,0,0,2,2,0,0
148,14,300,1970,1,1,0,0,2,2,1,0
148,15,3,0,200000,1,0,0,2,3,0,0
148,16,2,0,100,1,0,0,2,3,0,0
148,17,100,3005,50,1,0,0,2,3,0,0
148,18,100,204010701,1,1,0,0,2,3,0,0
148,19,100,10199002,125,1,0,0,2,3,0,0
148,20,100,2001,50,1,0,0,2,3,0,0
148,21,300,1971,1,1,0,0,2,3,1,0
148,22,3,0,200000,1,0,0,2,4,0,0
148,23,2,0,100,1,0,0,2,4,0,0
148,24,4,0,300,1,0,0,2,4,0,0
148,25,100,1070001,200,1,0,0,2,4,0,0
148,26,100,1140003,80,1,0,0,2,4,0,0
148,27,100,2001,50,1,0,0,2,4,0,0
148,28,300,1972,1,1,0,0,2,4,1,0
148,29,3,0,200000,1,0,0,2,5,0,0
148,30,2,0,100,1,0,0,2,5,0,0
148,31,100,3005,50,1,0,0,2,5,0,0
148,32,100,1020005,300,1,0,0,2,5,0,0
148,33,100,10199001,75,1,0,0,2,5,0,0
148,34,100,2001,50,1,0,0,2,5,0,0
148,35,300,1973,1,1,0,0,2,5,1,0
148,36,3,0,200000,1,0,0,2,6,0,0
148,37,2,0,100,1,0,0,2,6,0,0
148,38,4,0,300,1,0,0,2,6,0,0
148,39,100,10199007,100,1,0,0,2,6,0,0
148,40,100,1140002,80,1,0,0,2,6,0,0
148,41,100,2001,50,1,0,0,2,6,0,0
148,42,300,1756,1,1,0,0,2,6,1,0
148,43,3,0,200000,1,0,0,2,7,0,0
148,44,2,0,100,1,0,0,2,7,0,0
148,45,100,3005,50,1,0,0,2,7,0,0
148,46,300,1068,1,1,0,0,2,7,0,0
148,47,100,10199002,125,1,0,0,2,7,0,0
148,48,100,2001,50,1,0,0,2,7,0,0
148,49,300,1974,1,1,0,0,2,7,1,0
148,50,3,0,500000,1,0,0,2,8,0,0
148,51,2,0,100,1,0,0,2,8,0,0
148,52,4,0,300,1,0,0,2,8,0,0
148,53,300,1078,1,1,0,0,2,8,0,0
148,54,100,1140003,80,1,0,0,2,8,0,0
148,55,100,2001,50,1,0,0,2,8,0,0
148,56,100,2901,1,1,0,0,2,8,1,0
149,1,2,0,111,1,0,0,1,1,0,0
149,2,100,10199007,21,1,0,0,1,1,0,0
149,3,100,2001,51,1,0,0,1,1,0,0
149,4,100,1070001,111,1,0,0,1,1,0,0
149,5,100,1230001,31,1,0,0,1,1,0,0
149,6,100,3503,11,1,0,0,1,1,0,0
149,7,28,0,51,1,0,0,1,1,1,0
150,1,100,3503,10,1,0,0,1,1,0,0
150,2,2,0,100,1,0,0,1,1,0,0
150,3,100,10199007,20,1,0,0,1,1,0,0
150,4,307,2155,1,1,0,0,1,1,0,0
150,5,100,10199002,200,1,0,0,1,1,0,0
150,6,307,2155,1,1,0,0,1,1,0,0
150,7,4,0,200,1,0,0,1,1,1,0
151,1,2,0,100,1,0,0,1,1,0,0
151,2,307,2155,1,1,0,0,1,1,0,0
151,3,28,0,50,1,0,0,1,1,0,0
151,4,100,1020005,100,1,0,0,1,1,0,0
151,5,100,3503,10,1,0,0,1,1,0,0
151,6,307,2155,1,1,0,0,1,1,0,0
151,7,100,1070001,200,1,0,0,1,1,1,0
152,1,2,0,100,1,0,0,1,1,0,0
152,2,307,2155,1,1,0,0,1,1,0,0
152,3,100,2001,50,1,0,0,1,1,0,0
152,4,100,1000178,50,1,0,0,1,1,0,0
152,5,100,1230001,30,1,0,0,1,1,0,0
152,6,100,3503,10,1,0,0,1,1,0,0
152,7,100,110,10,1,0,0,1,1,1,0
153,1,4,0,20,1,0,0,1,1,0,0
153,2,4,0,20,1,0,0,1,1,0,0
153,3,4,0,20,1,0,0,1,1,0,0
153,4,4,0,20,1,0,0,1,1,0,0
153,5,4,0,20,1,0,0,1,1,0,0
153,6,4,0,20,1,0,0,1,1,0,0
153,7,4,0,50,1,0,0,1,1,1,0
154,1,2,0,100,1,0,0,1,1,0,0
154,2,307,2155,1,1,0,0,1,1,0,0
154,3,28,0,50,1,0,0,1,1,0,0
154,4,100,1020005,100,1,0,0,1,1,0,0
154,5,100,3503,10,1,0,0,1,1,0,0
154,6,307,2155,1,1,0,0,1,1,0,0
154,7,100,1070001,200,1,0,0,1,1,1,0
155,1,2,0,100,1,0,0,1,1,0,0
155,2,100,10199007,20,1,0,0,1,1,0,0
155,3,307,2155,1,1,0,0,1,1,0,0
155,4,100,1020005,100,1,0,0,1,1,0,0
155,5,100,3503,10,1,0,0,1,1,0,0
155,6,100,1070001,200,1,0,0,1,1,0,0
155,7,100,1140001,50,1,0,0,1,1,1,0
156,1,2,0,100,1,0,0,1,1,0,0
156,2,100,2001,50,1,0,0,1,1,0,0
156,3,100,1020005,100,1,0,0,1,1,0,0
156,4,100,1070001,100,1,0,0,1,1,0,0
156,5,100,2051,20,1,0,0,1,1,0,0
156,6,100,1140003,100,1,0,0,1,1,0,0
156,7,100,1140001,50,1,0,0,1,1,1,0
157,1,2,0,100,1,0,0,1,1,0,0
157,2,100,10199002,200,1,0,0,1,1,0,0
157,3,100,1020005,100,1,0,0,1,1,0,0
157,4,307,2160,1,1,0,0,1,1,0,0
157,5,100,3503,10,1,0,0,1,1,0,0
157,6,100,1070001,200,1,0,0,1,1,0,0
157,7,4,0,100,1,0,0,1,1,1,0
158,1,3,0,1000000,1,0,0,2,1,0,0
158,2,2,0,100,1,0,0,2,1,0,0
158,3,100,3005,50,1,0,0,2,1,0,0
158,4,307,2160,1,1,0,0,2,1,0,0
158,5,100,10199001,75,1,0,0,2,1,0,0
158,6,100,2001,50,1,0,0,2,1,0,0
158,7,100,2505,1,1,0,0,2,1,1,0
158,8,3,0,200000,1,0,0,2,2,0,0
158,9,2,0,100,1,0,0,2,2,0,0
158,10,4,0,300,1,0,0,2,2,0,0
158,11,307,2162,1,1,0,0,2,2,0,0
158,12,100,1140002,80,1,0,0,2,2,0,0
158,13,100,2001,50,1,0,0,2,2,0,0
158,14,300,1981,1,1,0,0,2,2,1,0
158,15,3,0,200000,1,0,0,2,3,0,0
158,16,2,0,100,1,0,0,2,3,0,0
158,17,100,3005,50,1,0,0,2,3,0,0
158,18,100,204010701,1,1,0,0,2,3,0,0
158,19,100,10199002,125,1,0,0,2,3,0,0
158,20,100,2001,50,1,0,0,2,3,0,0
158,21,300,1982,1,1,0,0,2,3,1,0
158,22,3,0,200000,1,0,0,2,4,0,0
158,23,2,0,100,1,0,0,2,4,0,0
158,24,4,0,300,1,0,0,2,4,0,0
158,25,100,1070001,200,1,0,0,2,4,0,0
158,26,100,1140003,80,1,0,0,2,4,0,0
158,27,100,2001,50,1,0,0,2,4,0,0
158,28,300,1983,1,1,0,0,2,4,1,0
158,29,3,0,200000,1,0,0,2,5,0,0
158,30,2,0,100,1,0,0,2,5,0,0
158,31,100,3005,50,1,0,0,2,5,0,0
158,32,100,1020005,300,1,0,0,2,5,0,0
158,33,100,10199001,75,1,0,0,2,5,0,0
158,34,100,2001,50,1,0,0,2,5,0,0
158,35,300,1820,1,1,0,0,2,5,1,0
158,36,3,0,200000,1,0,0,2,6,0,0
158,37,2,0,100,1,0,0,2,6,0,0
158,38,4,0,300,1,0,0,2,6,0,0
158,39,100,10199007,100,1,0,0,2,6,0,0
158,40,100,1140002,80,1,0,0,2,6,0,0
158,41,100,2001,50,1,0,0,2,6,0,0
158,42,300,1984,1,1,0,0,2,6,1,0
158,43,3,0,200000,1,0,0,2,7,0,0
158,44,2,0,100,1,0,0,2,7,0,0
158,45,100,3005,50,1,0,0,2,7,0,0
158,46,300,1068,1,1,0,0,2,7,0,0
158,47,100,10199002,125,1,0,0,2,7,0,0
158,48,100,2001,50,1,0,0,2,7,0,0
158,49,300,1632,1,1,0,0,2,7,1,0
158,50,3,0,500000,1,0,0,2,8,0,0
158,51,2,0,100,1,0,0,2,8,0,0
158,52,4,0,300,1,0,0,2,8,0,0
158,53,300,1078,1,1,0,0,2,8,0,0
158,54,100,1140003,80,1,0,0,2,8,0,0
158,55,100,2001,50,1,0,0,2,8,0,0
158,56,100,2901,1,1,0,0,2,8,1,0
159,1,2,0,100,1,0,0,1,1,0,0
159,2,307,2263,1,1,0,0,1,1,0,0
159,3,100,1100001,50,1,0,0,1,1,0,0
159,4,100,3503,10,1,0,0,1,1,0,0
159,5,100,2051,20,1,0,0,1,1,0,0
159,6,100,10199007,20,1,0,0,1,1,0,0
159,7,307,2244,1,1,0,0,1,1,1,0
160,1,2,0,100,1,0,0,1,1,0,0
160,2,100,2001,50,1,0,0,1,1,0,0
160,3,100,1000128,100,1,0,0,1,1,0,0
160,4,28,0,50,1,0,0,1,1,0,0
160,5,100,1180001,64,1,0,0,1,1,0,0
160,6,100,1110001,100,1,0,0,1,1,0,0
160,7,100,1120001,200,1,0,0,1,1,1,0
161,1,2,0,100,1,0,0,1,1,0,0
161,2,100,2001,50,1,0,0,1,1,0,0
161,3,100,1110001,100,1,0,0,1,1,0,0
161,4,307,2160,1,1,0,0,1,1,0,0
161,5,100,2051,20,1,0,0,1,1,0,0
161,6,100,1120001,200,1,0,0,1,1,0,0
161,7,4,0,100,1,0,0,1,1,1,0
162,1,2,0,100,1,0,0,1,1,0,0
162,2,28,0,50,1,0,0,1,1,0,0
162,3,100,1000064,50,1,0,0,1,1,0,0
162,4,100,1020005,100,1,0,0,1,1,0,0
162,5,100,3503,10,1,0,0,1,1,0,0
162,6,307,2155,1,1,0,0,1,1,0,0
162,7,100,1070001,200,1,0,0,1,1,1,0
163,1,2,0,100,1,0,0,1,1,0,0
163,2,100,2001,50,1,0,0,1,1,0,0
163,3,100,10199007,20,1,0,0,1,1,0,0
163,4,307,2155,1,1,0,0,1,1,0,0
163,5,100,1020005,100,1,0,0,1,1,0,0
163,6,100,3503,10,1,0,0,1,1,0,0
163,7,100,1070001,200,1,0,0,1,1,1,0
164,1,2,0,100,1,0,0,1,1,0,0
164,2,100,2051,20,1,0,0,1,1,0,0
164,3,307,2155,1,1,0,0,1,1,0,0
164,4,100,1230001,30,1,0,0,1,1,0,0
164,5,100,1020005,100,1,0,0,1,1,0,0
164,6,100,3503,10,1,0,0,1,1,0,0
164,7,100,1070001,200,1,0,0,1,1,1,0
165,1,2,0,100,1,0,0,1,1,0,0
165,2,28,0,50,1,0,0,1,1,0,0
165,3,100,1000064,50,1,0,0,1,1,0,0
165,4,100,1020005,100,1,0,0,1,1,0,0
165,5,100,8127,1,1,0,0,1,1,0,0
165,6,307,2155,1,1,0,0,1,1,0,0
165,7,100,1070001,200,1,0,0,1,1,1,0
166,1,307,2303,1,1,0,0,1,1,0,0
166,2,100,2001,60,1,0,0,1,1,0,0
166,3,28,0,60,1,0,0,1,1,0,0
166,4,100,1020005,100,1,0,0,1,1,0,0
166,5,100,3503,10,1,0,0,1,1,0,0
166,6,100,1070001,200,1,0,0,1,1,0,0
166,7,100,8137,1,1,0,0,1,1,1,0
167,1,307,2302,1,1,0,0,1,1,0,0
167,2,2,0,100,1,0,0,1,1,0,0
167,3,307,2155,1,1,0,0,1,1,0,0
167,4,300,2000,1,1,0,0,1,1,0,0
167,5,307,2155,1,1,0,0,1,1,0,0
167,6,100,1020005,100,1,0,0,1,1,0,0
167,7,100,1070001,200,1,0,0,1,1,1,0
168,1,3,0,1000000,1,0,0,2,1,0,0
168,2,2,0,100,1,0,0,2,1,0,0
168,3,100,3005,50,1,0,0,2,1,0,0
168,4,307,2160,1,1,0,0,2,1,0,0
168,5,100,10199001,75,1,0,0,2,1,0,0
168,6,100,2001,50,1,0,0,2,1,0,0
168,7,100,2704,1,1,0,0,2,1,1,0
168,8,3,0,200000,1,0,0,2,2,0,0
168,9,2,0,100,1,0,0,2,2,0,0
168,10,4,0,300,1,0,0,2,2,0,0
168,11,307,2162,1,1,0,0,2,2,0,0
168,12,100,1140002,80,1,0,0,2,2,0,0
168,13,100,2001,50,1,0,0,2,2,0,0
168,14,300,1982,1,1,0,0,2,2,1,0
168,15,3,0,200000,1,0,0,2,3,0,0
168,16,2,0,100,1,0,0,2,3,0,0
168,17,100,3005,50,1,0,0,2,3,0,0
168,18,100,204010701,1,1,0,0,2,3,0,0
168,19,100,10199002,125,1,0,0,2,3,0,0
168,20,100,2001,50,1,0,0,2,3,0,0
168,21,307,2106,1,1,0,0,2,3,1,0
168,22,3,0,200000,1,0,0,2,4,0,0
168,23,2,0,100,1,0,0,2,4,0,0
168,24,4,0,300,1,0,0,2,4,0,0
168,25,100,1070001,200,1,0,0,2,4,0,0
168,26,100,1140003,80,1,0,0,2,4,0,0
168,27,100,2001,50,1,0,0,2,4,0,0
168,28,300,13036,1,1,0,0,2,4,1,0
168,29,3,0,200000,1,0,0,2,5,0,0
168,30,2,0,100,1,0,0,2,5,0,0
168,31,100,3005,50,1,0,0,2,5,0,0
168,32,100,1020005,300,1,0,0,2,5,0,0
168,33,100,10199001,75,1,0,0,2,5,0,0
168,34,100,2001,50,1,0,0,2,5,0,0
168,35,307,2106,1,1,0,0,2,5,1,0
168,36,3,0,200000,1,0,0,2,6,0,0
168,37,2,0,100,1,0,0,2,6,0,0
168,38,4,0,300,1,0,0,2,6,0,0
168,39,100,10199007,100,1,0,0,2,6,0,0
168,40,100,1140002,80,1,0,0,2,6,0,0
168,41,100,2001,50,1,0,0,2,6,0,0
168,42,300,1908,1,1,0,0,2,6,1,0
168,43,3,0,200000,1,0,0,2,7,0,0
168,44,2,0,100,1,0,0,2,7,0,0
168,45,100,3005,50,1,0,0,2,7,0,0
168,46,300,1068,1,1,0,0,2,7,0,0
168,47,100,10199002,125,1,0,0,2,7,0,0
168,48,100,2001,50,1,0,0,2,7,0,0
168,49,300,13037,1,1,0,0,2,7,1,0
168,50,3,0,500000,1,0,0,2,8,0,0
168,51,2,0,100,1,0,0,2,8,0,0
168,52,4,0,300,1,0,0,2,8,0,0
168,53,300,1078,1,1,0,0,2,8,0,0
168,54,100,1140003,80,1,0,0,2,8,0,0
168,55,100,2001,50,1,0,0,2,8,0,0
168,56,100,2901,1,1,0,0,2,8,1,0
169,1,2,0,100,1,0,0,1,1,0,0
169,2,100,2001,50,1,0,0,1,1,0,0
169,3,100,10199007,20,1,0,0,1,1,0,0
169,4,307,2155,1,1,0,0,1,1,0,0
169,5,100,1020005,100,1,0,0,1,1,0,0
169,6,100,3503,10,1,0,0,1,1,0,0
169,7,100,1070001,200,1,0,0,1,1,1,0
170,1,2,0,100,1,0,0,1,1,0,0
170,2,3,0,500000,1,0,0,1,1,0,0
170,3,307,2160,1,1,0,0,1,1,0,0
170,4,100,1020005,100,1,0,0,1,1,0,0
170,5,100,3505,10,1,0,0,1,1,0,0
170,6,28,0,50,1,0,0,1,1,0,0
170,7,100,1070001,200,1,0,0,1,1,1,0
171,1,2,0,100,1,0,0,1,1,0,0
171,2,3,0,500000,1,0,0,1,1,0,0
171,3,307,2160,1,1,0,0,1,1,0,0
171,4,100,1020005,100,1,0,0,1,1,0,0
171,5,100,3505,10,1,0,0,1,1,0,0
171,6,28,0,50,1,0,0,1,1,0,0
171,7,100,1070001,200,1,0,0,1,1,1,0
172,1,4,0,100,1,0,0,1,1,0,0
172,2,3,0,500000,1,0,0,1,1,0,0
172,3,307,2160,1,1,0,0,1,1,0,0
172,4,100,1020005,100,1,0,0,1,1,0,0
172,5,100,3505,10,1,0,0,1,1,0,0
172,6,28,0,50,1,0,0,1,1,0,0
172,7,100,1070001,200,1,0,0,1,1,1,0
173,1,2,0,100,1,0,0,1,1,0,0
173,2,3,0,500000,1,0,0,1,1,0,0
173,3,307,2160,1,1,0,0,1,1,0,0
173,4,100,1020005,100,1,0,0,1,1,0,0
173,5,100,3505,10,1,0,0,1,1,0,0
173,6,28,0,50,1,0,0,1,1,0,0
173,7,100,1070001,200,1,0,0,1,1,1,0
174,1,100,1000067,100,1,0,0,1,1,0,0
174,2,3,0,500000,1,0,0,1,1,0,0
174,3,307,2160,1,1,0,0,1,1,0,0
174,4,100,1020005,100,1,0,0,1,1,0,0
174,5,100,3505,10,1,0,0,1,1,0,0
174,6,28,0,50,1,0,0,1,1,0,0
174,7,100,139,10,1,0,0,1,1,1,0
175,1,3,0,1000000,1,0,0,2,1,0,0
175,2,2,0,100,1,0,0,2,1,0,0
175,3,100,3005,50,1,0,0,2,1,0,0
175,4,307,2160,1,1,0,0,2,1,0,0
175,5,100,10199001,75,1,0,0,2,1,0,0
175,6,100,2001,50,1,0,0,2,1,0,0
175,7,100,2505,1,1,0,0,2,1,1,0
175,8,3,0,200000,1,0,0,2,2,0,0
175,9,2,0,100,1,0,0,2,2,0,0
175,10,4,0,300,1,0,0,2,2,0,0
175,11,307,2162,1,1,0,0,2,2,0,0
175,12,100,1140002,80,1,0,0,2,2,0,0
175,13,100,2001,50,1,0,0,2,2,0,0
175,14,300,1608,1,1,0,0,2,2,1,0
175,15,3,0,200000,1,0,0,2,3,0,0
175,16,2,0,100,1,0,0,2,3,0,0
175,17,100,3005,50,1,0,0,2,3,0,0
175,18,100,204010701,1,1,0,0,2,3,0,0
175,19,100,10199002,125,1,0,0,2,3,0,0
175,20,100,2001,50,1,0,0,2,3,0,0
175,21,300,1675,1,1,0,0,2,3,1,0
175,22,3,0,200000,1,0,0,2,4,0,0
175,23,2,0,100,1,0,0,2,4,0,0
175,24,4,0,300,1,0,0,2,4,0,0
175,25,100,1070001,200,1,0,0,2,4,0,0
175,26,100,1140003,80,1,0,0,2,4,0,0
175,27,100,2001,50,1,0,0,2,4,0,0
175,28,300,13069,1,1,0,0,2,4,1,0
175,29,3,0,200000,1,0,0,2,5,0,0
175,30,2,0,100,1,0,0,2,5,0,0
175,31,100,3005,50,1,0,0,2,5,0,0
175,32,100,1020005,300,1,0,0,2,5,0,0
175,33,100,10199001,75,1,0,0,2,5,0,0
175,34,100,2001,50,1,0,0,2,5,0,0
175,35,300,1673,1,1,0,0,2,5,1,0
175,36,3,0,200000,1,0,0,2,6,0,0
175,37,2,0,100,1,0,0,2,6,0,0
175,38,4,0,300,1,0,0,2,6,0,0
175,39,100,10199007,100,1,0,0,2,6,0,0
175,40,100,1140002,80,1,0,0,2,6,0,0
175,41,100,2001,50,1,0,0,2,6,0,0
175,42,300,13070,1,1,0,0,2,6,1,0
175,43,3,0,200000,1,0,0,2,7,0,0
175,44,2,0,100,1,0,0,2,7,0,0
175,45,100,3005,50,1,0,0,2,7,0,0
175,46,300,1068,1,1,0,0,2,7,0,0
175,47,100,10199002,125,1,0,0,2,7,0,0
175,48,100,2001,50,1,0,0,2,7,0,0
175,49,307,2106,1,1,0,0,2,7,1,0
175,50,3,0,500000,1,0,0,2,8,0,0
175,51,2,0,100,1,0,0,2,8,0,0
175,52,4,0,300,1,0,0,2,8,0,0
175,53,300,1078,1,1,0,0,2,8,0,0
175,54,100,1140003,80,1,0,0,2,8,0,0
175,55,100,2001,50,1,0,0,2,8,0,0
175,56,100,2901,1,1,0,0,2,8,1,0
176,1,2,0,100,1,0,0,1,1,0,0
176,2,3,0,500000,1,0,0,1,1,0,0
176,3,307,2160,1,1,0,0,1,1,0,0
176,4,100,1020005,100,1,0,0,1,1,0,0
176,5,100,3505,10,1,0,0,1,1,0,0
176,6,28,0,50,1,0,0,1,1,0,0
176,7,100,1070001,200,1,0,0,1,1,1,0
177,1,307,2160,1,1,0,0,1,1,0,0
177,2,3,0,500000,1,0,0,1,1,0,0
177,3,307,2160,1,1,0,0,1,1,0,0
177,4,100,1020005,100,1,0,0,1,1,0,0
177,5,100,1070001,200,1,0,0,1,1,0,0
177,6,28,0,50,1,0,0,1,1,0,0
177,7,4,0,100,1,0,0,1,1,1,0
178,1,300,13117,1,1,0,0,1,1,0,0
178,2,100,9501,25,1,0,0,1,1,0,0
178,3,300,13117,1,1,0,0,1,1,0,0
178,4,100,9501,25,1,0,0,1,1,0,0
178,5,300,13117,1,1,0,0,1,1,0,0
178,6,100,9501,25,1,0,0,1,1,0,0
178,7,300,13118,1,1,0,0,1,1,1,0
179,1,3,0,500000,1,0,0,1,1,0,0
179,2,307,2160,1,1,0,0,1,1,0,0
179,3,100,1020005,100,1,0,0,1,1,0,0
179,4,100,3505,10,1,0,0,1,1,0,0
179,5,28,0,50,1,0,0,1,1,0,0
179,6,100,1070001,200,1,0,0,1,1,0,0
179,7,4,0,100,1,0,0,1,1,1,0
180,1,100,9501,50,1,0,0,1,1,0,0
180,2,3,0,500000,1,0,0,1,1,0,0
180,3,307,2160,1,1,0,0,1,1,0,0
180,4,100,1020005,100,1,0,0,1,1,0,0
180,5,100,3505,10,1,0,0,1,1,0,0
180,6,28,0,50,1,0,0,1,1,0,0
180,7,100,1070001,200,1,0,0,1,1,1,0
181,1,3,0,500000,1,0,0,1,1,0,0
181,2,307,2160,1,1,0,0,1,1,0,0
181,3,100,1020005,100,1,0,0,1,1,0,0
181,4,100,3505,10,1,0,0,1,1,0,0
181,5,28,0,50,1,0,0,1,1,0,0
181,6,100,1070001,200,1,0,0,1,1,0,0
181,7,4,0,100,1,0,0,1,1,1,0
182,1,3,0,1000000,1,0,0,2,1,0,0
182,2,2,0,100,1,0,0,2,1,0,0
182,3,100,3005,50,1,0,0,2,1,0,0
182,4,307,2160,1,1,0,0,2,1,0,0
182,5,100,10199001,75,1,0,0,2,1,0,0
182,6,100,2001,50,1,0,0,2,1,0,0
182,7,100,2505,1,1,0,0,2,1,1,0
182,8,3,0,200000,1,0,0,2,2,0,0
182,9,2,0,100,1,0,0,2,2,0,0
182,10,4,0,300,1,0,0,2,2,0,0
182,11,307,2162,1,1,0,0,2,2,0,0
182,12,100,1140002,80,1,0,0,2,2,0,0
182,13,100,2001,50,1,0,0,2,2,0,0
182,14,300,1667,1,1,0,0,2,2,1,0
182,15,3,0,200000,1,0,0,2,3,0,0
182,16,2,0,100,1,0,0,2,3,0,0
182,17,100,3005,50,1,0,0,2,3,0,0
182,18,100,204010701,1,1,0,0,2,3,0,0
182,19,100,10199002,125,1,0,0,2,3,0,0
182,20,100,2001,50,1,0,0,2,3,0,0
182,21,300,1971,1,1,0,0,2,3,1,0
182,22,3,0,200000,1,0,0,2,4,0,0
182,23,2,0,100,1,0,0,2,4,0,0
182,24,4,0,300,1,0,0,2,4,0,0
182,25,100,1070001,200,1,0,0,2,4,0,0
182,26,100,1140003,80,1,0,0,2,4,0,0
182,27,100,2001,50,1,0,0,2,4,0,0
182,28,300,13131,1,1,0,0,2,4,1,0
182,29,3,0,200000,1,0,0,2,5,0,0
182,30,2,0,100,1,0,0,2,5,0,0
182,31,100,3005,50,1,0,0,2,5,0,0
182,32,100,1020005,300,1,0,0,2,5,0,0
182,33,100,10199001,75,1,0,0,2,5,0,0
182,34,100,2001,50,1,0,0,2,5,0,0
182,35,300,13132,1,1,0,0,2,5,1,0
182,36,3,0,200000,1,0,0,2,6,0,0
182,37,2,0,100,1,0,0,2,6,0,0
182,38,4,0,300,1,0,0,2,6,0,0
182,39,100,10199007,100,1,0,0,2,6,0,0
182,40,100,1140002,80,1,0,0,2,6,0,0
182,41,100,2001,50,1,0,0,2,6,0,0
182,42,300,13133,1,1,0,0,2,6,1,0
182,43,3,0,200000,1,0,0,2,7,0,0
182,44,2,0,100,1,0,0,2,7,0,0
182,45,100,3005,50,1,0,0,2,7,0,0
182,46,300,1068,1,1,0,0,2,7,0,0
182,47,100,10199002,125,1,0,0,2,7,0,0
182,48,100,2001,50,1,0,0,2,7,0,0
182,49,307,2106,1,1,0,0,2,7,1,0
182,50,3,0,500000,1,0,0,2,8,0,0
182,51,2,0,100,1,0,0,2,8,0,0
182,52,4,0,300,1,0,0,2,8,0,0
182,53,300,1078,1,1,0,0,2,8,0,0
182,54,100,1140003,80,1,0,0,2,8,0,0
182,55,100,2001,50,1,0,0,2,8,0,0
182,56,100,2901,1,1,0,0,2,8,1,0
183,1,100,1000043,100,1,0,0,1,1,0,0
183,2,3,0,500000,1,0,0,1,1,0,0
183,3,100,1000009,100,1,0,0,1,1,0,0
183,4,100,1020005,100,1,0,0,1,1,0,0
183,5,100,3505,10,1,0,0,1,1,0,0
183,6,100,1070001,200,1,0,0,1,1,0,0
183,7,100,163,10,1,0,0,1,1,1,0
184,1,3,0,500000,1,0,0,1,1,0,0
184,2,307,2160,1,1,0,0,1,1,0,0
184,3,100,1020005,100,1,0,0,1,1,0,0
184,4,100,3505,10,1,0,0,1,1,0,0
184,5,28,0,50,1,0,0,1,1,0,0
184,6,100,1070001,200,1,0,0,1,1,0,0
184,7,4,0,220,1,0,0,1,1,1,0
185,1,2,0,100,1,0,0,1,1,0,0
185,2,3,0,500000,1,0,0,1,1,0,0
185,3,307,2160,1,1,0,0,1,1,0,0
185,4,100,1020005,100,1,0,0,1,1,0,0
185,5,100,3505,10,1,0,0,1,1,0,0
185,6,28,0,50,1,0,0,1,1,0,0
185,7,100,1070001,200,1,0,0,1,1,1,0
186,1,2,0,100,1,0,0,1,1,0,0
186,2,3,0,500000,1,0,0,1,1,0,0
186,3,307,2160,1,1,0,0,1,1,0,0
186,4,100,1020005,100,1,0,0,1,1,0,0
186,5,100,3505,10,1,0,0,1,1,0,0
186,6,28,0,50,1,0,0,1,1,0,0
186,7,100,1070001,200,1,0,0,1,1,1,0
187,1,3,0,500000,1,0,0,1,1,0,0
187,2,307,2160,1,1,0,0,1,1,0,0
187,3,100,1020005,100,1,0,0,1,1,0,0
187,4,100,3505,10,1,0,0,1,1,0,0
187,5,28,0,50,1,0,0,1,1,0,0
187,6,100,1070001,200,1,0,0,1,1,0,0
187,7,4,0,100,1,0,0,1,1,1,0
188,1,2,0,100,1,0,0,1,1,0,0
188,2,3,0,500000,1,0,0,1,1,0,0
188,3,307,2160,1,1,0,0,1,1,0,0
188,4,100,1020005,100,1,0,0,1,1,0,0
188,5,100,3505,10,1,0,0,1,1,0,0
188,6,28,0,50,1,0,0,1,1,0,0
188,7,100,1070001,200,1,0,0,1,1,1,0
189,1,3,0,1000000,1,0,0,2,1,0,0
189,2,2,0,100,1,0,0,2,1,0,0
189,3,100,3005,50,1,0,0,2,1,0,0
189,4,307,2160,1,1,0,0,2,1,0,0
189,5,100,10199001,75,1,0,0,2,1,0,0
189,6,100,2001,50,1,0,0,2,1,0,0
189,7,100,2505,1,1,0,0,2,1,1,0
189,8,3,0,200000,1,0,0,2,2,0,0
189,9,2,0,100,1,0,0,2,2,0,0
189,10,4,0,300,1,0,0,2,2,0,0
189,11,307,2162,1,1,0,0,2,2,0,0
189,12,100,1140002,80,1,0,0,2,2,0,0
189,13,100,2001,50,1,0,0,2,2,0,0
189,14,300,1728,1,1,0,0,2,2,1,0
189,15,3,0,200000,1,0,0,2,3,0,0
189,16,2,0,100,1,0,0,2,3,0,0
189,17,100,3005,50,1,0,0,2,3,0,0
189,18,100,204010701,1,1,0,0,2,3,0,0
189,19,100,10199002,125,1,0,0,2,3,0,0
189,20,100,2001,50,1,0,0,2,3,0,0
189,21,300,1983,1,1,0,0,2,3,1,0
189,22,3,0,200000,1,0,0,2,4,0,0
189,23,2,0,100,1,0,0,2,4,0,0
189,24,4,0,300,1,0,0,2,4,0,0
189,25,100,1070001,200,1,0,0,2,4,0,0
189,26,100,1140003,80,1,0,0,2,4,0,0
189,27,100,2001,50,1,0,0,2,4,0,0
189,28,300,13186,1,1,0,0,2,4,1,0
189,29,3,0,200000,1,0,0,2,5,0,0
189,30,2,0,100,1,0,0,2,5,0,0
189,31,100,3005,50,1,0,0,2,5,0,0
189,32,100,1020005,300,1,0,0,2,5,0,0
189,33,100,10199001,75,1,0,0,2,5,0,0
189,34,100,2001,50,1,0,0,2,5,0,0
189,35,300,13187,1,1,0,0,2,5,1,0
189,36,3,0,200000,1,0,0,2,6,0,0
189,37,2,0,100,1,0,0,2,6,0,0
189,38,4,0,300,1,0,0,2,6,0,0
189,39,100,10199007,100,1,0,0,2,6,0,0
189,40,100,1140002,80,1,0,0,2,6,0,0
189,41,100,2001,50,1,0,0,2,6,0,0
189,42,300,13188,1,1,0,0,2,6,1,0
189,43,3,0,200000,1,0,0,2,7,0,0
189,44,2,0,100,1,0,0,2,7,0,0
189,45,100,3005,50,1,0,0,2,7,0,0
189,46,300,1068,1,1,0,0,2,7,0,0
189,47,100,10199002,125,1,0,0,2,7,0,0
189,48,100,2001,50,1,0,0,2,7,0,0
189,49,307,2106,1,1,0,0,2,7,1,0
189,50,3,0,500000,1,0,0,2,8,0,0
189,51,2,0,100,1,0,0,2,8,0,0
189,52,4,0,300,1,0,0,2,8,0,0
189,53,300,1078,1,1,0,0,2,8,0,0
189,54,100,1140003,80,1,0,0,2,8,0,0
189,55,100,2001,50,1,0,0,2,8,0,0
189,56,100,2901,1,1,0,0,2,8,1,0
190,1,100,1000023,100,1,0,0,1,1,0,0
190,2,3,0,500000,1,0,0,1,1,0,0
190,3,100,1000107,100,1,0,0,1,1,0,0
190,4,100,1020005,100,1,0,0,1,1,0,0
190,5,100,3505,10,1,0,0,1,1,0,0
190,6,28,0,50,1,0,0,1,1,0,0
190,7,100,1070001,200,1,0,0,1,1,1,0
191,1,3,0,500000,1,0,0,1,1,0,0
191,2,307,2160,1,1,0,0,1,1,0,0
191,3,100,1020005,100,1,0,0,1,1,0,0
191,4,100,3505,10,1,0,0,1,1,0,0
191,5,28,0,50,1,0,0,1,1,0,0
191,6,100,1070001,200,1,0,0,1,1,0,0
191,7,100,169,10,1,0,0,1,1,1,0
192,1,2,0,100,1,0,0,1,1,0,0
192,2,3,0,500000,1,0,0,1,1,0,0
192,3,307,2160,1,1,0,0,1,1,0,0
192,4,100,1020005,100,1,0,0,1,1,0,0
192,5,100,3505,10,1,0,0,1,1,0,0
192,6,28,0,50,1,0,0,1,1,0,0
192,7,100,1070001,200,1,0,0,1,1,1,0
193,1,100,300000956,1,1,0,0,1,1,0,0
193,2,100,1070001,200,1,0,0,1,1,0,0
193,3,28,0,70,1,0,0,1,1,0,0
193,4,100,1020005,200,1,0,0,1,1,0,0
193,5,100,1140002,70,1,0,0,1,1,0,0
193,6,100,3505,30,1,0,0,1,1,0,0
193,7,100,1140003,70,1,0,0,1,1,1,0
194,1,307,2323,1,1,0,0,1,1,0,0
194,2,2,0,100,1,0,0,1,1,0,0
194,3,300,2000,1,1,0,0,1,1,0,0
194,4,307,2160,1,1,0,0,1,1,0,0
194,5,100,1230001,70,1,0,0,1,1,0,0
194,6,100,1240002,70,1,0,0,1,1,0,0
194,7,100,1140001,70,1,0,0,1,1,1,0
195,1,2,0,100,1,0,0,1,1,0,0
195,2,3,0,500000,1,0,0,1,1,0,0
195,3,307,2160,1,1,0,0,1,1,0,0
195,4,100,1020005,100,1,0,0,1,1,0,0
195,5,100,3505,10,1,0,0,1,1,0,0
195,6,28,0,50,1,0,0,1,1,0,0
195,7,100,1070001,200,1,0,0,1,1,1,0
196,1,3,0,1000000,1,0,0,2,1,0,0
196,2,2,0,100,1,0,0,2,1,0,0
196,3,100,3005,50,1,0,0,2,1,0,0
196,4,307,2160,1,1,0,0,2,1,0,0
196,5,100,10199001,75,1,0,0,2,1,0,0
196,6,100,2001,50,1,0,0,2,1,0,0
196,7,100,2704,1,1,0,0,2,1,1,0
196,8,3,0,200000,1,0,0,2,2,0,0
196,9,2,0,100,1,0,0,2,2,0,0
196,10,4,0,300,1,0,0,2,2,0,0
196,11,307,2162,1,1,0,0,2,2,0,0
196,12,100,1140002,80,1,0,0,2,2,0,0
196,13,100,2001,50,1,0,0,2,2,0,0
196,14,300,13206,1,1,0,0,2,2,1,0
196,15,3,0,200000,1,0,0,2,3,0,0
196,16,2,0,100,1,0,0,2,3,0,0
196,17,100,3005,50,1,0,0,2,3,0,0
196,18,100,204010701,1,1,0,0,2,3,0,0
196,19,100,10199002,125,1,0,0,2,3,0,0
196,20,100,2001,50,1,0,0,2,3,0,0
196,21,307,2106,1,1,0,0,2,3,1,0
196,22,3,0,200000,1,0,0,2,4,0,0
196,23,2,0,100,1,0,0,2,4,0,0
196,24,4,0,300,1,0,0,2,4,0,0
196,25,100,1070001,200,1,0,0,2,4,0,0
196,26,100,1140003,80,1,0,0,2,4,0,0
196,27,100,2001,50,1,0,0,2,4,0,0
196,28,300,13207,1,1,0,0,2,4,1,0
196,29,3,0,200000,1,0,0,2,5,0,0
196,30,2,0,100,1,0,0,2,5,0,0
196,31,100,3005,50,1,0,0,2,5,0,0
196,32,100,1020005,300,1,0,0,2,5,0,0
196,33,100,10199001,75,1,0,0,2,5,0,0
196,34,100,2001,50,1,0,0,2,5,0,0
196,35,307,2106,1,1,0,0,2,5,1,0
196,36,3,0,200000,1,0,0,2,6,0,0
196,37,2,0,100,1,0,0,2,6,0,0
196,38,4,0,300,1,0,0,2,6,0,0
196,39,100,10199007,100,1,0,0,2,6,0,0
196,40,100,1140002,80,1,0,0,2,6,0,0
196,41,100,2001,50,1,0,0,2,6,0,0
196,42,300,13208,1,1,0,0,2,6,1,0
196,43,3,0,200000,1,0,0,2,7,0,0
196,44,2,0,100,1,0,0,2,7,0,0
196,45,100,3005,50,1,0,0,2,7,0,0
196,46,300,1068,1,1,0,0,2,7,0,0
196,47,100,10199002,125,1,0,0,2,7,0,0
196,48,100,2001,50,1,0,0,2,7,0,0
196,49,300,13209,1,1,0,0,2,7,1,0
196,50,3,0,500000,1,0,0,2,8,0,0
196,51,2,0,100,1,0,0,2,8,0,0
196,52,4,0,300,1,0,0,2,8,0,0
196,53,300,1078,1,1,0,0,2,8,0,0
196,54,100,1140003,80,1,0,0,2,8,0,0
196,55,100,2001,50,1,0,0,2,8,0,0
196,56,100,2901,1,1,0,0,2,8,1,0
197,1,307,2160,1,1,0,0,1,1,0,0
197,2,100,1140002,50,1,0,0,1,1,0,0
197,3,100,1020005,100,1,0,0,1,1,0,0
197,4,100,1140003,50,1,0,0,1,1,0,0
197,5,100,1070001,200,1,0,0,1,1,0,0
197,6,100,1140001,30,1,0,0,1,1,0,0
197,7,307,2258,1,1,0,0,1,1,1,0
198,1,100,1000079,100,1,0,0,1,1,0,0
198,2,3,0,500000,1,0,0,1,1,0,0
198,3,100,1000040,100,1,0,0,1,1,0,0
198,4,100,1020005,100,1,0,0,1,1,0,0
198,5,100,3505,10,1,0,0,1,1,0,0
198,6,28,0,50,1,0,0,1,1,0,0
198,7,100,1070001,200,1,0,0,1,1,1,0
199,1,2,0,100,1,0,0,1,1,0,0
199,2,3,0,500000,1,0,0,1,1,0,0
199,3,307,2160,1,1,0,0,1,1,0,0
199,4,100,1020005,100,1,0,0,1,1,0,0
199,5,100,3505,10,1,0,0,1,1,0,0
199,6,28,0,50,1,0,0,1,1,0,0
199,7,100,1070001,200,1,0,0,1,1,1,0
200,1,100,1000008,100,1,0,0,1,1,0,0
200,2,3,0,500000,1,0,0,1,1,0,0
200,3,100,1000071,100,1,0,0,1,1,0,0
200,4,100,1020005,100,1,0,0,1,1,0,0
200,5,100,3505,10,1,0,0,1,1,0,0
200,6,28,0,50,1,0,0,1,1,0,0
200,7,100,1070001,200,1,0,0,1,1,1,0
201,1,307,2244,1,1,0,0,1,1,0,0
201,2,3,0,500000,1,0,0,1,1,0,0
201,3,100,1000126,100,1,0,0,1,1,0,0
201,4,100,1020005,100,1,0,0,1,1,0,0
201,5,100,3505,10,1,0,0,1,1,0,0
201,6,28,0,50,1,0,0,1,1,0,0
201,7,100,183,10,1,0,0,1,1,1,0
202,1,2,0,100,1,0,0,1,1,0,0
202,2,3,0,500000,1,0,0,1,1,0,0
202,3,307,2160,1,1,0,0,1,1,0,0
202,4,100,1020005,100,1,0,0,1,1,0,0
202,5,100,3505,10,1,0,0,1,1,0,0
202,6,28,0,50,1,0,0,1,1,0,0
202,7,100,1070001,200,1,0,0,1,1,1,0
203,1,3,0,1000000,1,0,0,2,1,0,0
203,2,2,0,100,1,0,0,2,1,0,0
203,3,100,3005,50,1,0,0,2,1,0,0
203,4,307,2160,1,1,0,0,2,1,0,0
203,5,100,10199001,75,1,0,0,2,1,0,0
203,6,100,2001,50,1,0,0,2,1,0,0
203,7,100,2505,1,1,0,0,2,1,1,0
203,8,3,0,200000,1,0,0,2,2,0,0
203,9,2,0,100,1,0,0,2,2,0,0
203,10,4,0,300,1,0,0,2,2,0,0
203,11,307,2162,1,1,0,0,2,2,0,0
203,12,100,1140002,80,1,0,0,2,2,0,0
203,13,100,2001,50,1,0,0,2,2,0,0
203,14,300,13315,1,1,0,0,2,2,1,0
203,15,3,0,200000,1,0,0,2,3,0,0
203,16,2,0,100,1,0,0,2,3,0,0
203,17,100,3005,50,1,0,0,2,3,0,0
203,18,100,204010701,1,1,0,0,2,3,0,0
203,19,100,10199002,125,1,0,0,2,3,0,0
203,20,100,2001,50,1,0,0,2,3,0,0
203,21,300,1819,1,1,0,0,2,3,1,0
203,22,3,0,200000,1,0,0,2,4,0,0
203,23,2,0,100,1,0,0,2,4,0,0
203,24,4,0,300,1,0,0,2,4,0,0
203,25,100,1070001,200,1,0,0,2,4,0,0
203,26,100,1140003,80,1,0,0,2,4,0,0
203,27,100,2001,50,1,0,0,2,4,0,0
203,28,300,13316,1,1,0,0,2,4,1,0
203,29,3,0,200000,1,0,0,2,5,0,0
203,30,2,0,100,1,0,0,2,5,0,0
203,31,100,3005,50,1,0,0,2,5,0,0
203,32,100,1020005,300,1,0,0,2,5,0,0
203,33,100,10199001,75,1,0,0,2,5,0,0
203,34,100,2001,50,1,0,0,2,5,0,0
203,35,300,1820,1,1,0,0,2,5,1,0
203,36,3,0,200000,1,0,0,2,6,0,0
203,37,2,0,100,1,0,0,2,6,0,0
203,38,4,0,300,1,0,0,2,6,0,0
203,39,100,10199007,100,1,0,0,2,6,0,0
203,40,100,1140002,80,1,0,0,2,6,0,0
203,41,100,2001,50,1,0,0,2,6,0,0
203,42,300,13317,1,1,0,0,2,6,1,0
203,43,3,0,200000,1,0,0,2,7,0,0
203,44,2,0,100,1,0,0,2,7,0,0
203,45,100,3005,50,1,0,0,2,7,0,0
203,46,300,1068,1,1,0,0,2,7,0,0
203,47,100,10199002,125,1,0,0,2,7,0,0
203,48,100,2001,50,1,0,0,2,7,0,0
203,49,307,2106,1,1,0,0,2,7,1,0
203,50,3,0,500000,1,0,0,2,8,0,0
203,51,2,0,100,1,0,0,2,8,0,0
203,52,4,0,300,1,0,0,2,8,0,0
203,53,300,1078,1,1,0,0,2,8,0,0
203,54,100,1140003,80,1,0,0,2,8,0,0
203,55,100,2001,50,1,0,0,2,8,0,0
203,56,100,2901,1,1,0,0,2,8,1,0
204,1,100,1000002,100,1,0,0,1,1,0,0
204,2,3,0,500000,1,0,0,1,1,0,0
204,3,307,2160,1,1,0,0,1,1,0,0
204,4,100,1020005,100,1,0,0,1,1,0,0
204,5,100,3505,10,1,0,0,1,1,0,0
204,6,28,0,50,1,0,0,1,1,0,0
204,7,100,1070001,200,1,0,0,1,1,1,0
205,1,2,0,100,1,0,0,1,1,0,0
205,2,3,0,500000,1,0,0,1,1,0,0
205,3,100,1000070,100,1,0,0,1,1,0,0
205,4,100,1020005,100,1,0,0,1,1,0,0
205,5,100,3505,10,1,0,0,1,1,0,0
205,6,28,0,50,1,0,0,1,1,0,0
205,7,100,1070001,200,1,0,0,1,1,1,0
206,1,100,1070001,200,1,0,0,1,1,0,0
206,2,28,0,70,1,0,0,1,1,0,0
206,3,100,1020005,200,1,0,0,1,1,0,0
206,4,100,1140002,70,1,0,0,1,1,0,0
206,5,100,3505,10,1,0,0,1,1,0,0
206,6,100,1140003,70,1,0,0,1,1,0,0
206,7,4,0,100,1,0,0,1,1,1,0
207,1,2,0,100,1,0,0,1,1,0,0
207,2,3,0,500000,1,0,0,1,1,0,0
207,3,100,1000055,100,1,0,0,1,1,0,0
207,4,100,1020005,100,1,0,0,1,1,0,0
207,5,100,3505,10,1,0,0,1,1,0,0
207,6,28,0,50,1,0,0,1,1,0,0
207,7,100,1070001,200,1,0,0,1,1,1,0
208,1,100,1000042,100,1,0,0,1,1,0,0
208,2,3,0,500000,1,0,0,1,1,0,0
208,3,100,1000234,100,1,0,0,1,1,0,0
208,4,100,1020005,100,1,0,0,1,1,0,0
208,5,100,3505,10,1,0,0,1,1,0,0
208,6,28,0,50,1,0,0,1,1,0,0
208,7,100,1070001,200,1,0,0,1,1,1,0
209,1,2,0,100,1,0,0,1,1,0,0
209,2,3,0,500000,1,0,0,1,1,0,0
209,3,307,2160,1,1,0,0,1,1,0,0
209,4,100,1020005,100,1,0,0,1,1,0,0
209,5,100,3505,10,1,0,0,1,1,0,0
209,6,28,0,50,1,0,0,1,1,0,0
209,7,100,1070001,200,1,0,0,1,1,1,0
210,1,100,1000038,100,1,0,0,1,1,0,0
210,2,3,0,500000,1,0,0,1,1,0,0
210,3,100,1000177,100,1,0,0,1,1,0,0
210,4,100,1020005,100,1,0,0,1,1,0,0
210,5,100,3505,10,1,0,0,1,1,0,0
210,6,28,0,50,1,0,0,1,1,0,0
210,7,100,189,10,1,0,0,1,1,1,0
211,1,3,0,1000000,1,0,0,2,1,0,0
211,2,2,0,100,1,0,0,2,1,0,0
211,3,100,3005,50,1,0,0,2,1,0,0
211,4,307,2160,1,1,0,0,2,1,0,0
211,5,100,10199001,75,1,0,0,2,1,0,0
211,6,100,2001,50,1,0,0,2,1,0,0
211,7,100,2505,1,1,0,0,2,1,1,0
211,8,3,0,200000,1,0,0,2,2,0,0
211,9,2,0,100,1,0,0,2,2,0,0
211,10,4,0,300,1,0,0,2,2,0,0
211,11,307,2162,1,1,0,0,2,2,0,0
211,12,100,1140002,80,1,0,0,2,2,0,0
211,13,100,2001,50,1,0,0,2,2,0,0
211,14,300,1629,1,1,0,0,2,2,1,0
211,15,3,0,200000,1,0,0,2,3,0,0
211,16,2,0,100,1,0,0,2,3,0,0
211,17,100,3005,50,1,0,0,2,3,0,0
211,18,100,204010701,1,1,0,0,2,3,0,0
211,19,100,10199002,125,1,0,0,2,3,0,0
211,20,100,2001,50,1,0,0,2,3,0,0
211,21,300,1842,1,1,0,0,2,3,1,0
211,22,3,0,200000,1,0,0,2,4,0,0
211,23,2,0,100,1,0,0,2,4,0,0
211,24,4,0,300,1,0,0,2,4,0,0
211,25,100,1070001,200,1,0,0,2,4,0,0
211,26,100,1140003,80,1,0,0,2,4,0,0
211,27,100,2001,50,1,0,0,2,4,0,0
211,28,300,13326,1,1,0,0,2,4,1,0
211,29,3,0,200000,1,0,0,2,5,0,0
211,30,2,0,100,1,0,0,2,5,0,0
211,31,100,3005,50,1,0,0,2,5,0,0
211,32,100,1020005,300,1,0,0,2,5,0,0
211,33,100,10199001,75,1,0,0,2,5,0,0
211,34,100,2001,50,1,0,0,2,5,0,0
211,35,300,13327,1,1,0,0,2,5,1,0
211,36,3,0,200000,1,0,0,2,6,0,0
211,37,2,0,100,1,0,0,2,6,0,0
211,38,4,0,300,1,0,0,2,6,0,0
211,39,100,10199007,100,1,0,0,2,6,0,0
211,40,100,1140002,80,1,0,0,2,6,0,0
211,41,100,2001,50,1,0,0,2,6,0,0
211,42,300,1632,1,1,0,0,2,6,1,0
211,43,3,0,200000,1,0,0,2,7,0,0
211,44,2,0,100,1,0,0,2,7,0,0
211,45,100,3005,50,1,0,0,2,7,0,0
211,46,300,1068,1,1,0,0,2,7,0,0
211,47,100,10199002,125,1,0,0,2,7,0,0
211,48,100,2001,50,1,0,0,2,7,0,0
211,49,307,2106,1,1,0,0,2,7,1,0
211,50,3,0,500000,1,0,0,2,8,0,0
211,51,2,0,100,1,0,0,2,8,0,0
211,52,4,0,300,1,0,0,2,8,0,0
211,53,300,1078,1,1,0,0,2,8,0,0
211,54,100,1140003,80,1,0,0,2,8,0,0
211,55,100,2001,50,1,0,0,2,8,0,0
211,56,100,2901,1,1,0,0,2,8,1,0
212,1,307,2160,1,1,0,0,1,1,0,0
212,2,3,0,500000,1,0,0,1,1,0,0
212,3,100,1000154,100,1,0,0,1,1,0,0
212,4,100,1020005,100,1,0,0,1,1,0,0
212,5,100,3505,10,1,0,0,1,1,0,0
212,6,28,0,50,1,0,0,1,1,0,0
212,7,100,1070001,200,1,0,0,1,1,1,0
213,1,100,1000001,100,1,0,0,1,1,0,0
213,2,3,0,500000,1,0,0,1,1,0,0
213,3,100,1000032,100,1,0,0,1,1,0,0
213,4,100,1020005,100,1,0,0,1,1,0,0
213,5,100,3505,10,1,0,0,1,1,0,0
213,6,28,0,50,1,0,0,1,1,0,0
213,7,100,1070001,200,1,0,0,1,1,1,0
214,1,100,1000127,100,1,0,0,1,1,0,0
214,2,3,0,500000,1,0,0,1,1,0,0
214,3,100,1000159,100,1,0,0,1,1,0,0
214,4,2,0,100,1,0,0,1,1,0,0
214,5,100,3505,10,1,0,0,1,1,0,0
214,6,28,0,50,1,0,0,1,1,0,0
214,7,100,1070001,200,1,0,0,1,1,1,0
215,1,307,2244,1,1,0,0,1,1,0,0
215,2,100,1070001,200,1,0,0,1,1,0,0
215,3,28,0,70,1,0,0,1,1,0,0
215,4,100,1020005,100,1,0,0,1,1,0,0
215,5,100,1140002,70,1,0,0,1,1,0,0
215,6,100,1140003,70,1,0,0,1,1,0,0
215,7,100,202,10,1,0,0,1,1,1,0
216,1,3,0,500000,1,0,0,1,1,0,0
216,2,307,2160,1,1,0,0,1,1,0,0
216,3,100,1020005,100,1,0,0,1,1,0,0
216,4,100,3505,10,1,0,0,1,1,0,0
216,5,28,0,50,1,0,0,1,1,0,0
216,6,100,1070001,200,1,0,0,1,1,0,0
216,7,4,0,230,1,0,0,1,1,1,0
217,1,100,1000212,100,1,0,0,1,1,0,0
217,2,3,0,500000,1,0,0,1,1,0,0
217,3,100,1000211,100,1,0,0,1,1,0,0
217,4,100,1020005,100,1,0,0,1,1,0,0
217,5,100,3505,10,1,0,0,1,1,0,0
217,6,28,0,50,1,0,0,1,1,0,0
217,7,100,1070001,200,1,0,0,1,1,1,0
218,1,2,0,100,1,0,0,1,1,0,0
218,2,3,0,500000,1,0,0,1,1,0,0
218,3,100,1070001,200,1,0,0,1,1,0,0
218,4,28,0,70,1,0,0,1,1,0,0
218,5,100,1020005,100,1,0,0,1,1,0,0
218,6,100,1140002,70,1,0,0,1,1,0,0
218,7,100,1140003,70,1,0,0,1,1,1,0
219,1,2,0,100,1,0,0,1,1,0,0
219,2,3,0,500000,1,0,0,1,1,0,0
219,3,100,1070001,200,1,0,0,1,1,0,0
219,4,28,0,70,1,0,0,1,1,0,0
219,5,100,1020005,100,1,0,0,1,1,0,0
219,6,100,2951,1,1,0,0,1,1,0,0
219,7,100,8198,1,1,0,0,1,1,1,0
220,1,3,0,1000000,1,0,0,2,1,0,0
220,2,2,0,100,1,0,0,2,1,0,0
220,3,100,3005,50,1,0,0,2,1,0,0
220,4,307,2160,1,1,0,0,2,1,0,0
220,5,100,10199001,150,1,0,0,2,1,0,0
220,6,100,2001,50,1,0,0,2,1,0,0
220,7,100,2505,1,1,0,0,2,1,1,0
220,8,3,0,500000,1,0,0,2,2,0,0
220,9,2,0,100,1,0,0,2,2,0,0
220,10,4,0,300,1,0,0,2,2,0,0
220,11,307,2162,1,1,0,0,2,2,0,0
220,12,100,1140002,100,1,0,0,2,2,0,0
220,13,100,2051,5,1,0,0,2,2,0,0
220,14,300,1133,1,1,0,0,2,2,1,0
220,15,3,0,500000,1,0,0,2,3,0,0
220,16,2,0,100,1,0,0,2,3,0,0
220,17,100,3005,50,1,0,0,2,3,0,0
220,18,100,204010701,1,1,0,0,2,3,0,0
220,19,100,10199002,250,1,0,0,2,3,0,0
220,20,100,2001,50,1,0,0,2,3,0,0
220,21,307,2106,1,1,0,0,2,3,1,0
220,22,3,0,500000,1,0,0,2,4,0,0
220,23,2,0,100,1,0,0,2,4,0,0
220,24,4,0,300,1,0,0,2,4,0,0
220,25,100,1070001,300,1,0,0,2,4,0,0
220,26,100,1140003,100,1,0,0,2,4,0,0
220,27,100,2051,5,1,0,0,2,4,0,0
220,28,300,1133,1,1,0,0,2,4,1,0
220,29,3,0,500000,1,0,0,2,5,0,0
220,30,2,0,100,1,0,0,2,5,0,0
220,31,100,3005,50,1,0,0,2,5,0,0
220,32,100,1020005,300,1,0,0,2,5,0,0
220,33,300,1110,1,1,0,0,2,5,0,0
220,34,100,2001,50,1,0,0,2,5,0,0
220,35,307,2106,1,1,0,0,2,5,1,0
220,36,3,0,500000,1,0,0,2,6,0,0
220,37,2,0,100,1,0,0,2,6,0,0
220,38,4,0,300,1,0,0,2,6,0,0
220,39,100,10199007,100,1,0,0,2,6,0,0
220,40,100,1140002,100,1,0,0,2,6,0,0
220,41,100,2051,5,1,0,0,2,6,0,0
220,42,300,1133,1,1,0,0,2,6,1,0
220,43,3,0,500000,1,0,0,2,7,0,0
220,44,2,0,100,1,0,0,2,7,0,0
220,45,100,3005,50,1,0,0,2,7,0,0
220,46,300,1069,1,1,0,0,2,7,0,0
220,47,100,3503,30,1,0,0,2,7,0,0
220,48,100,2001,50,1,0,0,2,7,0,0
220,49,307,2106,1,1,0,0,2,7,1,0
220,50,3,0,1000000,1,0,0,2,8,0,0
220,51,2,0,100,1,0,0,2,8,0,0
220,52,4,0,300,1,0,0,2,8,0,0
220,53,300,1078,1,1,0,0,2,8,0,0
220,54,100,1140003,100,1,0,0,2,8,0,0
220,55,100,2051,5,1,0,0,2,8,0,0
220,56,100,2901,1,1,0,0,2,8,1,0
221,1,100,1000010,100,1,0,0,1,1,0,0
221,2,3,0,500000,1,0,0,1,1,0,0
221,3,100,1000231,100,1,0,0,1,1,0,0
221,4,100,1020005,100,1,0,0,1,1,0,0
221,5,100,3505,10,1,0,0,1,1,0,0
221,6,28,0,50,1,0,0,1,1,0,0
221,7,100,1070001,200,1,0,0,1,1,1,0
222,1,3,0,500000,1,0,0,1,1,0,0
222,2,307,2160,1,1,0,0,1,1,0,0
222,3,100,1020005,100,1,0,0,1,1,0,0
222,4,100,3505,10,1,0,0,1,1,0,0
222,5,28,0,50,1,0,0,1,1,0,0
222,6,100,1070001,214,1,0,0,1,1,0,0
222,7,4,0,100,1,0,0,1,1,1,0
223,1,100,1000049,100,1,0,0,1,1,0,0
223,2,3,0,500000,1,0,0,1,1,0,0
223,3,100,1000051,100,1,0,0,1,1,0,0
223,4,100,1020005,100,1,0,0,1,1,0,0
223,5,100,3505,10,1,0,0,1,1,0,0
223,6,28,0,50,1,0,0,1,1,0,0
223,7,100,1070001,200,1,0,0,1,1,1,0
224,1,307,2244,1,1,0,0,1,1,0,0
224,2,3,0,500000,1,0,0,1,1,0,0
224,3,307,2244,1,1,0,0,1,1,0,0
224,4,100,1120001,100,1,0,0,1,1,0,0
224,5,100,3505,10,1,0,0,1,1,0,0
224,6,28,0,50,1,0,0,1,1,0,0
224,7,100,1110001,200,1,0,0,1,1,1,0
225,1,2,0,100,1,0,0,1,1,0,0
225,2,3,0,500000,1,0,0,1,1,0,0
225,3,307,2160,1,1,0,0,1,1,0,0
225,4,100,1020005,100,1,0,0,1,1,0,0
225,5,100,3505,10,1,0,0,1,1,0,0
225,6,28,0,50,1,0,0,1,1,0,0
225,7,100,1070001,200,1,0,0,1,1,1,0
226,1,100,1000017,100,1,0,0,1,1,0,0
226,2,3,0,500000,1,0,0,1,1,0,0
226,3,100,1000018,100,1,0,0,1,1,0,0
226,4,100,1020005,100,1,0,0,1,1,0,0
226,5,100,3505,10,1,0,0,1,1,0,0
226,6,28,0,50,1,0,0,1,1,0,0
226,7,100,1070001,200,1,0,0,1,1,1,0
227,1,307,2160,1,1,0,0,1,1,0,0
227,2,3,0,500000,1,0,0,1,1,0,0
227,3,100,1000087,100,1,0,0,1,1,0,0
227,4,100,1020005,100,1,0,0,1,1,0,0
227,5,28,0,50,1,0,0,1,1,0,0
227,6,100,1070001,200,1,0,0,1,1,0,0
227,7,100,212,10,1,0,0,1,1,1,0
228,1,2,0,100,1,0,0,1,1,0,0
228,2,3,0,500000,1,0,0,1,1,0,0
228,3,307,2160,1,1,0,0,1,1,0,0
228,4,100,1020005,100,1,0,0,1,1,0,0
228,5,100,3505,10,1,0,0,1,1,0,0
228,6,28,0,50,1,0,0,1,1,0,0
228,7,100,1070001,200,1,0,0,1,1,1,0
229,1,100,300000966,1,1,0,0,1,1,0,0
229,2,100,1070001,200,1,0,0,1,1,0,0
229,3,28,0,80,1,0,0,1,1,0,0
229,4,100,1020005,200,1,0,0,1,1,0,0
229,5,100,1140002,80,1,0,0,1,1,0,0
229,6,100,3505,30,1,0,0,1,1,0,0
229,7,100,1140003,80,1,0,0,1,1,1,0
230,1,307,2392,1,1,0,0,1,1,0,0
230,2,2,0,100,1,0,0,1,1,0,0
230,3,300,1069,1,1,0,0,1,1,0,0
230,4,100,20106001,1,1,0,0,1,1,0,0
230,5,100,1230001,80,1,0,0,1,1,0,0
230,6,100,1240002,80,1,0,0,1,1,0,0
230,7,100,1140001,80,1,0,0,1,1,1,0
231,1,2,0,100,1,0,0,1,1,0,0
231,2,100,1330001,20,1,0,0,1,1,0,0
231,3,307,2160,1,1,0,0,1,1,0,0
231,4,100,1330002,30,1,0,0,1,1,0,0
231,5,100,3505,10,1,0,0,1,1,0,0
231,6,28,0,50,1,0,0,1,1,0,0
231,7,100,1330003,30,1,0,0,1,1,1,0
232,1,3,0,1000000,1,0,0,2,1,0,0
232,2,2,0,100,1,0,0,2,1,0,0
232,3,100,3005,50,1,0,0,2,1,0,0
232,4,307,2160,1,1,0,0,2,1,0,0
232,5,100,10199001,150,1,0,0,2,1,0,0
232,6,100,2001,50,1,0,0,2,1,0,0
232,7,100,2704,1,1,0,0,2,1,1,0
232,8,3,0,500000,1,0,0,2,2,0,0
232,9,2,0,100,1,0,0,2,2,0,0
232,10,4,0,300,1,0,0,2,2,0,0
232,11,307,2162,1,1,0,0,2,2,0,0
232,12,100,1140002,100,1,0,0,2,2,0,0
232,13,100,2051,5,1,0,0,2,2,0,0
232,14,300,1133,1,1,0,0,2,2,1,0
232,15,3,0,500000,1,0,0,2,3,0,0
232,16,2,0,100,1,0,0,2,3,0,0
232,17,100,3005,50,1,0,0,2,3,0,0
232,18,100,204010701,1,1,0,0,2,3,0,0
232,19,100,10199002,250,1,0,0,2,3,0,0
232,20,100,2001,50,1,0,0,2,3,0,0
232,21,307,2106,1,1,0,0,2,3,1,0
232,22,3,0,500000,1,0,0,2,4,0,0
232,23,2,0,100,1,0,0,2,4,0,0
232,24,4,0,300,1,0,0,2,4,0,0
232,25,100,1070001,300,1,0,0,2,4,0,0
232,26,100,1140003,100,1,0,0,2,4,0,0
232,27,100,2051,5,1,0,0,2,4,0,0
232,28,300,1133,1,1,0,0,2,4,1,0
232,29,3,0,500000,1,0,0,2,5,0,0
232,30,2,0,100,1,0,0,2,5,0,0
232,31,100,3005,50,1,0,0,2,5,0,0
232,32,100,1020005,300,1,0,0,2,5,0,0
232,33,300,1110,1,1,0,0,2,5,0,0
232,34,100,2001,50,1,0,0,2,5,0,0
232,35,307,2106,1,1,0,0,2,5,1,0
232,36,3,0,500000,1,0,0,2,6,0,0
232,37,2,0,100,1,0,0,2,6,0,0
232,38,4,0,300,1,0,0,2,6,0,0
232,39,100,10199007,100,1,0,0,2,6,0,0
232,40,100,1140002,100,1,0,0,2,6,0,0
232,41,100,2051,5,1,0,0,2,6,0,0
232,42,300,1133,1,1,0,0,2,6,1,0
232,43,3,0,500000,1,0,0,2,7,0,0
232,44,2,0,100,1,0,0,2,7,0,0
232,45,100,3005,50,1,0,0,2,7,0,0
232,46,300,1069,1,1,0,0,2,7,0,0
232,47,100,3503,30,1,0,0,2,7,0,0
232,48,100,2001,50,1,0,0,2,7,0,0
232,49,307,2106,1,1,0,0,2,7,1,0
232,50,3,0,1000000,1,0,0,2,8,0,0
232,51,2,0,100,1,0,0,2,8,0,0
232,52,4,0,300,1,0,0,2,8,0,0
232,53,300,1078,1,1,0,0,2,8,0,0
232,54,100,1140003,100,1,0,0,2,8,0,0
232,55,100,2051,5,1,0,0,2,8,0,0
232,56,100,2901,1,1,0,0,2,8,1,0
233,1,100,1000065,100,1,0,0,1,1,0,0
233,2,3,0,500000,1,0,0,1,1,0,0
233,3,100,1000236,100,1,0,0,1,1,0,0
233,4,100,1020005,100,1,0,0,1,1,0,0
233,5,100,20006001,1,1,0,0,1,1,0,0
233,6,28,0,60,1,0,0,1,1,0,0
233,7,100,1070001,200,1,0,0,1,1,1,0
234,1,307,2244,1,1,0,0,1,1,0,0
234,2,3,0,500000,1,0,0,1,1,0,0
234,3,307,2244,1,1,0,0,1,1,0,0
234,4,100,1120001,100,1,0,0,1,1,0,0
234,5,100,20106001,1,1,0,0,1,1,0,0
234,6,28,0,60,1,0,0,1,1,0,0
234,7,100,1110001,200,1,0,0,1,1,1,0
235,1,100,1000066,100,1,0,0,1,1,0,0
235,2,2,0,100,1,0,0,1,1,0,0
235,3,307,2160,1,1,0,0,1,1,0,0
235,4,28,0,100,1,0,0,1,1,0,0
235,5,300,13489,1,1,0,0,1,1,0,0
235,6,100,3505,10,1,0,0,1,1,0,0
235,7,4,0,100,1,0,0,1,1,1,0
236,1,3,0,1000000,1,0,0,2,1,0,0
236,2,2,0,100,1,0,0,2,1,0,0
236,3,100,3005,50,1,0,0,2,1,0,0
236,4,307,2160,1,1,0,0,2,1,0,0
236,5,100,10199001,150,1,0,0,2,1,0,0
236,6,100,2001,50,1,0,0,2,1,0,0
236,7,100,2505,1,1,0,0,2,1,1,0
236,8,3,0,500000,1,0,0,2,2,0,0
236,9,2,0,100,1,0,0,2,2,0,0
236,10,4,0,300,1,0,0,2,2,0,0
236,11,307,2162,1,1,0,0,2,2,0,0
236,12,100,1140002,100,1,0,0,2,2,0,0
236,13,100,2051,5,1,0,0,2,2,0,0
236,14,300,1133,1,1,0,0,2,2,1,0
236,15,3,0,500000,1,0,0,2,3,0,0
236,16,2,0,100,1,0,0,2,3,0,0
236,17,100,3005,50,1,0,0,2,3,0,0
236,18,100,204010701,1,1,0,0,2,3,0,0
236,19,100,10199002,250,1,0,0,2,3,0,0
236,20,100,2001,50,1,0,0,2,3,0,0
236,21,307,2106,1,1,0,0,2,3,1,0
236,22,3,0,500000,1,0,0,2,4,0,0
236,23,2,0,100,1,0,0,2,4,0,0
236,24,4,0,300,1,0,0,2,4,0,0
236,25,100,1070001,300,1,0,0,2,4,0,0
236,26,100,1140003,100,1,0,0,2,4,0,0
236,27,100,2051,5,1,0,0,2,4,0,0
236,28,300,1133,1,1,0,0,2,4,1,0
236,29,3,0,500000,1,0,0,2,5,0,0
236,30,2,0,100,1,0,0,2,5,0,0
236,31,100,3005,50,1,0,0,2,5,0,0
236,32,100,1020005,300,1,0,0,2,5,0,0
236,33,300,1110,1,1,0,0,2,5,0,0
236,34,100,2001,50,1,0,0,2,5,0,0
236,35,307,2106,1,1,0,0,2,5,1,0
236,36,3,0,500000,1,0,0,2,6,0,0
236,37,2,0,100,1,0,0,2,6,0,0
236,38,4,0,300,1,0,0,2,6,0,0
236,39,100,10199007,100,1,0,0,2,6,0,0
236,40,100,1140002,100,1,0,0,2,6,0,0
236,41,100,2051,5,1,0,0,2,6,0,0
236,42,300,1133,1,1,0,0,2,6,1,0
236,43,3,0,500000,1,0,0,2,7,0,0
236,44,2,0,100,1,0,0,2,7,0,0
236,45,100,3005,50,1,0,0,2,7,0,0
236,46,300,1069,1,1,0,0,2,7,0,0
236,47,100,3503,30,1,0,0,2,7,0,0
236,48,100,2001,50,1,0,0,2,7,0,0
236,49,307,2106,1,1,0,0,2,7,1,0
236,50,3,0,1000000,1,0,0,2,8,0,0
236,51,2,0,100,1,0,0,2,8,0,0
236,52,4,0,300,1,0,0,2,8,0,0
236,53,300,1078,1,1,0,0,2,8,0,0
236,54,100,1140003,100,1,0,0,2,8,0,0
236,55,100,2051,5,1,0,0,2,8,0,0
236,56,100,2901,1,1,0,0,2,8,1,0
237,1,100,1000020,100,1,0,0,1,1,0,0
237,2,3,0,500000,1,0,0,1,1,0,0
237,3,100,1000098,100,1,0,0,1,1,0,0
237,4,100,1020005,100,1,0,0,1,1,0,0
237,5,100,3505,10,1,0,0,1,1,0,0
237,6,28,0,60,1,0,0,1,1,0,0
237,7,100,1070001,200,1,0,0,1,1,1,0
238,1,307,2160,1,1,0,0,1,1,0,0
238,2,3,0,500000,1,0,0,1,1,0,0
238,3,100,1000134,100,1,0,0,1,1,0,0
238,4,100,1020005,100,1,0,0,1,1,0,0
238,5,28,0,60,1,0,0,1,1,0,0
238,6,100,1070001,200,1,0,0,1,1,0,0
238,7,100,232,10,1,0,0,1,1,1,0
239,1,2,0,100,1,0,0,1,1,0,0
239,2,3,0,500000,1,0,0,1,1,0,0
239,3,307,2160,1,1,0,0,1,1,0,0
239,4,100,1020005,100,1,0,0,1,1,0,0
239,5,100,3505,10,1,0,0,1,1,0,0
239,6,28,0,60,1,0,0,1,1,0,0
239,7,100,1070001,200,1,0,0,1,1,1,0
240,1,100,1000165,100,1,0,0,1,1,0,0
240,2,3,0,500000,1,0,0,1,1,0,0
240,3,100,1000188,100,1,0,0,1,1,0,0
240,4,100,1120001,100,1,0,0,1,1,0,0
240,5,100,3505,10,1,0,0,1,1,0,0
240,6,28,0,60,1,0,0,1,1,0,0
240,7,100,1110001,200,1,0,0,1,1,1,0
241,1,100,1000037,100,1,0,0,1,1,0,0
241,2,3,0,500000,1,0,0,1,1,0,0
241,3,100,1000154,100,1,0,0,1,1,0,0
241,4,100,1020005,100,1,0,0,1,1,0,0
241,5,100,3505,10,1,0,0,1,1,0,0
241,6,28,0,60,1,0,0,1,1,0,0
241,7,100,1070001,200,1,0,0,1,1,1,0
242,1,2,0,100,1,0,0,1,1,0,0
242,2,3,0,500000,1,0,0,1,1,0,0
242,3,100,1070001,200,1,0,0,1,1,0,0
242,4,28,0,70,1,0,0,1,1,0,0
242,5,100,1020005,100,1,0,0,1,1,0,0
242,6,100,1140002,70,1,0,0,1,1,0,0
242,7,100,1140003,70,1,0,0,1,1,1,0
243,1,100,1000261,100,1,0,0,1,1,0,0
243,2,3,0,500000,1,0,0,1,1,0,0
243,3,100,1000053,100,1,0,0,1,1,0,0
243,4,100,1020005,100,1,0,0,1,1,0,0
243,5,100,3505,10,1,0,0,1,1,0,0
243,6,28,0,60,1,0,0,1,1,0,0
243,7,100,1070001,200,1,0,0,1,1,1,0
244,1,100,1000004,100,1,0,0,1,1,0,0
244,2,3,0,500000,1,0,0,1,1,0,0
244,3,100,1000081,100,1,0,0,1,1,0,0
244,4,100,1020005,100,1,0,0,1,1,0,0
244,5,100,3505,10,1,0,0,1,1,0,0
244,6,28,0,60,1,0,0,1,1,0,0
244,7,100,250,10,1,0,0,1,1,1,0
245,1,2,0,100,1,0,0,1,1,0,0
245,2,3,0,500000,1,0,0,1,1,0,0
245,3,100,1070001,200,1,0,0,1,1,0,0
245,4,28,0,70,1,0,0,1,1,0,0
245,5,300,1078,1,1,0,0,1,1,0,0
245,6,100,1140002,70,1,0,0,1,1,0,0
245,7,100,1140003,70,1,0,0,1,1,1,0
246,1,100,1000026,100,1,0,0,1,1,0,0
246,2,3,0,500000,1,0,0,1,1,0,0
246,3,100,1000070,100,1,0,0,1,1,0,0
246,4,100,1020005,100,1,0,0,1,1,0,0
246,5,100,3505,10,1,0,0,1,1,0,0
246,6,28,0,60,1,0,0,1,1,0,0
246,7,100,1070001,200,1,0,0,1,1,1,0
247,1,2,0,100,1,0,0,1,1,0,0
247,2,3,0,500000,1,0,0,1,1,0,0
247,3,307,2160,1,1,0,0,1,1,0,0
247,4,100,1020005,100,1,0,0,1,1,0,0
247,5,100,3505,10,1,0,0,1,1,0,0
247,6,28,0,60,1,0,0,1,1,0,0
247,7,100,1070001,200,1,0,0,1,1,1,0
248,1,3,0,1000000,1,0,0,2,1,0,0
248,2,2,0,100,1,0,0,2,1,0,0
248,3,100,3005,50,1,0,0,2,1,0,0
248,4,307,2160,1,1,0,0,2,1,0,0
248,5,100,10199001,150,1,0,0,2,1,0,0
248,6,100,2001,50,1,0,0,2,1,0,0
248,7,100,2505,1,1,0,0,2,1,1,0
248,8,3,0,500000,1,0,0,2,2,0,0
248,9,2,0,100,1,0,0,2,2,0,0
248,10,4,0,300,1,0,0,2,2,0,0
248,11,307,2162,1,1,0,0,2,2,0,0
248,12,100,1140002,100,1,0,0,2,2,0,0
248,13,100,2051,5,1,0,0,2,2,0,0
248,14,300,1133,1,1,0,0,2,2,1,0
248,15,3,0,500000,1,0,0,2,3,0,0
248,16,2,0,100,1,0,0,2,3,0,0
248,17,100,3005,50,1,0,0,2,3,0,0
248,18,100,204010701,1,1,0,0,2,3,0,0
248,19,100,10199002,250,1,0,0,2,3,0,0
248,20,100,2001,50,1,0,0,2,3,0,0
248,21,307,2106,1,1,0,0,2,3,1,0
248,22,3,0,500000,1,0,0,2,4,0,0
248,23,2,0,100,1,0,0,2,4,0,0
248,24,4,0,300,1,0,0,2,4,0,0
248,25,100,1070001,300,1,0,0,2,4,0,0
248,26,100,1140003,100,1,0,0,2,4,0,0
248,27,100,2051,5,1,0,0,2,4,0,0
248,28,300,1133,1,1,0,0,2,4,1,0
248,29,3,0,500000,1,0,0,2,5,0,0
248,30,2,0,100,1,0,0,2,5,0,0
248,31,100,3005,50,1,0,0,2,5,0,0
248,32,100,1020005,300,1,0,0,2,5,0,0
248,33,300,1110,1,1,0,0,2,5,0,0
248,34,100,2001,50,1,0,0,2,5,0,0
248,35,307,2106,1,1,0,0,2,5,1,0
248,36,3,0,500000,1,0,0,2,6,0,0
248,37,2,0,100,1,0,0,2,6,0,0
248,38,4,0,300,1,0,0,2,6,0,0
248,39,100,10199007,100,1,0,0,2,6,0,0
248,40,100,1140002,100,1,0,0,2,6,0,0
248,41,100,2051,5,1,0,0,2,6,0,0
248,42,300,1133,1,1,0,0,2,6,1,0
248,43,3,0,500000,1,0,0,2,7,0,0
248,44,2,0,100,1,0,0,2,7,0,0
248,45,100,3005,50,1,0,0,2,7,0,0
248,46,300,1069,1,1,0,0,2,7,0,0
248,47,100,3503,30,1,0,0,2,7,0,0
248,48,100,2001,50,1,0,0,2,7,0,0
248,49,307,2106,1,1,0,0,2,7,1,0
248,50,3,0,1000000,1,0,0,2,8,0,0
248,51,2,0,100,1,0,0,2,8,0,0
248,52,4,0,300,1,0,0,2,8,0,0
248,53,300,1078,1,1,0,0,2,8,0,0
248,54,100,1140003,100,1,0,0,2,8,0,0
248,55,100,2051,5,1,0,0,2,8,0,0
248,56,100,2901,1,1,0,0,2,8,1,0
249,1,100,1000106,100,1,0,0,1,1,0,0
249,2,3,0,500000,1,0,0,1,1,0,0
249,3,100,1000047,100,1,0,0,1,1,0,0
249,4,100,1020005,100,1,0,0,1,1,0,0
249,5,100,3505,10,1,0,0,1,1,0,0
249,6,28,0,60,1,0,0,1,1,0,0
249,7,100,1070001,200,1,0,0,1,1,1,0
250,1,307,2244,1,1,0,0,1,1,0,0
250,2,3,0,500000,1,0,0,1,1,0,0
250,3,307,2160,1,1,0,0,1,1,0,0
250,4,100,1120001,100,1,0,0,1,1,0,0
250,5,100,1110001,200,1,0,0,1,1,0,0
250,6,28,0,60,1,0,0,1,1,0,0
250,7,100,261,10,1,0,0,1,1,1,0
251,1,2,0,100,1,0,0,1,1,0,0
251,2,3,0,500000,1,0,0,1,1,0,0
251,3,307,2160,1,1,0,0,1,1,0,0
251,4,300,1078,1,1,0,0,1,1,0,0
251,5,100,3505,10,1,0,0,1,1,0,0
251,6,28,0,60,1,0,0,1,1,0,0
251,7,4,0,240,1,0,0,1,1,1,0
252,1,307,2244,1,1,0,0,1,1,0,0
252,2,3,0,500000,1,0,0,1,1,0,0
252,3,307,2244,1,1,0,0,1,1,0,0
252,4,100,1120001,100,1,0,0,1,1,0,0
252,5,100,3505,10,1,0,0,1,1,0,0
252,6,28,0,60,1,0,0,1,1,0,0
252,7,100,1110001,200,1,0,0,1,1,1,0
253,1,3,0,1000000,1,0,0,2,1,0,0
253,2,2,0,100,1,0,0,2,1,0,0
253,3,100,3005,50,1,0,0,2,1,0,0
253,4,307,2160,1,1,0,0,2,1,0,0
253,5,100,10199001,150,1,0,0,2,1,0,0
253,6,100,2001,50,1,0,0,2,1,0,0
253,7,100,2505,1,1,0,0,2,1,1,0
253,8,3,0,500000,1,0,0,2,2,0,0
253,9,2,0,100,1,0,0,2,2,0,0
253,10,4,0,300,1,0,0,2,2,0,0
253,11,307,2162,1,1,0,0,2,2,0,0
253,12,100,1140002,100,1,0,0,2,2,0,0
253,13,100,2051,5,1,0,0,2,2,0,0
253,14,300,1133,1,1,0,0,2,2,1,0
253,15,3,0,500000,1,0,0,2,3,0,0
253,16,2,0,100,1,0,0,2,3,0,0
253,17,100,3005,50,1,0,0,2,3,0,0
253,18,100,204010701,1,1,0,0,2,3,0,0
253,19,100,10199002,250,1,0,0,2,3,0,0
253,20,100,2001,50,1,0,0,2,3,0,0
253,21,307,2106,1,1,0,0,2,3,1,0
253,22,3,0,500000,1,0,0,2,4,0,0
253,23,2,0,100,1,0,0,2,4,0,0
253,24,4,0,300,1,0,0,2,4,0,0
253,25,100,1070001,300,1,0,0,2,4,0,0
253,26,100,1140003,100,1,0,0,2,4,0,0
253,27,100,2051,5,1,0,0,2,4,0,0
253,28,300,1133,1,1,0,0,2,4,1,0
253,29,3,0,500000,1,0,0,2,5,0,0
253,30,2,0,100,1,0,0,2,5,0,0
253,31,100,3005,50,1,0,0,2,5,0,0
253,32,100,1020005,300,1,0,0,2,5,0,0
253,33,300,1110,1,1,0,0,2,5,0,0
253,34,100,2001,50,1,0,0,2,5,0,0
253,35,307,2106,1,1,0,0,2,5,1,0
253,36,3,0,500000,1,0,0,2,6,0,0
253,37,2,0,100,1,0,0,2,6,0,0
253,38,4,0,300,1,0,0,2,6,0,0
253,39,100,10199007,100,1,0,0,2,6,0,0
253,40,100,1140002,100,1,0,0,2,6,0,0
253,41,100,2051,5,1,0,0,2,6,0,0
253,42,300,1133,1,1,0,0,2,6,1,0
253,43,3,0,500000,1,0,0,2,7,0,0
253,44,2,0,100,1,0,0,2,7,0,0
253,45,100,3005,50,1,0,0,2,7,0,0
253,46,300,1069,1,1,0,0,2,7,0,0
253,47,100,3503,30,1,0,0,2,7,0,0
253,48,100,2001,50,1,0,0,2,7,0,0
253,49,307,2106,1,1,0,0,2,7,1,0
253,50,3,0,1000000,1,0,0,2,8,0,0
253,51,2,0,100,1,0,0,2,8,0,0
253,52,4,0,300,1,0,0,2,8,0,0
253,53,300,1078,1,1,0,0,2,8,0,0
253,54,100,1140003,100,1,0,0,2,8,0,0
253,55,100,2051,5,1,0,0,2,8,0,0
253,56,100,2901,1,1,0,0,2,8,1,0
254,1,307,2244,1,1,0,0,1,1,0,0
254,2,3,0,500000,1,0,0,1,1,0,0
254,3,307,2244,1,1,0,0,1,1,0,0
254,4,100,1120001,100,1,0,0,1,1,0,0
254,5,100,3505,10,1,0,0,1,1,0,0
254,6,28,0,60,1,0,0,1,1,0,0
254,7,100,1110001,200,1,0,0,1,1,1,0
255,1,2,0,100,1,0,0,1,1,0,0
255,2,3,0,500000,1,0,0,1,1,0,0
255,3,307,2160,1,1,0,0,1,1,0,0
255,4,100,1020005,100,1,0,0,1,1,0,0
255,5,100,3505,10,1,0,0,1,1,0,0
255,6,28,0,50,1,0,0,1,1,0,0
255,7,100,1070001,200,1,0,0,1,1,1,0
256,1,2,0,100,1,0,0,1,1,0,0
256,2,3,0,500000,1,0,0,1,1,0,0
256,3,100,1110001,200,1,0,0,1,1,0,0
256,4,28,0,70,1,0,0,1,1,0,0
256,5,100,3505,10,1,0,0,1,1,0,0
256,6,100,2951,1,1,0,0,1,1,0,0
256,7,100,8238,1,1,0,0,1,1,1,0
257,1,100,1000268,100,1,0,0,1,1,0,0
257,2,3,0,500000,1,0,0,1,1,0,0
257,3,307,2160,1,1,0,0,1,1,0,0
257,4,100,1020005,100,1,0,0,1,1,0,0
257,5,100,3505,10,1,0,0,1,1,0,0
257,6,28,0,60,1,0,0,1,1,0,0
257,7,100,1070001,200,1,0,0,1,1,1,0
258,1,100,1000048,100,1,0,0,1,1,0,0
258,2,3,0,500000,1,0,0,1,1,0,0
258,3,307,2160,1,1,0,0,1,1,0,0
258,4,100,1020005,100,1,0,0,1,1,0,0
258,5,100,3505,10,1,0,0,1,1,0,0
258,6,28,0,60,1,0,0,1,1,0,0
258,7,100,1070001,200,1,0,0,1,1,1,0
259,1,2,0,100,1,0,0,1,1,0,0
259,2,3,0,500000,1,0,0,1,1,0,0
259,3,307,2160,1,1,0,0,1,1,0,0
259,4,100,1020005,100,1,0,0,1,1,0,0
259,5,100,3505,10,1,0,0,1,1,0,0
259,6,28,0,50,1,0,0,1,1,0,0
259,7,100,1070001,200,1,0,0,1,1,1,0
260,1,100,1000159,100,1,0,0,1,1,0,0
260,2,3,0,500000,1,0,0,1,1,0,0
260,3,307,2160,1,1,0,0,1,1,0,0
260,4,100,1020005,100,1,0,0,1,1,0,0
260,5,28,0,50,1,0,0,1,1,0,0
260,6,100,1070001,200,1,0,0,1,1,0,0
260,7,100,271,10,1,0,0,1,1,1,0
261,1,307,2160,1,1,0,0,1,1,0,0
261,2,3,0,500000,1,0,0,1,1,0,0
261,3,307,2160,1,1,0,0,1,1,0,0
261,4,100,1020005,100,1,0,0,1,1,0,0
261,5,100,3505,10,1,0,0,1,1,0,0
261,6,28,0,60,1,0,0,1,1,0,0
261,7,100,1070001,200,1,0,0,1,1,1,0
262,1,100,300001076,1,1,0,0,1,1,0,0
262,2,100,1070001,200,1,0,0,1,1,0,0
262,3,28,0,90,1,0,0,1,1,0,0
262,4,100,1020005,200,1,0,0,1,1,0,0
262,5,100,1140002,90,1,0,0,1,1,0,0
262,6,100,3505,30,1,0,0,1,1,0,0
262,7,100,1140003,90,1,0,0,1,1,1,0
263,1,3,0,1000000,1,0,0,2,1,0,0
263,2,2,0,100,1,0,0,2,1,0,0
263,3,100,3005,50,1,0,0,2,1,0,0
263,4,307,2160,1,1,0,0,2,1,0,0
263,5,100,10199001,150,1,0,0,2,1,0,0
263,6,100,2001,50,1,0,0,2,1,0,0
263,7,100,2704,1,1,0,0,2,1,1,0
263,8,3,0,500000,1,0,0,2,2,0,0
263,9,2,0,100,1,0,0,2,2,0,0
263,10,4,0,300,1,0,0,2,2,0,0
263,11,307,2162,1,1,0,0,2,2,0,0
263,12,100,1140002,100,1,0,0,2,2,0,0
263,13,100,2051,5,1,0,0,2,2,0,0
263,14,300,1133,1,1,0,0,2,2,1,0
263,15,3,0,500000,1,0,0,2,3,0,0
263,16,2,0,100,1,0,0,2,3,0,0
263,17,100,3005,50,1,0,0,2,3,0,0
263,18,100,204010701,1,1,0,0,2,3,0,0
263,19,100,10199002,250,1,0,0,2,3,0,0
263,20,100,2001,50,1,0,0,2,3,0,0
263,21,307,2106,1,1,0,0,2,3,1,0
263,22,3,0,500000,1,0,0,2,4,0,0
263,23,2,0,100,1,0,0,2,4,0,0
263,24,4,0,300,1,0,0,2,4,0,0
263,25,100,1070001,300,1,0,0,2,4,0,0
263,26,100,1140003,100,1,0,0,2,4,0,0
263,27,100,2051,5,1,0,0,2,4,0,0
263,28,300,1133,1,1,0,0,2,4,1,0
263,29,3,0,500000,1,0,0,2,5,0,0
263,30,2,0,100,1,0,0,2,5,0,0
263,31,100,3005,50,1,0,0,2,5,0,0
263,32,100,1020005,300,1,0,0,2,5,0,0
263,33,300,1110,1,1,0,0,2,5,0,0
263,34,100,2001,50,1,0,0,2,5,0,0
263,35,307,2106,1,1,0,0,2,5,1,0
263,36,3,0,500000,1,0,0,2,6,0,0
263,37,2,0,100,1,0,0,2,6,0,0
263,38,4,0,300,1,0,0,2,6,0,0
263,39,100,10199007,100,1,0,0,2,6,0,0
263,40,100,1140002,100,1,0,0,2,6,0,0
263,41,100,2051,5,1,0,0,2,6,0,0
263,42,300,1133,1,1,0,0,2,6,1,0
263,43,3,0,500000,1,0,0,2,7,0,0
263,44,2,0,100,1,0,0,2,7,0,0
263,45,100,3005,50,1,0,0,2,7,0,0
263,46,300,1069,1,1,0,0,2,7,0,0
263,47,100,3503,30,1,0,0,2,7,0,0
263,48,100,2001,50,1,0,0,2,7,0,0
263,49,307,2106,1,1,0,0,2,7,1,0
263,50,3,0,1000000,1,0,0,2,8,0,0
263,51,2,0,100,1,0,0,2,8,0,0
263,52,4,0,300,1,0,0,2,8,0,0
263,53,300,1078,1,1,0,0,2,8,0,0
263,54,100,1140003,100,1,0,0,2,8,0,0
263,55,100,2051,5,1,0,0,2,8,0,0
263,56,100,2901,1,1,0,0,2,8,1,0
264,1,307,2477,1,1,0,0,1,1,0,0
264,2,2,0,100,1,0,0,1,1,0,0
264,3,300,1069,1,1,0,0,1,1,0,0
264,4,300,1078,1,1,0,0,1,1,0,0
264,5,100,1230001,90,1,0,0,1,1,0,0
264,6,100,1240002,90,1,0,0,1,1,0,0
264,7,100,1140001,90,1,0,0,1,1,1,0
265,1,307,2160,1,1,0,0,1,1,0,0
265,2,3,0,500000,1,0,0,1,1,0,0
265,3,307,2160,1,1,0,0,1,1,0,0
265,4,100,1020005,100,1,0,0,1,1,0,0
265,5,100,3505,10,1,0,0,1,1,0,0
265,6,28,0,60,1,0,0,1,1,0,0
265,7,100,1070001,200,1,0,0,1,1,1,0
266,1,307,2160,1,1,0,0,1,1,0,0
266,2,3,0,500000,1,0,0,1,1,0,0
266,3,307,2160,1,1,0,0,1,1,0,0
266,4,100,1020005,100,1,0,0,1,1,0,0
266,5,100,3505,10,1,0,0,1,1,0,0
266,6,28,0,60,1,0,0,1,1,0,0
266,7,100,1070001,200,1,0,0,1,1,1,0
267,1,100,1000181,100,1,0,0,1,1,0,0
267,2,3,0,500000,1,0,0,1,1,0,0
267,3,100,1000182,100,1,0,0,1,1,0,0
267,4,100,1020005,100,1,0,0,1,1,0,0
267,5,100,3505,10,1,0,0,1,1,0,0
267,6,28,0,60,1,0,0,1,1,0,0
267,7,100,1070001,200,1,0,0,1,1,1,0
268,1,307,2160,1,1,0,0,1,1,0,0
268,2,3,0,500000,1,0,0,1,1,0,0
268,3,307,2160,1,1,0,0,1,1,0,0
268,4,100,1020005,100,1,0,0,1,1,0,0
268,5,100,3505,10,1,0,0,1,1,0,0
268,6,28,0,60,1,0,0,1,1,0,0
268,7,100,1070001,200,1,0,0,1,1,1,0
269,1,307,2244,1,1,0,0,1,1,0,0
269,2,3,0,500000,1,0,0,1,1,0,0
269,3,100,1110001,200,1,0,0,1,1,0,0
269,4,100,1120001,100,1,0,0,1,1,0,0
269,5,100,3505,10,1,0,0,1,1,0,0
269,6,28,0,60,1,0,0,1,1,0,0
269,7,100,2704,1,1,0,0,1,1,1,0
270,1,3,0,1000000,1,0,0,2,1,0,0
270,2,2,0,100,1,0,0,2,1,0,0
270,3,100,3005,50,1,0,0,2,1,0,0
270,4,307,2160,1,1,0,0,2,1,0,0
270,5,100,10199001,150,1,0,0,2,1,0,0
270,6,100,2001,50,1,0,0,2,1,0,0
270,7,100,2505,1,1,0,0,2,1,1,0
270,8,3,0,500000,1,0,0,2,2,0,0
270,9,2,0,100,1,0,0,2,2,0,0
270,10,4,0,300,1,0,0,2,2,0,0
270,11,307,2162,1,1,0,0,2,2,0,0
270,12,100,1140002,100,1,0,0,2,2,0,0
270,13,100,2051,5,1,0,0,2,2,0,0
270,14,300,1133,1,1,0,0,2,2,1,0
270,15,3,0,500000,1,0,0,2,3,0,0
270,16,2,0,100,1,0,0,2,3,0,0
270,17,100,3005,50,1,0,0,2,3,0,0
270,18,100,204010701,1,1,0,0,2,3,0,0
270,19,100,10199002,250,1,0,0,2,3,0,0
270,20,100,2001,50,1,0,0,2,3,0,0
270,21,307,2106,1,1,0,0,2,3,1,0
270,22,3,0,500000,1,0,0,2,4,0,0
270,23,2,0,100,1,0,0,2,4,0,0
270,24,4,0,300,1,0,0,2,4,0,0
270,25,100,1070001,300,1,0,0,2,4,0,0
270,26,100,1140003,100,1,0,0,2,4,0,0
270,27,100,2051,5,1,0,0,2,4,0,0
270,28,300,1133,1,1,0,0,2,4,1,0
270,29,3,0,500000,1,0,0,2,5,0,0
270,30,2,0,100,1,0,0,2,5,0,0
270,31,100,3005,50,1,0,0,2,5,0,0
270,32,100,1020005,300,1,0,0,2,5,0,0
270,33,300,1110,1,1,0,0,2,5,0,0
270,34,100,2001,50,1,0,0,2,5,0,0
270,35,307,2106,1,1,0,0,2,5,1,0
270,36,3,0,500000,1,0,0,2,6,0,0
270,37,2,0,100,1,0,0,2,6,0,0
270,38,4,0,300,1,0,0,2,6,0,0
270,39,100,10199007,100,1,0,0,2,6,0,0
270,40,100,1140002,100,1,0,0,2,6,0,0
270,41,100,2051,5,1,0,0,2,6,0,0
270,42,300,1133,1,1,0,0,2,6,1,0
270,43,3,0,500000,1,0,0,2,7,0,0
270,44,2,0,100,1,0,0,2,7,0,0
270,45,100,3005,50,1,0,0,2,7,0,0
270,46,300,1069,1,1,0,0,2,7,0,0
270,47,100,3503,30,1,0,0,2,7,0,0
270,48,100,2001,50,1,0,0,2,7,0,0
270,49,307,2106,1,1,0,0,2,7,1,0
270,50,3,0,1000000,1,0,0,2,8,0,0
270,51,2,0,100,1,0,0,2,8,0,0
270,52,4,0,300,1,0,0,2,8,0,0
270,53,300,1078,1,1,0,0,2,8,0,0
270,54,100,1140003,100,1,0,0,2,8,0,0
270,55,100,2051,5,1,0,0,2,8,0,0
270,56,100,2901,1,1,0,0,2,8,1,0
271,1,100,1000046,100,1,0,0,1,1,0,0
271,2,3,0,500000,1,0,0,1,1,0,0
271,3,307,2244,1,1,0,0,1,1,0,0
271,4,100,1070001,200,1,0,0,1,1,0,0
271,5,100,3505,10,1,0,0,1,1,0,0
271,6,28,0,60,1,0,0,1,1,0,0
271,7,100,288,10,1,0,0,1,1,1,0
272,1,100,1000088,100,1,0,0,1,1,0,0
272,2,3,0,500000,1,0,0,1,1,0,0
272,3,307,2160,1,1,0,0,1,1,0,0
272,4,100,1020005,100,1,0,0,1,1,0,0
272,5,100,3505,10,1,0,0,1,1,0,0
272,6,28,0,60,1,0,0,1,1,0,0
272,7,100,1070001,200,1,0,0,1,1,1,0
273,1,100,1000045,100,1,0,0,1,1,0,0
273,2,3,0,500000,1,0,0,1,1,0,0
273,3,100,1000003,100,1,0,0,1,1,0,0
273,4,100,20706001,1,1,0,0,1,1,0,0
273,5,100,3505,10,1,0,0,1,1,0,0
273,6,28,0,60,1,0,0,1,1,0,0
273,7,100,1070001,200,1,0,0,1,1,1,0
274,1,100,1000151,100,1,0,0,1,1,0,0
274,2,3,0,500000,1,0,0,1,1,0,0
274,3,307,2244,1,1,0,0,1,1,0,0
274,4,100,1120001,100,1,0,0,1,1,0,0
274,5,100,3505,10,1,0,0,1,1,0,0
274,6,28,0,60,1,0,0,1,1,0,0
274,7,100,1110001,200,1,0,0,1,1,1,0
275,1,2,0,100,1,0,0,1,1,0,0
275,2,3,0,500000,1,0,0,1,1,0,0
275,3,307,2244,1,1,0,0,1,1,0,0
275,4,100,1120001,100,1,0,0,1,1,0,0
275,5,100,3505,10,1,0,0,1,1,0,0
275,6,28,0,60,1,0,0,1,1,0,0
275,7,100,1110001,200,1,0,0,1,1,1,0
276,1,100,1000092,100,1,0,0,1,1,0,0
276,2,3,0,500000,1,0,0,1,1,0,0
276,3,307,2160,1,1,0,0,1,1,0,0
276,4,100,20706001,1,1,0,0,1,1,0,0
276,5,100,3505,10,1,0,0,1,1,0,0
276,6,28,0,60,1,0,0,1,1,0,0
276,7,100,1070001,200,1,0,0,1,1,1,0
277,1,307,2244,1,1,0,0,1,1,0,0
277,2,3,0,500000,1,0,0,1,1,0,0
277,3,307,2160,1,1,0,0,1,1,0,0
277,4,100,1110001,100,1,0,0,1,1,0,0
277,5,100,3505,10,1,0,0,1,1,0,0
277,6,28,0,60,1,0,0,1,1,0,0
277,7,100,299,10,1,0,0,1,1,1,0
278,1,2,0,100,1,0,0,1,1,0,0
278,2,3,0,500000,1,0,0,1,1,0,0
278,3,307,2160,1,1,0,0,1,1,0,0
278,4,100,1020005,100,1,0,0,1,1,0,0
278,5,100,3505,10,1,0,0,1,1,0,0
278,6,28,0,60,1,0,0,1,1,0,0
278,7,100,1070001,200,1,0,0,1,1,1,0
279,1,3,0,1000000,1,0,0,2,1,0,0
279,2,2,0,100,1,0,0,2,1,0,0
279,3,100,3005,50,1,0,0,2,1,0,0
279,4,307,2160,1,1,0,0,2,1,0,0
279,5,100,10199001,150,1,0,0,2,1,0,0
279,6,100,2001,50,1,0,0,2,1,0,0
279,7,100,2505,1,1,0,0,2,1,1,0
279,8,3,0,500000,1,0,0,2,2,0,0
279,9,2,0,100,1,0,0,2,2,0,0
279,10,4,0,300,1,0,0,2,2,0,0
279,11,307,2162,1,1,0,0,2,2,0,0
279,12,100,1140002,100,1,0,0,2,2,0,0
279,13,100,2051,5,1,0,0,2,2,0,0
279,14,300,1133,1,1,0,0,2,2,1,0
279,15,3,0,500000,1,0,0,2,3,0,0
279,16,2,0,100,1,0,0,2,3,0,0
279,17,100,3005,50,1,0,0,2,3,0,0
279,18,100,204010701,1,1,0,0,2,3,0,0
279,19,100,10199002,250,1,0,0,2,3,0,0
279,20,100,2001,50,1,0,0,2,3,0,0
279,21,307,2106,1,1,0,0,2,3,1,0
279,22,3,0,500000,1,0,0,2,4,0,0
279,23,2,0,100,1,0,0,2,4,0,0
279,24,4,0,300,1,0,0,2,4,0,0
279,25,100,1070001,300,1,0,0,2,4,0,0
279,26,100,1140003,100,1,0,0,2,4,0,0
279,27,100,2051,5,1,0,0,2,4,0,0
279,28,300,1133,1,1,0,0,2,4,1,0
279,29,3,0,500000,1,0,0,2,5,0,0
279,30,2,0,100,1,0,0,2,5,0,0
279,31,100,3005,50,1,0,0,2,5,0,0
279,32,100,1020005,300,1,0,0,2,5,0,0
279,33,300,1110,1,1,0,0,2,5,0,0
279,34,100,2001,50,1,0,0,2,5,0,0
279,35,307,2106,1,1,0,0,2,5,1,0
279,36,3,0,500000,1,0,0,2,6,0,0
279,37,2,0,100,1,0,0,2,6,0,0
279,38,4,0,300,1,0,0,2,6,0,0
279,39,100,10199007,100,1,0,0,2,6,0,0
279,40,100,1140002,100,1,0,0,2,6,0,0
279,41,100,2051,5,1,0,0,2,6,0,0
279,42,300,1133,1,1,0,0,2,6,1,0
279,43,3,0,500000,1,0,0,2,7,0,0
279,44,2,0,100,1,0,0,2,7,0,0
279,45,100,3005,50,1,0,0,2,7,0,0
279,46,300,1069,1,1,0,0,2,7,0,0
279,47,100,3503,30,1,0,0,2,7,0,0
279,48,100,2001,50,1,0,0,2,7,0,0
279,49,307,2106,1,1,0,0,2,7,1,0
279,50,3,0,1000000,1,0,0,2,8,0,0
279,51,2,0,100,1,0,0,2,8,0,0
279,52,4,0,300,1,0,0,2,8,0,0
279,53,300,1078,1,1,0,0,2,8,0,0
279,54,100,1140003,100,1,0,0,2,8,0,0
279,55,100,2051,5,1,0,0,2,8,0,0
279,56,100,2901,1,1,0,0,2,8,1,0
280,1,307,2160,1,1,0,0,1,1,0,0
280,2,3,0,500000,1,0,0,1,1,0,0
280,3,307,2160,1,1,0,0,1,1,0,0
280,4,100,20706001,1,1,0,0,1,1,0,0
280,5,100,3505,10,1,0,0,1,1,0,0
280,6,28,0,60,1,0,0,1,1,0,0
280,7,100,1070001,200,1,0,0,1,1,1,0
281,1,2,0,100,1,0,0,1,1,0,0
281,2,3,0,500000,1,0,0,1,1,0,0
281,3,307,2160,1,1,0,0,1,1,0,0
281,4,100,1020005,100,1,0,0,1,1,0,0
281,5,100,3505,10,1,0,0,1,1,0,0
281,6,28,0,60,1,0,0,1,1,0,0
281,7,100,1070001,200,1,0,0,1,1,1,0
282,1,4,0,250,1,0,0,1,1,0,0
282,2,3,0,500000,1,0,0,1,1,0,0
282,3,307,2160,1,1,0,0,1,1,0,0
282,4,100,1070001,200,1,0,0,1,1,0,0
282,5,100,3505,10,1,0,0,1,1,0,0
282,6,28,0,60,1,0,0,1,1,0,0
282,7,100,311,10,1,0,0,1,1,1,0
283,1,2,0,100,1,0,0,1,1,0,0
283,2,3,0,500000,1,0,0,1,1,0,0
283,3,100,1000012,100,1,0,0,1,1,0,0
283,4,100,1020005,100,1,0,0,1,1,0,0
283,5,100,3505,10,1,0,0,1,1,0,0
283,6,28,0,60,1,0,0,1,1,0,0
283,7,100,1070001,200,1,0,0,1,1,1,0
284,1,2,0,100,1,0,0,1,1,0,0
284,2,3,0,500000,1,0,0,1,1,0,0
284,3,307,2244,1,1,0,0,1,1,0,0
284,4,100,1120001,100,1,0,0,1,1,0,0
284,5,100,3505,10,1,0,0,1,1,0,0
284,6,28,0,60,1,0,0,1,1,0,0
284,7,100,1110001,200,1,0,0,1,1,1,0
285,1,3,0,1000000,1,0,0,2,1,0,0
285,2,2,0,100,1,0,0,2,1,0,0
285,3,100,3005,50,1,0,0,2,1,0,0
285,4,307,2160,1,1,0,0,2,1,0,0
285,5,100,10199001,150,1,0,0,2,1,0,0
285,6,100,2001,50,1,0,0,2,1,0,0
285,7,100,2505,1,1,0,0,2,1,1,0
285,8,3,0,500000,1,0,0,2,2,0,0
285,9,2,0,100,1,0,0,2,2,0,0
285,10,4,0,300,1,0,0,2,2,0,0
285,11,307,2162,1,1,0,0,2,2,0,0
285,12,100,1140002,100,1,0,0,2,2,0,0
285,13,100,2051,5,1,0,0,2,2,0,0
285,14,300,1133,1,1,0,0,2,2,1,0
285,15,3,0,500000,1,0,0,2,3,0,0
285,16,2,0,100,1,0,0,2,3,0,0
285,17,100,3005,50,1,0,0,2,3,0,0
285,18,100,204010701,1,1,0,0,2,3,0,0
285,19,100,10199002,250,1,0,0,2,3,0,0
285,20,100,2001,50,1,0,0,2,3,0,0
285,21,307,2106,1,1,0,0,2,3,1,0
285,22,3,0,500000,1,0,0,2,4,0,0
285,23,2,0,100,1,0,0,2,4,0,0
285,24,4,0,300,1,0,0,2,4,0,0
285,25,100,1070001,300,1,0,0,2,4,0,0
285,26,100,1140003,100,1,0,0,2,4,0,0
285,27,100,2051,5,1,0,0,2,4,0,0
285,28,300,1133,1,1,0,0,2,4,1,0
285,29,3,0,500000,1,0,0,2,5,0,0
285,30,2,0,100,1,0,0,2,5,0,0
285,31,100,3005,50,1,0,0,2,5,0,0
285,32,100,1020005,300,1,0,0,2,5,0,0
285,33,300,1110,1,1,0,0,2,5,0,0
285,34,100,2001,50,1,0,0,2,5,0,0
285,35,307,2106,1,1,0,0,2,5,1,0
285,36,3,0,500000,1,0,0,2,6,0,0
285,37,2,0,100,1,0,0,2,6,0,0
285,38,4,0,300,1,0,0,2,6,0,0
285,39,100,10199007,100,1,0,0,2,6,0,0
285,40,100,1140002,100,1,0,0,2,6,0,0
285,41,100,2051,5,1,0,0,2,6,0,0
285,42,300,1133,1,1,0,0,2,6,1,0
285,43,3,0,500000,1,0,0,2,7,0,0
285,44,2,0,100,1,0,0,2,7,0,0
285,45,100,3005,50,1,0,0,2,7,0,0
285,46,300,1069,1,1,0,0,2,7,0,0
285,47,100,3503,30,1,0,0,2,7,0,0
285,48,100,2001,50,1,0,0,2,7,0,0
285,49,307,2106,1,1,0,0,2,7,1,0
285,50,3,0,1000000,1,0,0,2,8,0,0
285,51,2,0,100,1,0,0,2,8,0,0
285,52,4,0,300,1,0,0,2,8,0,0
285,53,300,1078,1,1,0,0,2,8,0,0
285,54,100,1140003,100,1,0,0,2,8,0,0
285,55,100,2051,5,1,0,0,2,8,0,0
285,56,100,2901,1,1,0,0,2,8,1,0
286,1,100,1000030,100,1,0,0,1,1,0,0
286,2,3,0,2140000,1,0,0,1,1,0,0
286,3,100,1000025,100,1,0,0,1,1,0,0
286,4,100,1070001,200,1,0,0,1,1,0,0
286,5,100,3505,10,1,0,0,1,1,0,0
286,6,28,0,60,1,0,0,1,1,0,0
286,7,300,13559,1,1,0,0,1,1,1,0
287,1,100,1000007,100,1,0,0,1,1,0,0
287,2,3,0,1000000,1,0,0,1,1,0,0
287,3,100,1000031,100,1,0,0,1,1,0,0
287,4,100,1020005,100,1,0,0,1,1,0,0
287,5,100,3505,10,1,0,0,1,1,0,0
287,6,28,0,60,1,0,0,1,1,0,0
287,7,100,1070001,200,1,0,0,1,1,1,0
288,1,2,0,100,1,0,0,1,1,0,0
288,2,3,0,1000000,1,0,0,1,1,0,0
288,3,307,2160,1,1,0,0,1,1,0,0
288,4,100,1020005,100,1,0,0,1,1,0,0
288,5,100,3505,10,1,0,0,1,1,0,0
288,6,28,0,60,1,0,0,1,1,0,0
288,7,100,1070001,200,1,0,0,1,1,1,0
289,1,100,1000016,100,1,0,0,1,1,0,0
289,2,3,0,1000000,1,0,0,1,1,0,0
289,3,100,1000043,100,1,0,0,1,1,0,0
289,4,100,20706001,1,1,0,0,1,1,0,0
289,5,100,3505,10,1,0,0,1,1,0,0
289,6,28,0,60,1,0,0,1,1,0,0
289,7,100,1070001,200,1,0,0,1,1,1,0
290,1,100,1000094,100,1,0,0,1,1,0,0
290,2,3,0,1000000,1,0,0,1,1,0,0
290,3,307,2160,1,1,0,0,1,1,0,0
290,4,100,1070001,200,1,0,0,1,1,0,0
290,5,100,3505,10,1,0,0,1,1,0,0
290,6,28,0,60,1,0,0,1,1,0,0
290,7,100,324,10,1,0,0,1,1,1,0
291,1,2,0,100,1,0,0,1,1,0,0
291,2,3,0,1000000,1,0,0,1,1,0,0
291,3,307,2160,1,1,0,0,1,1,0,0
291,4,100,1020005,100,1,0,0,1,1,0,0
291,5,100,3505,10,1,0,0,1,1,0,0
291,6,28,0,60,1,0,0,1,1,0,0
291,7,100,1070001,200,1,0,0,1,1,1,0
292,1,100,300001136,1,1,0,0,1,1,0,0
292,2,100,1070001,200,1,0,0,1,1,0,0
292,3,28,0,100,1,0,0,1,1,0,0
292,4,100,1020005,200,1,0,0,1,1,0,0
292,5,100,1140002,100,1,0,0,1,1,0,0
292,6,100,3505,30,1,0,0,1,1,0,0
292,7,100,1140003,100,1,0,0,1,1,1,0
293,1,3,0,1000000,1,0,0,2,1,0,0
293,2,2,0,100,1,0,0,2,1,0,0
293,3,100,3005,50,1,0,0,2,1,0,0
293,4,307,2160,1,1,0,0,2,1,0,0
293,5,100,10199001,150,1,0,0,2,1,0,0
293,6,100,2001,50,1,0,0,2,1,0,0
293,7,100,2704,1,1,0,0,2,1,1,0
293,8,3,0,500000,1,0,0,2,2,0,0
293,9,2,0,100,1,0,0,2,2,0,0
293,10,4,0,300,1,0,0,2,2,0,0
293,11,307,2162,1,1,0,0,2,2,0,0
293,12,100,1140002,100,1,0,0,2,2,0,0
293,13,100,2051,5,1,0,0,2,2,0,0
293,14,300,1133,1,1,0,0,2,2,1,0
293,15,3,0,500000,1,0,0,2,3,0,0
293,16,2,0,100,1,0,0,2,3,0,0
293,17,100,3005,50,1,0,0,2,3,0,0
293,18,100,204010701,1,1,0,0,2,3,0,0
293,19,100,10199002,250,1,0,0,2,3,0,0
293,20,100,2001,50,1,0,0,2,3,0,0
293,21,307,2106,1,1,0,0,2,3,1,0
293,22,3,0,500000,1,0,0,2,4,0,0
293,23,2,0,100,1,0,0,2,4,0,0
293,24,4,0,300,1,0,0,2,4,0,0
293,25,100,1070001,300,1,0,0,2,4,0,0
293,26,100,1140003,100,1,0,0,2,4,0,0
293,27,100,2051,5,1,0,0,2,4,0,0
293,28,300,1133,1,1,0,0,2,4,1,0
293,29,3,0,500000,1,0,0,2,5,0,0
293,30,2,0,100,1,0,0,2,5,0,0
293,31,100,3005,50,1,0,0,2,5,0,0
293,32,100,1020005,300,1,0,0,2,5,0,0
293,33,300,1110,1,1,0,0,2,5,0,0
293,34,100,2001,50,1,0,0,2,5,0,0
293,35,307,2106,1,1,0,0,2,5,1,0
293,36,3,0,500000,1,0,0,2,6,0,0
293,37,2,0,100,1,0,0,2,6,0,0
293,38,4,0,300,1,0,0,2,6,0,0
293,39,100,10199007,100,1,0,0,2,6,0,0
293,40,100,1140002,100,1,0,0,2,6,0,0
293,41,100,2051,5,1,0,0,2,6,0,0
293,42,300,1133,1,1,0,0,2,6,1,0
293,43,3,0,500000,1,0,0,2,7,0,0
293,44,2,0,100,1,0,0,2,7,0,0
293,45,100,3005,50,1,0,0,2,7,0,0
293,46,300,1069,1,1,0,0,2,7,0,0
293,47,100,3503,30,1,0,0,2,7,0,0
293,48,100,2001,50,1,0,0,2,7,0,0
293,49,307,2106,1,1,0,0,2,7,1,0
293,50,3,0,1000000,1,0,0,2,8,0,0
293,51,2,0,100,1,0,0,2,8,0,0
293,52,4,0,300,1,0,0,2,8,0,0
293,53,300,1078,1,1,0,0,2,8,0,0
293,54,100,1140003,100,1,0,0,2,8,0,0
293,55,100,2051,5,1,0,0,2,8,0,0
293,56,100,2901,1,1,0,0,2,8,1,0
294,1,307,16051,1,1,0,0,1,1,0,0
294,2,2,0,100,1,0,0,1,1,0,0
294,3,300,1069,1,1,0,0,1,1,0,0
294,4,300,1078,1,1,0,0,1,1,0,0
294,5,100,1230001,100,1,0,0,1,1,0,0
294,6,100,1240002,100,1,0,0,1,1,0,0
294,7,100,1140001,100,1,0,0,1,1,1,0
295,1,307,2244,1,1,0,0,1,1,0,0
295,2,3,0,1000000,1,0,0,1,1,0,0
295,3,307,2244,1,1,0,0,1,1,0,0
295,4,100,20706001,1,1,0,0,1,1,0,0
295,5,100,3505,10,1,0,0,1,1,0,0
295,6,28,0,60,1,0,0,1,1,0,0
295,7,100,1110001,200,1,0,0,1,1,1,0
296,1,307,2244,1,1,0,0,1,1,0,0
296,2,3,0,1000000,1,0,0,1,1,0,0
296,3,307,2244,1,1,0,0,1,1,0,0
296,4,100,1120001,200,1,0,0,1,1,0,0
296,5,100,3505,10,1,0,0,1,1,0,0
296,6,28,0,60,1,0,0,1,1,0,0
296,7,100,1110001,200,1,0,0,1,1,1,0
297,1,2,0,100,1,0,0,1,1,0,0
297,2,3,0,1000000,1,0,0,1,1,0,0
297,3,307,2160,1,1,0,0,1,1,0,0
297,4,100,1020005,100,1,0,0,1,1,0,0
297,5,100,3505,10,1,0,0,1,1,0,0
297,6,28,0,60,1,0,0,1,1,0,0
297,7,100,1070001,200,1,0,0,1,1,1,0
298,1,307,2160,1,1,0,0,1,1,0,0
298,2,3,0,1000000,1,0,0,1,1,0,0
298,3,307,2160,1,1,0,0,1,1,0,0
298,4,100,20706001,1,1,0,0,1,1,0,0
298,5,100,3505,10,1,0,0,1,1,0,0
298,6,28,0,60,1,0,0,1,1,0,0
298,7,100,1070001,200,1,0,0,1,1,1,0
299,1,2,0,100,1,0,0,1,1,0,0
299,2,3,0,1000000,1,0,0,1,1,0,0
299,3,307,2160,1,1,0,0,1,1,0,0
299,4,100,1110001,200,1,0,0,1,1,0,0
299,5,100,3505,10,1,0,0,1,1,0,0
299,6,28,0,60,1,0,0,1,1,0,0
299,7,100,357,10,1,0,0,1,1,1,0
300,1,3,0,1000000,1,0,0,2,1,0,0
300,2,2,0,100,1,0,0,2,1,0,0
300,3,100,3005,50,1,0,0,2,1,0,0
300,4,307,2160,1,1,0,0,2,1,0,0
300,5,100,10199001,300,1,0,0,2,1,0,0
300,6,100,2001,50,1,0,0,2,1,0,0
300,7,307,2248,1,1,0,0,2,1,1,0
300,8,3,0,1000000,1,0,0,2,2,0,0
300,9,2,0,100,1,0,0,2,2,0,0
300,10,4,0,300,1,0,0,2,2,0,0
300,11,100,1330002,50,1,0,0,2,2,0,0
300,12,100,1140002,150,1,0,0,2,2,0,0
300,13,100,2051,5,1,0,0,2,2,0,0
300,14,300,1133,1,1,0,0,2,2,1,0
300,15,3,0,1000000,1,0,0,2,3,0,0
300,16,2,0,100,1,0,0,2,3,0,0
300,17,100,3005,50,1,0,0,2,3,0,0
300,18,100,204010701,1,1,0,0,2,3,0,0
300,19,100,10199002,300,1,0,0,2,3,0,0
300,20,100,2001,50,1,0,0,2,3,0,0
300,21,307,2106,1,1,0,0,2,3,1,0
300,22,3,0,1000000,1,0,0,2,4,0,0
300,23,2,0,100,1,0,0,2,4,0,0
300,24,4,0,300,1,0,0,2,4,0,0
300,25,100,1070001,300,1,0,0,2,4,0,0
300,26,100,1140003,150,1,0,0,2,4,0,0
300,27,100,2051,5,1,0,0,2,4,0,0
300,28,100,2704,1,1,0,0,2,4,1,0
300,29,3,0,1000000,1,0,0,2,5,0,0
300,30,2,0,100,1,0,0,2,5,0,0
300,31,100,3005,50,1,0,0,2,5,0,0
300,32,100,1020005,300,1,0,0,2,5,0,0
300,33,300,1110,1,1,0,0,2,5,0,0
300,34,100,1330003,50,1,0,0,2,5,0,0
300,35,300,1133,1,1,0,0,2,5,1,0
300,36,3,0,1000000,1,0,0,2,6,0,0
300,37,2,0,100,1,0,0,2,6,0,0
300,38,4,0,300,1,0,0,2,6,0,0
300,39,100,10199007,100,1,0,0,2,6,0,0
300,40,100,1140002,150,1,0,0,2,6,0,0
300,41,100,2051,5,1,0,0,2,6,0,0
300,42,307,2106,1,1,0,0,2,6,1,0
300,43,3,0,1000000,1,0,0,2,7,0,0
300,44,2,0,100,1,0,0,2,7,0,0
300,45,100,3005,50,1,0,0,2,7,0,0
300,46,300,1069,1,1,0,0,2,7,0,0
300,47,100,3503,30,1,0,0,2,7,0,0
300,48,100,2051,5,1,0,0,2,7,0,0
300,49,300,1133,1,1,0,0,2,7,1,0
300,50,3,0,1000000,1,0,0,2,8,0,0
300,51,2,0,100,1,0,0,2,8,0,0
300,52,4,0,300,1,0,0,2,8,0,0
300,53,300,1078,1,1,0,0,2,8,0,0
300,54,100,1140003,150,1,0,0,2,8,0,0
300,55,100,1330001,50,1,0,0,2,8,0,0
300,56,100,3971,1,1,0,0,2,8,1,0
301,1,2,0,100,1,0,0,1,1,0,0
301,2,3,0,1000000,1,0,0,1,1,0,0
301,3,307,2160,1,1,0,0,1,1,0,0
301,4,100,1020005,100,1,0,0,1,1,0,0
301,5,100,3505,10,1,0,0,1,1,0,0
301,6,28,0,60,1,0,0,1,1,0,0
301,7,100,1070001,200,1,0,0,1,1,1,0
302,1,307,2160,1,1,0,0,1,1,0,0
302,2,3,0,1000000,1,0,0,1,1,0,0
302,3,307,2160,1,1,0,0,1,1,0,0
302,4,100,20306001,1,1,0,0,1,1,0,0
302,5,100,3505,10,1,0,0,1,1,0,0
302,6,28,0,60,1,0,0,1,1,0,0
302,7,100,1070001,200,1,0,0,1,1,1,0
303,1,100,1070002,10,1,0,0,1,1,0,0
303,2,3,0,1000000,1,0,0,1,1,0,0
303,3,307,2160,1,1,0,0,1,1,0,0
303,4,2,0,100,1,0,0,1,1,0,0
303,5,100,3505,10,1,0,0,1,1,0,0
303,6,28,0,60,1,0,0,1,1,0,0
303,7,100,1140001,100,1,0,0,1,1,1,0
304,1,2,0,100,1,0,0,1,1,0,0
304,2,3,0,1000000,1,0,0,1,1,0,0
304,3,307,2160,1,1,0,0,1,1,0,0
304,4,100,1020005,100,1,0,0,1,1,0,0
304,5,100,3505,10,1,0,0,1,1,0,0
304,6,28,0,60,1,0,0,1,1,0,0
304,7,100,1070001,200,1,0,0,1,1,1,0
305,1,100,1000089,100,1,0,0,1,1,0,0
305,2,3,0,2000000,1,0,0,1,1,0,0
305,3,100,1000070,100,1,0,0,1,1,0,0
305,4,307,16086,1,1,0,0,1,1,0,0
305,5,100,3505,10,1,0,0,1,1,0,0
305,6,28,0,60,1,0,0,1,1,0,0
305,7,307,16056,1,1,0,0,1,1,1,0
306,1,100,1000065,100,1,0,0,1,1,0,0
306,2,3,0,1000000,1,0,0,1,1,0,0
306,3,100,1000109,100,1,0,0,1,1,0,0
306,4,100,1070001,200,1,0,0,1,1,0,0
306,5,100,3505,10,1,0,0,1,1,0,0
306,6,28,0,60,1,0,0,1,1,0,0
306,7,100,368,10,1,0,0,1,1,1,0
307,1,2,0,100,1,0,0,1,1,0,0
307,2,3,0,1000000,1,0,0,1,1,0,0
307,3,307,2160,1,1,0,0,1,1,0,0
307,4,100,1020005,100,1,0,0,1,1,0,0
307,5,100,3505,10,1,0,0,1,1,0,0
307,6,28,0,60,1,0,0,1,1,0,0
307,7,100,1070001,200,1,0,0,1,1,1,0
308,1,3,0,1000000,1,0,0,2,1,0,0
308,2,2,0,100,1,0,0,2,1,0,0
308,3,100,3005,50,1,0,0,2,1,0,0
308,4,307,2160,1,1,0,0,2,1,0,0
308,5,100,10199001,300,1,0,0,2,1,0,0
308,6,100,2001,50,1,0,0,2,1,0,0
308,7,307,2248,1,1,0,0,2,1,1,0
308,8,3,0,1000000,1,0,0,2,2,0,0
308,9,2,0,100,1,0,0,2,2,0,0
308,10,4,0,300,1,0,0,2,2,0,0
308,11,100,1330002,50,1,0,0,2,2,0,0
308,12,100,1140002,150,1,0,0,2,2,0,0
308,13,100,2051,5,1,0,0,2,2,0,0
308,14,300,1133,1,1,0,0,2,2,1,0
308,15,3,0,1000000,1,0,0,2,3,0,0
308,16,2,0,100,1,0,0,2,3,0,0
308,17,100,3005,50,1,0,0,2,3,0,0
308,18,100,204010701,1,1,0,0,2,3,0,0
308,19,100,10199002,300,1,0,0,2,3,0,0
308,20,100,2001,50,1,0,0,2,3,0,0
308,21,307,2106,1,1,0,0,2,3,1,0
308,22,3,0,1000000,1,0,0,2,4,0,0
308,23,2,0,100,1,0,0,2,4,0,0
308,24,4,0,300,1,0,0,2,4,0,0
308,25,100,1070001,300,1,0,0,2,4,0,0
308,26,100,1140003,150,1,0,0,2,4,0,0
308,27,100,2051,5,1,0,0,2,4,0,0
308,28,100,2704,1,1,0,0,2,4,1,0
308,29,3,0,1000000,1,0,0,2,5,0,0
308,30,2,0,100,1,0,0,2,5,0,0
308,31,100,3005,50,1,0,0,2,5,0,0
308,32,100,1020005,300,1,0,0,2,5,0,0
308,33,300,1110,1,1,0,0,2,5,0,0
308,34,100,1330003,50,1,0,0,2,5,0,0
308,35,300,1133,1,1,0,0,2,5,1,0
308,36,3,0,1000000,1,0,0,2,6,0,0
308,37,2,0,100,1,0,0,2,6,0,0
308,38,4,0,300,1,0,0,2,6,0,0
308,39,100,10199007,100,1,0,0,2,6,0,0
308,40,100,1140002,150,1,0,0,2,6,0,0
308,41,100,2051,5,1,0,0,2,6,0,0
308,42,307,2106,1,1,0,0,2,6,1,0
308,43,3,0,1000000,1,0,0,2,7,0,0
308,44,2,0,100,1,0,0,2,7,0,0
308,45,100,3005,50,1,0,0,2,7,0,0
308,46,300,1069,1,1,0,0,2,7,0,0
308,47,100,3503,30,1,0,0,2,7,0,0
308,48,100,2051,5,1,0,0,2,7,0,0
308,49,300,1133,1,1,0,0,2,7,1,0
308,50,3,0,1000000,1,0,0,2,8,0,0
308,51,2,0,100,1,0,0,2,8,0,0
308,52,4,0,300,1,0,0,2,8,0,0
308,53,300,1078,1,1,0,0,2,8,0,0
308,54,100,1140003,150,1,0,0,2,8,0,0
308,55,100,1330001,50,1,0,0,2,8,0,0
308,56,100,3971,1,1,0,0,2,8,1,0
309,1,100,1000287,100,1,0,0,1,1,0,0
309,2,3,0,1000000,1,0,0,1,1,0,0
309,3,307,2160,1,1,0,0,1,1,0,0
309,4,100,20306001,1,1,0,0,1,1,0,0
309,5,100,3505,10,1,0,0,1,1,0,0
309,6,28,0,60,1,0,0,1,1,0,0
309,7,100,1070001,200,1,0,0,1,1,1,0
310,1,100,347,1,1,0,0,1,1,0,0
310,2,100,347,1,1,0,0,1,1,0,0
310,3,100,347,1,1,0,0,1,1,0,0
310,4,100,347,1,1,0,0,1,1,0,0
310,5,100,347,1,1,0,0,1,1,0,0
310,6,300,13686,1,1,0,0,1,1,0,0
310,7,300,13605,1,1,0,0,1,1,1,0
311,1,4,0,260,1,0,0,1,1,0,0
311,2,3,0,1000000,1,0,0,1,1,0,0
311,3,307,2160,1,1,0,0,1,1,0,0
311,4,100,1110001,200,1,0,0,1,1,0,0
311,5,100,3505,10,1,0,0,1,1,0,0
311,6,28,0,60,1,0,0,1,1,0,0
311,7,100,385,10,1,0,0,1,1,1,0
312,1,2,0,100,1,0,0,1,1,0,0
312,2,3,0,1000000,1,0,0,1,1,0,0
312,3,307,2160,1,1,0,0,1,1,0,0
312,4,100,1020005,100,1,0,0,1,1,0,0
312,5,100,3505,10,1,0,0,1,1,0,0
312,6,28,0,60,1,0,0,1,1,0,0
312,7,100,1070001,200,1,0,0,1,1,1,0
313,1,100,1000013,100,1,0,0,1,1,0,0
313,2,3,0,1000000,1,0,0,1,1,0,0
313,3,307,2160,1,1,0,0,1,1,0,0
313,4,307,16086,1,1,0,0,1,1,0,0
313,5,100,3505,10,1,0,0,1,1,0,0
313,6,28,0,60,1,0,0,1,1,0,0
313,7,100,1070001,200,1,0,0,1,1,1,0
314,1,100,1330001,100,1,0,0,1,1,0,0
314,2,100,1330003,70,1,0,0,1,1,0,0
314,3,100,1330002,70,1,0,0,1,1,0,0
314,4,100,1330001,100,1,0,0,1,1,0,0
314,5,100,1330003,70,1,0,0,1,1,0,0
314,6,100,1330002,70,1,0,0,1,1,0,0
314,7,4,0,200,1,0,0,1,1,1,0
315,1,2,0,100,1,0,0,1,1,0,0
315,2,3,0,1000000,1,0,0,1,1,0,0
315,3,307,2160,1,1,0,0,1,1,0,0
315,4,100,1020005,100,1,0,0,1,1,0,0
315,5,100,3505,10,1,0,0,1,1,0,0
315,6,28,0,60,1,0,0,1,1,0,0
315,7,100,1070001,200,1,0,0,1,1,1,0
316,1,3,0,1000000,1,0,0,2,1,0,0
316,2,2,0,100,1,0,0,2,1,0,0
316,3,100,3005,50,1,0,0,2,1,0,0
316,4,307,2160,1,1,0,0,2,1,0,0
316,5,100,10199001,300,1,0,0,2,1,0,0
316,6,100,2001,50,1,0,0,2,1,0,0
316,7,307,2248,1,1,0,0,2,1,1,0
316,8,3,0,1000000,1,0,0,2,2,0,0
316,9,2,0,100,1,0,0,2,2,0,0
316,10,4,0,300,1,0,0,2,2,0,0
316,11,100,1330002,50,1,0,0,2,2,0,0
316,12,100,1140002,150,1,0,0,2,2,0,0
316,13,100,2051,5,1,0,0,2,2,0,0
316,14,300,1133,1,1,0,0,2,2,1,0
316,15,3,0,1000000,1,0,0,2,3,0,0
316,16,2,0,100,1,0,0,2,3,0,0
316,17,100,3005,50,1,0,0,2,3,0,0
316,18,100,204010701,1,1,0,0,2,3,0,0
316,19,100,10199002,300,1,0,0,2,3,0,0
316,20,100,2001,50,1,0,0,2,3,0,0
316,21,307,2106,1,1,0,0,2,3,1,0
316,22,3,0,1000000,1,0,0,2,4,0,0
316,23,2,0,100,1,0,0,2,4,0,0
316,24,4,0,300,1,0,0,2,4,0,0
316,25,100,1070001,300,1,0,0,2,4,0,0
316,26,100,1140003,150,1,0,0,2,4,0,0
316,27,100,2051,5,1,0,0,2,4,0,0
316,28,100,2704,1,1,0,0,2,4,1,0
316,29,3,0,1000000,1,0,0,2,5,0,0
316,30,2,0,100,1,0,0,2,5,0,0
316,31,100,3005,50,1,0,0,2,5,0,0
316,32,100,1020005,300,1,0,0,2,5,0,0
316,33,300,1110,1,1,0,0,2,5,0,0
316,34,100,1330003,50,1,0,0,2,5,0,0
316,35,300,1133,1,1,0,0,2,5,1,0
316,36,3,0,1000000,1,0,0,2,6,0,0
316,37,2,0,100,1,0,0,2,6,0,0
316,38,4,0,300,1,0,0,2,6,0,0
316,39,100,10199007,100,1,0,0,2,6,0,0
316,40,100,1140002,150,1,0,0,2,6,0,0
316,41,100,2051,5,1,0,0,2,6,0,0
316,42,307,2106,1,1,0,0,2,6,1,0
316,43,3,0,1000000,1,0,0,2,7,0,0
316,44,2,0,100,1,0,0,2,7,0,0
316,45,100,3005,50,1,0,0,2,7,0,0
316,46,300,1069,1,1,0,0,2,7,0,0
316,47,100,3503,30,1,0,0,2,7,0,0
316,48,100,2051,5,1,0,0,2,7,0,0
316,49,300,1133,1,1,0,0,2,7,1,0
316,50,3,0,1000000,1,0,0,2,8,0,0
316,51,2,0,100,1,0,0,2,8,0,0
316,52,4,0,300,1,0,0,2,8,0,0
316,53,300,1078,1,1,0,0,2,8,0,0
316,54,100,1140003,150,1,0,0,2,8,0,0
316,55,100,1330001,50,1,0,0,2,8,0,0
316,56,100,3971,1,1,0,0,2,8,1,0
317,1,307,2244,1,1,0,0,1,1,0,0
317,2,3,0,1000000,1,0,0,1,1,0,0
317,3,307,2244,1,1,0,0,1,1,0,0
317,4,307,16086,1,1,0,0,1,1,0,0
317,5,100,3505,20,1,0,0,1,1,0,0
317,6,28,0,60,1,0,0,1,1,0,0
317,7,100,1070001,300,1,0,0,1,1,1,0
318,1,100,1000114,100,1,0,0,1,1,0,0
318,2,3,0,1000000,1,0,0,1,1,0,0
318,3,307,2244,1,1,0,0,1,1,0,0
318,4,100,1110001,200,1,0,0,1,1,0,0
318,5,100,3505,20,1,0,0,1,1,0,0
318,6,28,0,60,1,0,0,1,1,0,0
318,7,100,394,10,1,0,0,1,1,1,0
319,1,2,0,100,1,0,0,1,1,0,0
319,2,3,0,1000000,1,0,0,1,1,0,0
319,3,307,2160,1,1,0,0,1,1,0,0
319,4,100,1020005,100,1,0,0,1,1,0,0
319,5,100,3505,20,1,0,0,1,1,0,0
319,6,28,0,60,1,0,0,1,1,0,0
319,7,100,1070001,300,1,0,0,1,1,1,0
320,1,307,2160,1,1,0,0,1,1,0,0
320,2,3,0,1000000,1,0,0,1,1,0,0
320,3,307,2160,1,1,0,0,1,1,0,0
320,4,307,16086,1,1,0,0,1,1,0,0
320,5,100,3505,20,1,0,0,1,1,0,0
320,6,28,0,60,1,0,0,1,1,0,0
320,7,100,1070001,300,1,0,0,1,1,1,0
321,1,100,300001196,1,1,0,0,1,1,0,0
321,2,100,1070001,300,1,0,0,1,1,0,0
321,3,28,0,100,1,0,0,1,1,0,0
321,4,100,1020005,300,1,0,0,1,1,0,0
321,5,100,1140002,200,1,0,0,1,1,0,0
321,6,100,3505,30,1,0,0,1,1,0,0
321,7,100,1140003,200,1,0,0,1,1,1,0
322,1,307,16134,1,1,0,0,1,1,0,0
322,2,2,0,110,1,0,0,1,1,0,0
322,3,300,1069,1,1,0,0,1,1,0,0
322,4,300,1078,1,1,0,0,1,1,0,0
322,5,100,1230001,200,1,0,0,1,1,0,0
322,6,100,1240002,200,1,0,0,1,1,0,0
322,7,100,1140001,200,1,0,0,1,1,1,0
323,1,3,0,1000000,1,0,0,2,1,0,0
323,2,2,0,100,1,0,0,2,1,0,0
323,3,100,3005,50,1,0,0,2,1,0,0
323,4,307,2160,1,1,0,0,2,1,0,0
323,5,100,10199001,300,1,0,0,2,1,0,0
323,6,100,2001,50,1,0,0,2,1,0,0
323,7,307,2248,1,1,0,0,2,1,1,0
323,8,3,0,1000000,1,0,0,2,2,0,0
323,9,2,0,100,1,0,0,2,2,0,0
323,10,4,0,300,1,0,0,2,2,0,0
323,11,100,1330002,50,1,0,0,2,2,0,0
323,12,100,1140002,150,1,0,0,2,2,0,0
323,13,100,2051,5,1,0,0,2,2,0,0
323,14,300,1133,1,1,0,0,2,2,1,0
323,15,3,0,1000000,1,0,0,2,3,0,0
323,16,2,0,100,1,0,0,2,3,0,0
323,17,100,3005,50,1,0,0,2,3,0,0
323,18,100,204010701,1,1,0,0,2,3,0,0
323,19,100,10199002,300,1,0,0,2,3,0,0
323,20,100,2001,50,1,0,0,2,3,0,0
323,21,307,2106,1,1,0,0,2,3,1,0
323,22,3,0,1000000,1,0,0,2,4,0,0
323,23,2,0,100,1,0,0,2,4,0,0
323,24,4,0,300,1,0,0,2,4,0,0
323,25,100,1070001,300,1,0,0,2,4,0,0
323,26,100,1140003,150,1,0,0,2,4,0,0
323,27,100,2051,5,1,0,0,2,4,0,0
323,28,100,2704,1,1,0,0,2,4,1,0
323,29,3,0,1000000,1,0,0,2,5,0,0
323,30,2,0,100,1,0,0,2,5,0,0
323,31,100,3005,50,1,0,0,2,5,0,0
323,32,100,1020005,300,1,0,0,2,5,0,0
323,33,300,1110,1,1,0,0,2,5,0,0
323,34,100,1330003,50,1,0,0,2,5,0,0
323,35,300,1133,1,1,0,0,2,5,1,0
323,36,3,0,1000000,1,0,0,2,6,0,0
323,37,2,0,100,1,0,0,2,6,0,0
323,38,4,0,300,1,0,0,2,6,0,0
323,39,100,10199007,100,1,0,0,2,6,0,0
323,40,100,1140002,150,1,0,0,2,6,0,0
323,41,100,2051,5,1,0,0,2,6,0,0
323,42,307,2106,1,1,0,0,2,6,1,0
323,43,3,0,1000000,1,0,0,2,7,0,0
323,44,2,0,100,1,0,0,2,7,0,0
323,45,100,3005,50,1,0,0,2,7,0,0
323,46,300,1069,1,1,0,0,2,7,0,0
323,47,100,3503,30,1,0,0,2,7,0,0
323,48,100,2051,5,1,0,0,2,7,0,0
323,49,300,1133,1,1,0,0,2,7,1,0
323,50,3,0,1000000,1,0,0,2,8,0,0
323,51,2,0,100,1,0,0,2,8,0,0
323,52,4,0,300,1,0,0,2,8,0,0
323,53,300,1078,1,1,0,0,2,8,0,0
323,54,100,1140003,150,1,0,0,2,8,0,0
323,55,100,1330001,50,1,0,0,2,8,0,0
323,56,100,3971,1,1,0,0,2,8,1,0
324,1,307,2160,1,1,0,0,1,1,0,0
324,2,3,0,1000000,1,0,0,1,1,0,0
324,3,307,2160,1,1,0,0,1,1,0,0
324,4,307,16086,1,1,0,0,1,1,0,0
324,5,100,3505,20,1,0,0,1,1,0,0
324,6,28,0,60,1,0,0,1,1,0,0
324,7,100,1070001,300,1,0,0,1,1,1,0
325,1,100,1000009,100,1,0,0,1,1,0,0
325,2,3,0,1000000,1,0,0,1,1,0,0
325,3,307,2160,1,1,0,0,1,1,0,0
325,4,100,1110001,300,1,0,0,1,1,0,0
325,5,100,3505,20,1,0,0,1,1,0,0
325,6,28,0,60,1,0,0,1,1,0,0
325,7,100,1070001,300,1,0,0,1,1,1,0
326,1,307,2244,1,1,0,0,1,1,0,0
326,2,3,0,1000000,1,0,0,1,1,0,0
326,3,307,2244,1,1,0,0,1,1,0,0
326,4,307,16086,1,1,0,0,1,1,0,0
326,5,100,3505,20,1,0,0,1,1,0,0
326,6,28,0,60,1,0,0,1,1,0,0
326,7,100,1070001,300,1,0,0,1,1,1,0
327,1,307,2244,1,1,0,0,1,1,0,0
327,2,3,0,1000000,1,0,0,1,1,0,0
327,3,307,2244,1,1,0,0,1,1,0,0
327,4,100,1110001,300,1,0,0,1,1,0,0
327,5,100,3505,20,1,0,0,1,1,0,0
327,6,28,0,60,1,0,0,1,1,0,0
327,7,100,417,15,1,0,0,1,1,1,0
328,1,2,0,100,1,0,0,1,1,0,0
328,2,3,0,1000000,1,0,0,1,1,0,0
328,3,307,2160,1,1,0,0,1,1,0,0
328,4,100,1020005,100,1,0,0,1,1,0,0
328,5,100,3505,20,1,0,0,1,1,0,0
328,6,28,0,60,1,0,0,1,1,0,0
328,7,100,1070001,300,1,0,0,1,1,1,0
329,1,300,1667,1,1,0,0,1,1,0,0
329,2,3,0,2000000,1,0,0,1,1,0,0
329,3,307,2205,1,1,0,0,1,1,0,0
329,4,307,16086,1,1,0,0,1,1,0,0
329,5,100,3505,20,1,0,0,1,1,0,0
329,6,28,0,60,1,0,0,1,1,0,0
329,7,100,1070001,300,1,0,0,1,1,1,0
330,1,3,0,1000000,1,0,0,2,1,0,0
330,2,2,0,100,1,0,0,2,1,0,0
330,3,100,3005,50,1,0,0,2,1,0,0
330,4,307,2160,1,1,0,0,2,1,0,0
330,5,100,10199001,300,1,0,0,2,1,0,0
330,6,100,2001,50,1,0,0,2,1,0,0
330,7,307,2248,1,1,0,0,2,1,1,0
330,8,3,0,1000000,1,0,0,2,2,0,0
330,9,2,0,100,1,0,0,2,2,0,0
330,10,4,0,300,1,0,0,2,2,0,0
330,11,100,1330002,50,1,0,0,2,2,0,0
330,12,100,1140002,150,1,0,0,2,2,0,0
330,13,100,2051,5,1,0,0,2,2,0,0
330,14,300,1133,1,1,0,0,2,2,1,0
330,15,3,0,1000000,1,0,0,2,3,0,0
330,16,2,0,100,1,0,0,2,3,0,0
330,17,100,3005,50,1,0,0,2,3,0,0
330,18,100,204010701,1,1,0,0,2,3,0,0
330,19,100,10199002,300,1,0,0,2,3,0,0
330,20,100,2001,50,1,0,0,2,3,0,0
330,21,307,2106,1,1,0,0,2,3,1,0
330,22,3,0,1000000,1,0,0,2,4,0,0
330,23,2,0,100,1,0,0,2,4,0,0
330,24,4,0,300,1,0,0,2,4,0,0
330,25,100,1070001,300,1,0,0,2,4,0,0
330,26,100,1140003,150,1,0,0,2,4,0,0
330,27,100,2051,5,1,0,0,2,4,0,0
330,28,100,2704,1,1,0,0,2,4,1,0
330,29,3,0,1000000,1,0,0,2,5,0,0
330,30,2,0,100,1,0,0,2,5,0,0
330,31,100,3005,50,1,0,0,2,5,0,0
330,32,100,1020005,300,1,0,0,2,5,0,0
330,33,300,1110,1,1,0,0,2,5,0,0
330,34,100,1330003,50,1,0,0,2,5,0,0
330,35,300,1133,1,1,0,0,2,5,1,0
330,36,3,0,1000000,1,0,0,2,6,0,0
330,37,2,0,100,1,0,0,2,6,0,0
330,38,4,0,300,1,0,0,2,6,0,0
330,39,100,10199007,100,1,0,0,2,6,0,0
330,40,100,1140002,150,1,0,0,2,6,0,0
330,41,100,2051,5,1,0,0,2,6,0,0
330,42,307,2106,1,1,0,0,2,6,1,0
330,43,3,0,1000000,1,0,0,2,7,0,0
330,44,2,0,100,1,0,0,2,7,0,0
330,45,100,3005,50,1,0,0,2,7,0,0
330,46,300,1069,1,1,0,0,2,7,0,0
330,47,100,3503,30,1,0,0,2,7,0,0
330,48,100,2051,5,1,0,0,2,7,0,0
330,49,300,1133,1,1,0,0,2,7,1,0
330,50,3,0,1000000,1,0,0,2,8,0,0
330,51,2,0,100,1,0,0,2,8,0,0
330,52,4,0,300,1,0,0,2,8,0,0
330,53,300,1078,1,1,0,0,2,8,0,0
330,54,100,1140003,150,1,0,0,2,8,0,0
330,55,100,1330001,50,1,0,0,2,8,0,0
330,56,100,3971,1,1,0,0,2,8,1,0
331,1,100,1000018,200,1,0,0,1,1,0,0
331,2,3,0,2000000,1,0,0,1,1,0,0
331,3,100,1000133,200,1,0,0,1,1,0,0
331,4,100,1020005,200,1,0,0,1,1,0,0
331,5,100,3505,20,1,0,0,1,1,0,0
331,6,28,0,60,1,0,0,1,1,0,0
331,7,100,1070001,300,1,0,0,1,1,1,0
332,1,2,0,100,1,0,0,1,1,0,0
332,2,3,0,1000000,1,0,0,1,1,0,0
332,3,307,2160,1,1,0,0,1,1,0,0
332,4,100,1020005,200,1,0,0,1,1,0,0
332,5,100,3505,20,1,0,0,1,1,0,0
332,6,28,0,60,1,0,0,1,1,0,0
332,7,100,1070001,300,1,0,0,1,1,1,0
1001,1,3,0,100000,1,0,0,3,1,0,300
1001,2,100,3005,50,1,0,0,3,1,0,425
1001,3,2,0,100,1,0,0,3,1,0,550
1001,4,100,3505,10,1,0,0,3,1,0,675
1001,5,3,0,100000,1,0,0,3,1,0,800
1001,6,28,0,50,1,0,0,3,1,0,925
1001,7,307,2160,1,1,0,0,3,1,0,1050
1001,8,3,0,100000,1,0,0,3,2,0,1175
1001,9,100,3005,50,1,0,0,3,2,0,1300
1001,10,2,0,100,1,0,0,3,2,0,1425
1001,11,100,10199007,50,1,0,0,3,2,0,1550
1001,12,3,0,100000,1,0,0,3,2,0,1675
1001,13,100,2001,50,1,0,0,3,2,0,1800
1001,14,307,2162,1,1,0,0,3,2,0,1925
1001,15,3,0,100000,1,0,0,3,3,0,2050
1001,16,100,3005,50,1,0,0,3,3,0,2175
1001,17,2,0,100,1,0,0,3,3,0,2300
1001,18,100,3505,10,1,0,0,3,3,0,2425
1001,19,3,0,100000,1,0,0,3,3,0,2550
1001,20,28,0,50,1,0,0,3,3,0,2675
1001,21,307,2160,1,1,0,0,3,3,0,2800
1001,22,3,0,100000,1,0,0,3,4,0,2925
1001,23,100,3005,50,1,0,0,3,4,0,3050
1001,24,2,0,100,1,0,0,3,4,0,3175
1001,25,100,10199007,50,1,0,0,3,4,0,3300
1001,26,3,0,100000,1,0,0,3,4,0,3425
1001,27,100,2001,50,1,0,0,3,4,0,3550
1001,28,307,2162,1,1,0,0,3,4,0,3675
1002,1,3,0,100000,1,0,0,3,1,0,300
1002,2,100,3005,50,1,0,0,3,1,0,425
1002,3,2,0,150,1,0,0,3,1,0,550
1002,4,100,3505,10,1,0,0,3,1,0,675
1002,5,3,0,100000,1,0,0,3,1,0,800
1002,6,28,0,100,1,0,0,3,1,0,925
1002,7,307,2160,1,1,0,0,3,1,0,1050
1002,8,3,0,100000,1,0,0,3,2,0,1175
1002,9,100,3005,50,1,0,0,3,2,0,1300
1002,10,2,0,150,1,0,0,3,2,0,1425
1002,11,100,10199007,50,1,0,0,3,2,0,1550
1002,12,3,0,100000,1,0,0,3,2,0,1675
1002,13,100,2001,50,1,0,0,3,2,0,1800
1002,14,307,2162,1,1,0,0,3,2,0,1925
1002,15,3,0,100000,1,0,0,3,3,0,2050
1002,16,100,3005,50,1,0,0,3,3,0,2175
1002,17,2,0,150,1,0,0,3,3,0,2300
1002,18,100,3505,10,1,0,0,3,3,0,2425
1002,19,3,0,100000,1,0,0,3,3,0,2550
1002,20,28,0,100,1,0,0,3,3,0,2675
1002,21,307,2160,1,1,0,0,3,3,0,2800
1002,22,3,0,100000,1,0,0,3,4,0,2925
1002,23,100,3005,50,1,0,0,3,4,0,3050
1002,24,2,0,150,1,0,0,3,4,0,3175
1002,25,100,10199007,50,1,0,0,3,4,0,3300
1002,26,3,0,100000,1,0,0,3,4,0,3425
1002,27,100,2001,50,1,0,0,3,4,0,3550
1002,28,307,2162,1,1,0,0,3,4,0,3675
1003,1,3,0,1000000,1,0,0,3,1,0,300
1003,2,100,3005,50,1,0,0,3,1,0,425
1003,3,2,0,150,1,0,0,3,1,0,550
1003,4,100,3505,10,1,0,0,3,1,0,675
1003,5,3,0,1000000,1,0,0,3,1,0,800
1003,6,28,0,100,1,0,0,3,1,0,925
1003,7,307,2160,1,1,0,0,3,1,0,1050
1003,8,3,0,1000000,1,0,0,3,2,0,1175
1003,9,100,3005,50,1,0,0,3,2,0,1300
1003,10,2,0,150,1,0,0,3,2,0,1425
1003,11,100,10199007,50,1,0,0,3,2,0,1550
1003,12,3,0,1000000,1,0,0,3,2,0,1675
1003,13,100,2051,20,1,0,0,3,2,0,1800
1003,14,307,2160,1,1,0,0,3,2,0,1925
1003,15,3,0,1000000,1,0,0,3,3,0,2050
1003,16,100,3005,50,1,0,0,3,3,0,2175
1003,17,2,0,150,1,0,0,3,3,0,2300
1003,18,100,3505,10,1,0,0,3,3,0,2425
1003,19,3,0,1000000,1,0,0,3,3,0,2550
1003,20,28,0,100,1,0,0,3,3,0,2675
1003,21,307,2160,1,1,0,0,3,3,0,2800
1003,22,3,0,1000000,1,0,0,3,4,0,2925
1003,23,100,3005,50,1,0,0,3,4,0,3050
1003,24,2,0,150,1,0,0,3,4,0,3175
1003,25,100,10199007,50,1,0,0,3,4,0,3300
1003,26,3,0,1000000,1,0,0,3,4,0,3425
1003,27,100,2051,20,1,0,0,3,4,0,3550
1003,28,307,2160,1,1,0,0,3,4,0,3675
